module,d_in,a,b,k,m,null_kind,n_blocks,raw,cond,null_iso,null_act_raw,null_act_cond,excess_over_iso,excess_raw,excess_cond,h0_excess,excess_raw_corrected
encoder.layers.0.self_attn.q_proj,768,dtd,eurosat,8,18,lora,24,0.6772293448448181,0.6776963472366333,0.010416666666666666,0.5186201296746731,0.5185874411836267,0.6668126781781515,0.15860921517014503,0.15910890605300665,0.0,0.15860921517014503
encoder.layers.0.self_attn.q_proj,768,dtd,gtsrb,8,18,lora,24,0.6908331513404846,0.693818211555481,0.010416666666666666,0.5120426076464355,0.5127136595547199,0.680416484673818,0.17879054369404912,0.18110455200076103,0.0,0.17879054369404912
encoder.layers.0.self_attn.q_proj,768,dtd,mnist,8,18,lora,24,0.6900355815887451,0.6934689283370972,0.010416666666666666,0.5122416643425822,0.5127853411249816,0.6796189149220785,0.1777939172461629,0.18068358721211553,0.0,0.1777939172461629
encoder.layers.0.self_attn.q_proj,768,dtd,resisc45,8,18,lora,24,0.7592363953590393,0.7614043951034546,0.010416666666666666,0.5199824548326433,0.520495718345046,0.7488197286923727,0.23925394052639604,0.24090867675840855,0.0,0.23925394052639604
encoder.layers.0.self_attn.q_proj,768,dtd,stanford-cars,8,18,lora,24,0.6849903464317322,0.6860612630844116,0.010416666666666666,0.5146894189529121,0.5152317360043526,0.6745736797650655,0.17030092747882009,0.17082952708005905,0.0,0.17030092747882009
encoder.layers.0.self_attn.q_proj,768,dtd,sun397,8,18,lora,24,0.694061279296875,0.6945499777793884,0.010416666666666666,0.5093374685384333,0.5098274359479547,0.6836446126302084,0.1847238107584417,0.18472254183143377,0.0,0.1847238107584417
encoder.layers.0.self_attn.q_proj,768,dtd,svhn,8,18,lora,24,0.7043457627296448,0.7043312788009644,0.010416666666666666,0.5115436320193112,0.5119666685350239,0.6939290960629781,0.19280213071033359,0.19236461026594043,0.0,0.19280213071033359
encoder.layers.0.self_attn.q_proj,768,eurosat,gtsrb,8,18,lora,24,0.7523802518844604,0.7542592287063599,0.010416666666666666,0.5047400859184563,0.5051027867011726,0.7419635852177938,0.24764016596600413,0.24915644200518727,0.0,0.24764016596600413
encoder.layers.0.self_attn.q_proj,768,eurosat,mnist,8,18,lora,24,0.6899040341377258,0.6925185918807983,0.010416666666666666,0.5012366129085422,0.5015568840317428,0.6794873674710592,0.18866742122918367,0.19096170784905553,0.0,0.18866742122918367
encoder.layers.0.self_attn.q_proj,768,eurosat,resisc45,8,18,lora,24,0.6559049487113953,0.6577224135398865,0.010416666666666666,0.5062365783378482,0.5072673885151744,0.6454882820447286,0.14966837037354708,0.15045502502471209,0.0,0.14966837037354708
encoder.layers.0.self_attn.q_proj,768,eurosat,stanford-cars,8,18,lora,24,0.6095592379570007,0.6149109601974487,0.010416666666666666,0.5037101954221725,0.5045123184099793,0.5991425712903341,0.10584904253482819,0.11039864178746939,0.0,0.10584904253482819
encoder.layers.0.self_attn.q_proj,768,eurosat,sun397,8,18,lora,24,0.6653082370758057,0.6623736023902893,0.010416666666666666,0.5069546909071505,0.5075300191529095,0.654891570409139,0.15835354616865516,0.1548435832373798,0.0,0.15835354616865516
encoder.layers.0.self_attn.q_proj,768,eurosat,svhn,8,18,lora,24,0.7153862118721008,0.7141021490097046,0.010416666666666666,0.5095961494371295,0.5100471517071128,0.7049695452054342,0.20579006243497133,0.2040549973025918,0.0,0.20579006243497133
encoder.layers.0.self_attn.q_proj,768,gtsrb,mnist,8,18,lora,24,0.7680285573005676,0.7677809000015259,0.010416666666666666,0.5170583738945425,0.5167784281075001,0.757611890633901,0.25097018340602517,0.2510024718940258,0.0,0.25097018340602517
encoder.layers.0.self_attn.q_proj,768,gtsrb,resisc45,8,18,lora,24,0.7542721629142761,0.755445122718811,0.010416666666666666,0.5078144678846002,0.5079841814003885,0.7438554962476095,0.24645769502967596,0.24746094131842256,0.0,0.24645769502967596
encoder.layers.0.self_attn.q_proj,768,gtsrb,stanford-cars,8,18,lora,24,0.7214961051940918,0.7250226736068726,0.010416666666666666,0.5048029175959527,0.5053972215391695,0.7110794385274252,0.21669318759813905,0.219625452067703,0.0,0.21669318759813905
encoder.layers.0.self_attn.q_proj,768,gtsrb,sun397,8,18,lora,24,0.6534553170204163,0.6539339423179626,0.010416666666666666,0.5123646627180278,0.512446507345885,0.6430386503537496,0.14109065430238843,0.1414874349720776,0.0,0.14109065430238843
encoder.layers.0.self_attn.q_proj,768,gtsrb,svhn,8,18,lora,24,0.7589555382728577,0.7578577995300293,0.010416666666666666,0.508356109727174,0.5088881920091808,0.748538871606191,0.2505994285456836,0.2489696075208485,0.0,0.2505994285456836
encoder.layers.0.self_attn.q_proj,768,mnist,resisc45,8,18,lora,24,0.7438398599624634,0.74861741065979,0.010416666666666666,0.5070603382773697,0.5081936377100646,0.7334231932957967,0.23677952168509364,0.2404237729497254,0.0,0.23677952168509364
encoder.layers.0.self_attn.q_proj,768,mnist,stanford-cars,8,18,lora,24,0.6549010872840881,0.6553851962089539,0.010416666666666666,0.5102101862430573,0.5105247353203595,0.6444844206174215,0.14469090104103088,0.1448604608885944,0.0,0.14469090104103088
encoder.layers.0.self_attn.q_proj,768,mnist,sun397,8,18,lora,24,0.6461113691329956,0.6486451625823975,0.010416666666666666,0.5151198534294963,0.5157340001314878,0.635694702466329,0.13099151570349932,0.13291116245090961,0.0,0.13099151570349932
encoder.layers.0.self_attn.q_proj,768,mnist,svhn,8,18,lora,24,0.7135818004608154,0.7139539122581482,0.010416666666666666,0.5052712615579367,0.5059523684903979,0.7031651337941488,0.20831053890287876,0.20800154376775026,0.0,0.20831053890287876
encoder.layers.0.self_attn.q_proj,768,resisc45,stanford-cars,8,18,lora,24,0.6967570781707764,0.7017724514007568,0.010416666666666666,0.5142393126152456,0.5147108309902251,0.6863404115041097,0.1825177655555308,0.18706162041053176,0.0,0.1825177655555308
encoder.layers.0.self_attn.q_proj,768,resisc45,sun397,8,18,lora,24,0.6936118602752686,0.6942354440689087,0.010416666666666666,0.5185973807238042,0.5193130825646222,0.6831951936086019,0.17501447955146432,0.17492236150428653,0.0,0.17501447955146432
encoder.layers.0.self_attn.q_proj,768,resisc45,svhn,8,18,lora,24,0.7488694787025452,0.7493110299110413,0.010416666666666666,0.5090274722315371,0.5093367635272443,0.7384528120358785,0.23984200647100806,0.23997426638379693,0.0,0.23984200647100806
encoder.layers.0.self_attn.q_proj,768,stanford-cars,sun397,8,18,lora,24,0.5977762937545776,0.6006821990013123,0.010416666666666666,0.5053938748314977,0.5063347425311804,0.587359627087911,0.09238241892307997,0.09434745647013187,0.0,0.09238241892307997
encoder.layers.0.self_attn.q_proj,768,stanford-cars,svhn,8,18,lora,24,0.6551558971405029,0.6571977138519287,0.010416666666666666,0.505229908041656,0.505297502502799,0.6447392304738363,0.1499259890988469,0.15190021134912968,0.0,0.1499259890988469
encoder.layers.0.self_attn.q_proj,768,sun397,svhn,8,18,lora,24,0.6778457760810852,0.67756187915802,0.010416666666666666,0.5124283996410668,0.5124353030696511,0.6674291094144186,0.16541737644001842,0.1651265760883689,0.0,0.16541737644001842
encoder.layers.0.self_attn.v_proj,768,dtd,eurosat,8,18,lora,24,0.7927162647247314,0.7930643558502197,0.010416666666666666,0.5047408030368388,0.5050782733596861,0.7822995980580648,0.2879754616878927,0.2879860824905336,0.0,0.2879754616878927
encoder.layers.0.self_attn.v_proj,768,dtd,gtsrb,8,18,lora,24,0.746492862701416,0.7492596507072449,0.010416666666666666,0.5074482010677457,0.5073691667057574,0.7360761960347494,0.23904466163367033,0.2418904840014875,0.0,0.23904466163367033
encoder.layers.0.self_attn.v_proj,768,dtd,mnist,8,18,lora,24,0.7215819358825684,0.7249337434768677,0.010416666666666666,0.5104702017270029,0.510662357788533,0.7111652692159017,0.2111117341555655,0.2142713856883347,0.0,0.2111117341555655
encoder.layers.0.self_attn.v_proj,768,dtd,resisc45,8,18,lora,24,0.8878072500228882,0.8901423215866089,0.010416666666666666,0.4989924170076847,0.4993587560020387,0.8773905833562216,0.3888148330152035,0.39078356558457017,0.0,0.3888148330152035
encoder.layers.0.self_attn.v_proj,768,dtd,stanford-cars,8,18,lora,24,0.8549134135246277,0.8552326560020447,0.010416666666666666,0.49319687066599727,0.4934766576625407,0.8444967468579611,0.3617165428586304,0.361755998339504,0.0,0.3617165428586304
encoder.layers.0.self_attn.v_proj,768,dtd,sun397,8,18,lora,24,0.8613927960395813,0.861426830291748,0.010416666666666666,0.5080318707041442,0.5081431232392788,0.8509761293729147,0.35336092533543706,0.35328370705246925,0.0,0.35336092533543706
encoder.layers.0.self_attn.v_proj,768,dtd,svhn,8,18,lora,24,0.7698188424110413,0.770517885684967,0.010416666666666666,0.5085615958087146,0.508810899220407,0.7594021757443746,0.26125724660232663,0.26170698646456003,0.0,0.26125724660232663
encoder.layers.0.self_attn.v_proj,768,eurosat,gtsrb,8,18,lora,24,0.7577104568481445,0.7612320184707642,0.010416666666666666,0.5095244804397225,0.5096719791181386,0.7472937901814779,0.248185976408422,0.2515600393526256,0.0,0.248185976408422
encoder.layers.0.self_attn.v_proj,768,eurosat,mnist,8,18,lora,24,0.7235528826713562,0.7240641713142395,0.010416666666666666,0.5112758460454643,0.5115117314271629,0.7131362160046896,0.21227703662589192,0.21255243988707662,0.0,0.21227703662589192
encoder.layers.0.self_attn.v_proj,768,eurosat,resisc45,8,18,lora,24,0.7952709197998047,0.7963780760765076,0.010416666666666666,0.508399736136198,0.5086846519261599,0.7848542531331381,0.28687118366360664,0.2876934241503477,0.0,0.28687118366360664
encoder.layers.0.self_attn.v_proj,768,eurosat,stanford-cars,8,18,lora,24,0.7556795477867126,0.7582798004150391,0.010416666666666666,0.5041405791416764,0.5042343991808593,0.745262881120046,0.2515389686450362,0.25404540123417974,0.0,0.2515389686450362
encoder.layers.0.self_attn.v_proj,768,eurosat,sun397,8,18,lora,24,0.8245124220848083,0.824266254901886,0.010416666666666666,0.5017295642755926,0.5018679546192288,0.8140957554181417,0.3227828578092158,0.32239830028265715,0.0,0.3227828578092158
encoder.layers.0.self_attn.v_proj,768,eurosat,svhn,8,18,lora,24,0.8277668952941895,0.8284727334976196,0.010416666666666666,0.5011248202063143,0.5012464094907045,0.8173502286275228,0.32664207508787513,0.3272263240069151,0.0,0.32664207508787513
encoder.layers.0.self_attn.v_proj,768,gtsrb,mnist,8,18,lora,24,0.865841805934906,0.8661845326423645,0.010416666666666666,0.5052110585384071,0.5053836866281927,0.8554251392682394,0.3606307473964989,0.36080084601417184,0.0,0.3606307473964989
encoder.layers.0.self_attn.v_proj,768,gtsrb,resisc45,8,18,lora,24,0.8503182530403137,0.8511682748794556,0.010416666666666666,0.5071968412958086,0.5069647934287786,0.8399015863736471,0.34312141174450517,0.3442034814506769,0.0,0.34312141174450517
encoder.layers.0.self_attn.v_proj,768,gtsrb,stanford-cars,8,18,lora,24,0.8515750765800476,0.8545694351196289,0.010416666666666666,0.5087387231178582,0.5086974394507706,0.841158409913381,0.34283635346218944,0.3458719956688583,0.0,0.34283635346218944
encoder.layers.0.self_attn.v_proj,768,gtsrb,sun397,8,18,lora,24,0.8260741233825684,0.8295260071754456,0.010416666666666666,0.4995619095861912,0.49917546147480607,0.8156574567159017,0.3265122137963772,0.3303505457006395,0.0,0.3265122137963772
encoder.layers.0.self_attn.v_proj,768,gtsrb,svhn,8,18,lora,24,0.7894923686981201,0.7917372584342957,0.010416666666666666,0.5070750429295003,0.5068402299657464,0.7790757020314535,0.2824173257686198,0.28489702846854925,0.0,0.2824173257686198
encoder.layers.0.self_attn.v_proj,768,mnist,resisc45,8,18,lora,24,0.7939798831939697,0.7961874008178711,0.010416666666666666,0.5106557672843337,0.5109968301840127,0.7835632165273031,0.283324115909636,0.28519057063385844,0.0,0.283324115909636
encoder.layers.0.self_attn.v_proj,768,mnist,stanford-cars,8,18,lora,24,0.8129289746284485,0.8147078156471252,0.010416666666666666,0.5023730625398457,0.5027888207696378,0.8025123079617819,0.3105559120886028,0.3119189948774874,0.0,0.3105559120886028
encoder.layers.0.self_attn.v_proj,768,mnist,sun397,8,18,lora,24,0.8096389770507812,0.8126927614212036,0.010416666666666666,0.5002978737466037,0.5005060168914497,0.7992223103841146,0.3093411033041775,0.3121867445297539,0.0,0.3093411033041775
encoder.layers.0.self_attn.v_proj,768,mnist,svhn,8,18,lora,24,0.7491620779037476,0.7495831251144409,0.010416666666666666,0.5110616330057383,0.5112722064368427,0.7387454112370809,0.2381004448980093,0.23831091867759824,0.0,0.2381004448980093
encoder.layers.0.self_attn.v_proj,768,resisc45,stanford-cars,8,18,lora,24,0.852604329586029,0.854964554309845,0.010416666666666666,0.5035037398338318,0.5036073406226933,0.8421876629193624,0.34910058975219727,0.35135721368715167,0.0,0.34910058975219727
encoder.layers.0.self_attn.v_proj,768,resisc45,sun397,8,18,lora,24,0.8558996915817261,0.8581703901290894,0.010416666666666666,0.5045881755650043,0.5049091354012489,0.8454830249150594,0.3513115160167217,0.3532612547278404,0.0,0.3513115160167217
encoder.layers.0.self_attn.v_proj,768,resisc45,svhn,8,18,lora,24,0.799083411693573,0.79936683177948,0.010416666666666666,0.5044495183974504,0.5043255453929305,0.7886667450269064,0.29463389329612255,0.2950412863865495,0.0,0.29463389329612255
encoder.layers.0.self_attn.v_proj,768,stanford-cars,sun397,8,18,lora,24,0.9344698190689087,0.9350242018699646,0.010416666666666666,0.5069350115954876,0.507191906683147,0.9240531524022421,0.4275348074734211,0.42783229518681765,0.0,0.4275348074734211
encoder.layers.0.self_attn.v_proj,768,stanford-cars,svhn,8,18,lora,24,0.7472550868988037,0.7475927472114563,0.010416666666666666,0.5048991646617651,0.5050884084776044,0.7368384202321371,0.2423559222370386,0.2425043387338519,0.0,0.2423559222370386
encoder.layers.0.self_attn.v_proj,768,sun397,svhn,8,18,lora,24,0.7864357233047485,0.787391722202301,0.010416666666666666,0.5057224542833865,0.5057343430817127,0.7760190566380819,0.28071326902136207,0.2816573791205883,0.0,0.28071326902136207
encoder.layers.1.self_attn.q_proj,768,dtd,eurosat,8,26,lora,29,0.6140627861022949,0.6154926419258118,0.010416666666666666,0.5111512513831258,0.5111632635816932,0.6036461194356283,0.10291153471916914,0.1043293783441186,0.0,0.10291153471916914
encoder.layers.1.self_attn.q_proj,768,dtd,gtsrb,8,26,lora,29,0.6458101272583008,0.6444092392921448,0.010416666666666666,0.5033452194184065,0.5024292408488691,0.6353934605916342,0.1424649078398943,0.1419799984432757,0.0,0.1424649078398943
encoder.layers.1.self_attn.q_proj,768,dtd,mnist,8,26,lora,29,0.6660144925117493,0.6597618460655212,0.010416666666666666,0.5111212749034166,0.5114742848090827,0.6555978258450826,0.15489321760833263,0.1482875612564385,0.0,0.15489321760833263
encoder.layers.1.self_attn.q_proj,768,dtd,resisc45,8,26,lora,29,0.7101947665214539,0.7110750675201416,0.010416666666666666,0.5157295684330165,0.5150960264727473,0.6997780998547872,0.19446519808843732,0.19597904104739428,0.0,0.19446519808843732
encoder.layers.1.self_attn.q_proj,768,dtd,stanford-cars,8,26,lora,29,0.6719707250595093,0.6670216917991638,0.010416666666666666,0.5140680721960962,0.5133900442160666,0.6615540583928426,0.1579026528634131,0.15363164758309722,0.0,0.1579026528634131
encoder.layers.1.self_attn.q_proj,768,dtd,sun397,8,26,lora,29,0.677184522151947,0.669205367565155,0.010416666666666666,0.5126866241917014,0.5116748954169452,0.6667678554852804,0.1644978979602456,0.1575304721482098,0.0,0.1644978979602456
encoder.layers.1.self_attn.q_proj,768,dtd,svhn,8,26,lora,29,0.6671725511550903,0.6590237617492676,0.010416666666666666,0.5080470074899495,0.507662067655474,0.6567558844884237,0.15912554366514087,0.15136169409379363,0.0,0.15912554366514087
encoder.layers.1.self_attn.q_proj,768,eurosat,gtsrb,8,26,lora,29,0.7307720184326172,0.730948269367218,0.010416666666666666,0.5107096126303077,0.5104924002662301,0.7203553517659506,0.2200624058023095,0.2204558691009879,0.0,0.2200624058023095
encoder.layers.1.self_attn.q_proj,768,eurosat,mnist,8,26,lora,29,0.6982623934745789,0.6987465620040894,0.010416666666666666,0.5065976628102362,0.5062554776668549,0.6878457268079122,0.19166473066434264,0.1924910843372345,0.0,0.19166473066434264
encoder.layers.1.self_attn.q_proj,768,eurosat,resisc45,8,26,lora,29,0.6402382254600525,0.6421465873718262,0.010416666666666666,0.5006895796395838,0.5005465773865581,0.6298215587933859,0.13954864582046866,0.14160000998526812,0.0,0.13954864582046866
encoder.layers.1.self_attn.q_proj,768,eurosat,stanford-cars,8,26,lora,29,0.6857780814170837,0.6915814876556396,0.010416666666666666,0.5082864123396575,0.5076053687371314,0.6753614147504171,0.1774916690774262,0.1839761189185083,0.0,0.1774916690774262
encoder.layers.1.self_attn.q_proj,768,eurosat,sun397,8,26,lora,29,0.606297492980957,0.6135530471801758,0.010416666666666666,0.5177277559414506,0.5165789956226945,0.5958808263142904,0.08856973703950644,0.09697405155748129,0.0,0.08856973703950644
encoder.layers.1.self_attn.q_proj,768,eurosat,svhn,8,26,lora,29,0.7159950137138367,0.7157528400421143,0.010416666666666666,0.50405517173931,0.5036539882421494,0.70557834704717,0.21193984197452664,0.2120988517999649,0.0,0.21193984197452664
encoder.layers.1.self_attn.q_proj,768,gtsrb,mnist,8,26,lora,29,0.7129798531532288,0.7115171551704407,0.010416666666666666,0.502751731313765,0.5021187430247664,0.7025631864865621,0.2102281218394637,0.20939841214567423,0.0,0.2102281218394637
encoder.layers.1.self_attn.q_proj,768,gtsrb,resisc45,8,26,lora,29,0.7141391634941101,0.7135038375854492,0.010416666666666666,0.5092671625316143,0.5081187770701945,0.7037224968274435,0.2048720009624958,0.20538506051525474,0.0,0.2048720009624958
encoder.layers.1.self_attn.q_proj,768,gtsrb,stanford-cars,8,26,lora,29,0.7145101428031921,0.7099241614341736,0.010416666666666666,0.5108214425854385,0.5093468064442277,0.7040934761365255,0.20368870021775365,0.2005773549899459,0.0,0.20368870021775365
encoder.layers.1.self_attn.q_proj,768,gtsrb,sun397,8,26,lora,29,0.6860760450363159,0.6916422843933105,0.010416666666666666,0.5184834012761712,0.5179196167737246,0.6756593783696493,0.1675926437601447,0.173722667619586,0.0,0.1675926437601447
encoder.layers.1.self_attn.q_proj,768,gtsrb,svhn,8,26,lora,29,0.7192562222480774,0.7190592288970947,0.010416666666666666,0.5076624969951808,0.5073116715066135,0.7088395555814108,0.21159372525289655,0.21174755739048123,0.0,0.21159372525289655
encoder.layers.1.self_attn.q_proj,768,mnist,resisc45,8,26,lora,29,0.617063045501709,0.6183415055274963,0.010416666666666666,0.49650319665670395,0.4963535601273179,0.6066463788350424,0.12055984884500504,0.12198794540017843,0.0,0.12055984884500504
encoder.layers.1.self_attn.q_proj,768,mnist,stanford-cars,8,26,lora,29,0.6468287706375122,0.6451997756958008,0.010416666666666666,0.5039269528351724,0.5052714925259352,0.6364121039708456,0.1429018178023398,0.1399282831698656,0.0,0.1429018178023398
encoder.layers.1.self_attn.q_proj,768,mnist,sun397,8,26,lora,29,0.6681233644485474,0.674606442451477,0.010416666666666666,0.5073159011080861,0.5059035872109234,0.6577066977818807,0.16080746334046125,0.16870285524055362,0.0,0.16080746334046125
encoder.layers.1.self_attn.q_proj,768,mnist,svhn,8,26,lora,29,0.6549490690231323,0.6560533046722412,0.010416666666666666,0.5100071402266622,0.5093005914241076,0.6445324023564657,0.14494192879647017,0.14675271324813366,0.0,0.14494192879647017
encoder.layers.1.self_attn.q_proj,768,resisc45,stanford-cars,8,26,lora,29,0.6831221580505371,0.6757903695106506,0.010416666666666666,0.5117729720659554,0.5117802452296019,0.6727054913838705,0.1713491859845817,0.16401012428104877,0.0,0.1713491859845817
encoder.layers.1.self_attn.q_proj,768,resisc45,sun397,8,26,lora,29,0.6833614110946655,0.6792923212051392,0.010416666666666666,0.5243190457113087,0.5232902741990983,0.6729447444279989,0.1590423653833568,0.1560020470060408,0.0,0.1590423653833568
encoder.layers.1.self_attn.q_proj,768,resisc45,svhn,8,26,lora,29,0.6992385983467102,0.697371244430542,0.010416666666666666,0.4930700366385281,0.4928662497550249,0.6888219316800436,0.2061685617081821,0.20450499467551708,0.0,0.2061685617081821
encoder.layers.1.self_attn.q_proj,768,stanford-cars,sun397,8,26,lora,29,0.7114939093589783,0.7189462184906006,0.010416666666666666,0.5285844239406288,0.5273858443833888,0.7010772426923116,0.1829094854183495,0.19156037410721183,0.0,0.1829094854183495
encoder.layers.1.self_attn.q_proj,768,stanford-cars,svhn,8,26,lora,29,0.6795571446418762,0.6732759475708008,0.010416666666666666,0.5082458150573075,0.5070476704277098,0.6691404779752096,0.17131132958456874,0.16622827714309096,0.0,0.17131132958456874
encoder.layers.1.self_attn.q_proj,768,sun397,svhn,8,26,lora,29,0.6082274913787842,0.6046305894851685,0.010416666666666666,0.4993273252621293,0.4975957400165498,0.5978108247121176,0.10890016611665487,0.10703484946861863,0.0,0.10890016611665487
encoder.layers.1.self_attn.v_proj,768,dtd,eurosat,8,26,lora,29,0.7019707560539246,0.701684296131134,0.010416666666666666,0.5051676044240594,0.5044062621891499,0.6915540893872579,0.19680315162986517,0.19727803394198418,0.0,0.19680315162986517
encoder.layers.1.self_attn.v_proj,768,dtd,gtsrb,8,26,lora,29,0.7608205080032349,0.7626638412475586,0.010416666666666666,0.5100316163152456,0.5116760791279376,0.7504038413365682,0.25078889168798923,0.25098776211962104,0.0,0.25078889168798923
encoder.layers.1.self_attn.v_proj,768,dtd,mnist,8,26,lora,29,0.6900030374526978,0.685100257396698,0.010416666666666666,0.49365322198718786,0.4937878572382033,0.6795863707860311,0.1963498154655099,0.1913124001584947,0.0,0.1963498154655099
encoder.layers.1.self_attn.v_proj,768,dtd,resisc45,8,26,lora,29,0.8405689001083374,0.8394083976745605,0.010416666666666666,0.5060175769031048,0.5053817010484636,0.8301522334416708,0.3345513232052326,0.33402669662609696,0.0,0.3345513232052326
encoder.layers.1.self_attn.v_proj,768,dtd,stanford-cars,8,26,lora,29,0.899802029132843,0.9090701341629028,0.010416666666666666,0.510163139551878,0.5110708489082754,0.8893853624661764,0.38963888958096504,0.39799928525462747,0.0,0.38963888958096504
encoder.layers.1.self_attn.v_proj,768,dtd,sun397,8,26,lora,29,0.9180780053138733,0.9283183217048645,0.010416666666666666,0.5072410511784256,0.5079899248667061,0.9076613386472067,0.41083695413544774,0.42032839683815837,0.0,0.41083695413544774
encoder.layers.1.self_attn.v_proj,768,dtd,svhn,8,26,lora,29,0.7150135040283203,0.7181473970413208,0.010416666666666666,0.5115490471944213,0.5114424643106759,0.7045968373616537,0.20346445683389902,0.20670493273064494,0.0,0.20346445683389902
encoder.layers.1.self_attn.v_proj,768,eurosat,gtsrb,8,26,lora,29,0.7330888509750366,0.7305644750595093,0.010416666666666666,0.4916414306499064,0.4935066755861044,0.72267218430837,0.24144742032513022,0.23705779947340488,0.0,0.24144742032513022
encoder.layers.1.self_attn.v_proj,768,eurosat,mnist,8,26,lora,29,0.6352990865707397,0.6352691650390625,0.010416666666666666,0.49618483847007155,0.4968459354713559,0.6248824199040731,0.1391142481006682,0.13842322956770658,0.0,0.1391142481006682
encoder.layers.1.self_attn.v_proj,768,eurosat,resisc45,8,26,lora,29,0.7712793350219727,0.7652143836021423,0.010416666666666666,0.5030975728295743,0.5039768274873495,0.760862668355306,0.2681817621923983,0.2612375561147928,0.0,0.2681817621923983
encoder.layers.1.self_attn.v_proj,768,eurosat,stanford-cars,8,26,lora,29,0.682660698890686,0.6865751147270203,0.010416666666666666,0.5204179072752595,0.5205337726511061,0.6722440322240194,0.16224279161542654,0.16604134207591414,0.0,0.16224279161542654
encoder.layers.1.self_attn.v_proj,768,eurosat,sun397,8,26,lora,29,0.6675993204116821,0.668294370174408,0.010416666666666666,0.5076675522141159,0.5077079320326447,0.6571826537450155,0.15993176819756627,0.1605864381417632,0.0,0.15993176819756627
encoder.layers.1.self_attn.v_proj,768,eurosat,svhn,8,26,lora,29,0.7394441962242126,0.7406275868415833,0.010416666666666666,0.5153456465341151,0.5153693254105747,0.729027529557546,0.22409854969009757,0.22525826143100858,0.0,0.22409854969009757
encoder.layers.1.self_attn.v_proj,768,gtsrb,mnist,8,26,lora,29,0.7142270803451538,0.7125402688980103,0.010416666666666666,0.5032128626480699,0.5035362583585083,0.7038104136784872,0.21101421769708395,0.2090040105395019,0.0,0.21101421769708395
encoder.layers.1.self_attn.v_proj,768,gtsrb,resisc45,8,26,lora,29,0.7594535946846008,0.7591488361358643,0.010416666666666666,0.5010637054219842,0.5025323997251689,0.7490369280179342,0.25838988926261663,0.2566164364106953,0.0,0.25838988926261663
encoder.layers.1.self_attn.v_proj,768,gtsrb,stanford-cars,8,26,lora,29,0.7721965909004211,0.7764962911605835,0.010416666666666666,0.5154975960031152,0.5159620265476406,0.7617799242337545,0.25669899489730597,0.26053426461294293,0.0,0.25669899489730597
encoder.layers.1.self_attn.v_proj,768,gtsrb,sun397,8,26,lora,29,0.7907665371894836,0.7909335494041443,0.010416666666666666,0.5087304771877825,0.5089370827190578,0.780349870522817,0.2820360600017011,0.2819964666850865,0.0,0.2820360600017011
encoder.layers.1.self_attn.v_proj,768,gtsrb,svhn,8,26,lora,29,0.8213200569152832,0.8224442005157471,0.010416666666666666,0.4989823498763144,0.49929883936420083,0.8109033902486166,0.3223377070389688,0.32314536115154624,0.0,0.3223377070389688
encoder.layers.1.self_attn.v_proj,768,mnist,resisc45,8,26,lora,29,0.6833090782165527,0.6817298531532288,0.010416666666666666,0.5028982008807361,0.5028054434806108,0.6728924115498861,0.18041087733581662,0.1789244096726179,0.0,0.18041087733581662
encoder.layers.1.self_attn.v_proj,768,mnist,stanford-cars,8,26,lora,29,0.7034747004508972,0.7014437913894653,0.010416666666666666,0.5107712210156024,0.5103191207163036,0.6930580337842306,0.19270347943529487,0.19112467067316175,0.0,0.19270347943529487
encoder.layers.1.self_attn.v_proj,768,mnist,sun397,8,26,lora,29,0.6938867568969727,0.6927489042282104,0.010416666666666666,0.5075792232528329,0.5076427701860666,0.683470090230306,0.18630753364413977,0.18510613404214382,0.0,0.18630753364413977
encoder.layers.1.self_attn.v_proj,768,mnist,svhn,8,26,lora,29,0.6769927740097046,0.6772185564041138,0.010416666666666666,0.49993089074268937,0.4998014564625919,0.666576107343038,0.17706188326701522,0.17741709994152188,0.0,0.17706188326701522
encoder.layers.1.self_attn.v_proj,768,resisc45,stanford-cars,8,26,lora,29,0.7888447642326355,0.792839527130127,0.010416666666666666,0.5126115721650422,0.5131596196442842,0.7784280975659689,0.27623319206759334,0.2796799074858427,0.0,0.27623319206759334
encoder.layers.1.self_attn.v_proj,768,resisc45,sun397,8,26,lora,29,0.8007112741470337,0.8055250644683838,0.010416666666666666,0.5072707603685558,0.5082297390326858,0.7902946074803671,0.2934405137784779,0.29729532543569803,0.0,0.2934405137784779
encoder.layers.1.self_attn.v_proj,768,resisc45,svhn,8,26,lora,29,0.7359336018562317,0.7336841225624084,0.010416666666666666,0.49423473281785846,0.49417428532615304,0.7255169351895651,0.24169886903837323,0.2395098372362554,0.0,0.24169886903837323
encoder.layers.1.self_attn.v_proj,768,stanford-cars,sun397,8,26,lora,29,0.9380807876586914,0.9480302333831787,0.010416666666666666,0.5066338735632598,0.5066475425846875,0.9276641209920248,0.43144691409543157,0.44138269079849124,0.0,0.43144691409543157
encoder.layers.1.self_attn.v_proj,768,stanford-cars,svhn,8,26,lora,29,0.7054590582847595,0.7111232280731201,0.010416666666666666,0.4918217482045293,0.4921092204749584,0.6950423916180929,0.21363731008023024,0.2190140075981617,0.0,0.21363731008023024
encoder.layers.1.self_attn.v_proj,768,sun397,svhn,8,26,lora,29,0.7274208664894104,0.7277259230613708,0.010416666666666666,0.5028196764178574,0.5029627871699631,0.7170041998227438,0.224601190071553,0.22476313589140773,0.0,0.224601190071553
encoder.layers.10.self_attn.q_proj,768,dtd,eurosat,8,18,lora,32,0.5972617864608765,0.6006272435188293,0.010416666666666666,0.5104232192970812,0.5108919069170952,0.5868451197942098,0.08683856716379523,0.08973533660173416,0.0,0.08683856716379523
encoder.layers.10.self_attn.q_proj,768,dtd,gtsrb,8,18,lora,32,0.6035707592964172,0.6075063943862915,0.010416666666666666,0.5112402429804206,0.5117886830121279,0.5931540926297506,0.09233051631599665,0.09571771137416363,0.0,0.09233051631599665
encoder.layers.10.self_attn.q_proj,768,dtd,mnist,8,18,lora,32,0.6045555472373962,0.6096774339675903,0.010416666666666666,0.5068128518760204,0.5080923647619784,0.5941388805707296,0.09774269536137581,0.10158506920561194,0.0,0.09774269536137581
encoder.layers.10.self_attn.q_proj,768,dtd,resisc45,8,18,lora,32,0.535533607006073,0.5337742567062378,0.010416666666666666,0.5085675586014986,0.5096594877541065,0.5251169403394064,0.026966048404574394,0.02411476895213127,0.0,0.026966048404574394
encoder.layers.10.self_attn.q_proj,768,dtd,stanford-cars,8,18,lora,32,0.6169911623001099,0.6165924072265625,0.010416666666666666,0.5036585223861039,0.5045170900411904,0.6065744956334432,0.113332639914006,0.11207531718537211,0.0,0.113332639914006
encoder.layers.10.self_attn.q_proj,768,dtd,sun397,8,18,lora,32,0.6931530237197876,0.6982914805412292,0.010416666666666666,0.5111800180748105,0.5120212235487998,0.682736357053121,0.1819730056449771,0.1862702569924295,0.0,0.1819730056449771
encoder.layers.10.self_attn.q_proj,768,dtd,svhn,8,18,lora,32,0.6158754825592041,0.6162424683570862,0.010416666666666666,0.5094431196339428,0.510143332183361,0.6054588158925375,0.10643236292526126,0.10609913617372513,0.0,0.10643236292526126
encoder.layers.10.self_attn.q_proj,768,eurosat,gtsrb,8,18,lora,32,0.5920930504798889,0.5960060954093933,0.010416666666666666,0.4914618148468435,0.49288438633084297,0.5816763838132223,0.10063123563304543,0.10312170907855034,0.0,0.10063123563304543
encoder.layers.10.self_attn.q_proj,768,eurosat,mnist,8,18,lora,32,0.5501312613487244,0.5569372177124023,0.010416666666666666,0.5165246245451272,0.5170491165481508,0.5397145946820577,0.03360663680359721,0.039888101164251566,0.0,0.03360663680359721
encoder.layers.10.self_attn.q_proj,768,eurosat,resisc45,8,18,lora,32,0.7307042479515076,0.7371850609779358,0.010416666666666666,0.501956797670573,0.5027082110755146,0.7202875812848409,0.22874745028093457,0.23447684990242124,0.0,0.22874745028093457
encoder.layers.10.self_attn.q_proj,768,eurosat,stanford-cars,8,18,lora,32,0.614274799823761,0.6165106296539307,0.010416666666666666,0.5052178264595568,0.5057274233549833,0.6038581331570944,0.10905697336420417,0.11078320629894733,0.0,0.10905697336420417
encoder.layers.10.self_attn.q_proj,768,eurosat,sun397,8,18,lora,32,0.6499845385551453,0.6524809002876282,0.010416666666666666,0.5103933527134359,0.5118630276992917,0.6395678718884786,0.13959118584170938,0.14061787258833647,0.0,0.13959118584170938
encoder.layers.10.self_attn.q_proj,768,eurosat,svhn,8,18,lora,32,0.5888803005218506,0.5903432965278625,0.010416666666666666,0.4964268635958433,0.49691926781088114,0.578463633855184,0.09245343692600727,0.09342402871698141,0.0,0.09245343692600727
encoder.layers.10.self_attn.q_proj,768,gtsrb,mnist,8,18,lora,32,0.5573853850364685,0.5599066019058228,0.010416666666666666,0.5054630972445011,0.5054667643271387,0.5469687183698019,0.05192228779196739,0.05443983757868409,0.0,0.05192228779196739
encoder.layers.10.self_attn.q_proj,768,gtsrb,resisc45,8,18,lora,32,0.5545525550842285,0.5609921813011169,0.010416666666666666,0.5087767252698541,0.5100636570714414,0.5441358884175619,0.04577582981437445,0.05092852422967553,0.0,0.04577582981437445
encoder.layers.10.self_attn.q_proj,768,gtsrb,stanford-cars,8,18,lora,32,0.6110426783561707,0.6157016754150391,0.010416666666666666,0.513404200784862,0.512753730174154,0.600626011689504,0.09763847757130861,0.10294794524088502,0.0,0.09763847757130861
encoder.layers.10.self_attn.q_proj,768,gtsrb,sun397,8,18,lora,32,0.6285305619239807,0.6312734484672546,0.010416666666666666,0.5065981959924102,0.5074408422224224,0.6181138952573141,0.12193236593157053,0.12383260624483228,0.0,0.12193236593157053
encoder.layers.10.self_attn.q_proj,768,gtsrb,svhn,8,18,lora,32,0.6255424618721008,0.6296254992485046,0.010416666666666666,0.50862154411152,0.5089419549331069,0.6151257952054342,0.11692091776058078,0.12068354431539774,0.0,0.11692091776058078
encoder.layers.10.self_attn.q_proj,768,mnist,resisc45,8,18,lora,32,0.5156484246253967,0.5186551809310913,0.010416666666666666,0.5197762637399137,0.5201992425136268,0.5052317579587301,-0.0041278391145169735,-0.0015440615825355053,0.0,-0.0041278391145169735
encoder.layers.10.self_attn.q_proj,768,mnist,stanford-cars,8,18,lora,32,0.6070289611816406,0.6088987588882446,0.010416666666666666,0.507019305601716,0.5073615135625005,0.596612294514974,0.10000965557992458,0.10153724532574415,0.0,0.10000965557992458
encoder.layers.10.self_attn.q_proj,768,mnist,sun397,8,18,lora,32,0.6456549167633057,0.646885871887207,0.010416666666666666,0.5080964048393071,0.5082191992551088,0.635238250096639,0.1375585119239986,0.1386666726320982,0.0,0.1375585119239986
encoder.layers.10.self_attn.q_proj,768,mnist,svhn,8,18,lora,32,0.7023549675941467,0.703020453453064,0.010416666666666666,0.5076362760737538,0.5084491204470396,0.6919383009274801,0.1947186915203929,0.19457133300602436,0.0,0.1947186915203929
encoder.layers.10.self_attn.q_proj,768,resisc45,stanford-cars,8,18,lora,32,0.5902308225631714,0.5937836170196533,0.010416666666666666,0.5075750201940536,0.5081931608729064,0.5798141558965048,0.08265580236911774,0.08559045614674687,0.0,0.08265580236911774
encoder.layers.10.self_attn.q_proj,768,resisc45,sun397,8,18,lora,32,0.6487868428230286,0.6471925973892212,0.010416666666666666,0.5203196131624281,0.5214196634478867,0.6383701761563619,0.12846722966060042,0.12577293394133449,0.0,0.12846722966060042
encoder.layers.10.self_attn.q_proj,768,resisc45,svhn,8,18,lora,32,0.5366358757019043,0.541907012462616,0.010416666666666666,0.5014421381056309,0.5022742985747755,0.5262192090352377,0.03519373759627342,0.03963271388784051,0.0,0.03519373759627342
encoder.layers.10.self_attn.q_proj,768,stanford-cars,sun397,8,18,lora,32,0.6095287203788757,0.6093823909759521,0.010416666666666666,0.5137177044525743,0.5154803679324687,0.5991120537122091,0.09581101592630148,0.0939020230434835,0.0,0.09581101592630148
encoder.layers.10.self_attn.q_proj,768,stanford-cars,svhn,8,18,lora,32,0.5666486620903015,0.566109299659729,0.010416666666666666,0.5028956523165107,0.50316162686795,0.5562319954236349,0.06375300977379084,0.06294767279177904,0.0,0.06375300977379084
encoder.layers.10.self_attn.q_proj,768,sun397,svhn,8,18,lora,32,0.6044261455535889,0.6037502884864807,0.010416666666666666,0.501779483165592,0.5018838839605451,0.5940094788869222,0.10264666238799691,0.10186640452593565,0.0,0.10264666238799691
encoder.layers.10.self_attn.v_proj,768,dtd,eurosat,8,18,lora,32,0.6184102296829224,0.6140131950378418,0.010416666666666666,0.5048891315236688,0.504552963655442,0.6079935630162557,0.1135210981592536,0.1094602313823998,0.0,0.1135210981592536
encoder.layers.10.self_attn.v_proj,768,dtd,gtsrb,8,18,lora,32,0.694326639175415,0.6886146664619446,0.010416666666666666,0.4932881942950189,0.49316061148419976,0.6839099725087484,0.20103844488039613,0.19545405497774482,0.0,0.20103844488039613
encoder.layers.10.self_attn.v_proj,768,dtd,mnist,8,18,lora,32,0.5434560775756836,0.5464603900909424,0.010416666666666666,0.5119101121090353,0.5120439012534916,0.533039410909017,0.03154596546664834,0.03441648883745074,0.0,0.03154596546664834
encoder.layers.10.self_attn.v_proj,768,dtd,resisc45,8,18,lora,32,0.6987375020980835,0.6999302506446838,0.010416666666666666,0.5144428913481534,0.5153274997137487,0.6883208354314169,0.18429461074993014,0.18460275093093514,0.0,0.18429461074993014
encoder.layers.10.self_attn.v_proj,768,dtd,stanford-cars,8,18,lora,32,0.7202836275100708,0.7211833596229553,0.010416666666666666,0.5166626474820077,0.5168188204988837,0.7098669608434042,0.20362098002806306,0.2043645391240716,0.0,0.20362098002806306
encoder.layers.10.self_attn.v_proj,768,dtd,sun397,8,18,lora,32,0.6657587885856628,0.6674823760986328,0.010416666666666666,0.5080077541060746,0.5084155886434019,0.6553421219189962,0.15775103447958827,0.15906678745523095,0.0,0.15775103447958827
encoder.layers.10.self_attn.v_proj,768,dtd,svhn,8,18,lora,32,0.6526099443435669,0.6554182171821594,0.010416666666666666,0.5088079129345715,0.5082225860096514,0.6421932776769003,0.1438020314089954,0.147195631172508,0.0,0.1438020314089954
encoder.layers.10.self_attn.v_proj,768,eurosat,gtsrb,8,18,lora,32,0.6699753999710083,0.6699647307395935,0.010416666666666666,0.49774128943681717,0.4976231590844691,0.6595587333043417,0.17223411053419113,0.17234157165512443,0.0,0.17223411053419113
encoder.layers.10.self_attn.v_proj,768,eurosat,mnist,8,18,lora,32,0.636793851852417,0.6286906599998474,0.010416666666666666,0.512088936753571,0.5096847070381045,0.6263771851857504,0.12470491509884596,0.11900595296174288,0.0,0.12470491509884596
encoder.layers.10.self_attn.v_proj,768,eurosat,resisc45,8,18,lora,32,0.7450516819953918,0.7434176206588745,0.010416666666666666,0.500009504146874,0.5009447243064642,0.7346350153287252,0.2450421778485179,0.24247289635241032,0.0,0.2450421778485179
encoder.layers.10.self_attn.v_proj,768,eurosat,stanford-cars,8,18,lora,32,0.5895035266876221,0.5873293876647949,0.010416666666666666,0.5094119124114513,0.5100784101523459,0.5790868600209554,0.08009161427617073,0.07725097751244903,0.0,0.08009161427617073
encoder.layers.10.self_attn.v_proj,768,eurosat,sun397,8,18,lora,32,0.6574333310127258,0.6577872037887573,0.010416666666666666,0.50055535370484,0.5015744962729514,0.6470166643460592,0.15687797730788589,0.15621270751580596,0.0,0.15687797730788589
encoder.layers.10.self_attn.v_proj,768,eurosat,svhn,8,18,lora,32,0.6227330565452576,0.6204878091812134,0.010416666666666666,0.5063273645937443,0.5061361831612885,0.6123163898785909,0.11640569195151329,0.11435162601992488,0.0,0.11640569195151329
encoder.layers.10.self_attn.v_proj,768,gtsrb,mnist,8,18,lora,32,0.636283278465271,0.6358789205551147,0.010416666666666666,0.5078204101882875,0.5075590978376567,0.6258666117986044,0.1284628682769835,0.128319822717458,0.0,0.1284628682769835
encoder.layers.10.self_attn.v_proj,768,gtsrb,resisc45,8,18,lora,32,0.6928162574768066,0.6905036568641663,0.010416666666666666,0.506568681448698,0.5075406595133245,0.68239959081014,0.1862475760281086,0.18296299735084176,0.0,0.1862475760281086
encoder.layers.10.self_attn.v_proj,768,gtsrb,stanford-cars,8,18,lora,32,0.6428030729293823,0.641604483127594,0.010416666666666666,0.5061704362742603,0.5055174930021167,0.6323864062627157,0.13663263665512204,0.13608699012547731,0.0,0.13663263665512204
encoder.layers.10.self_attn.v_proj,768,gtsrb,sun397,8,18,lora,32,0.6596043109893799,0.665093183517456,0.010416666666666666,0.507046343293041,0.5090691689401865,0.6491876443227133,0.1525579676963389,0.15602401457726955,0.0,0.1525579676963389
encoder.layers.10.self_attn.v_proj,768,gtsrb,svhn,8,18,lora,32,0.7066259980201721,0.7033012509346008,0.010416666666666666,0.5013409364037216,0.500410916749388,0.6962093313535055,0.20528506161645055,0.20289033418521285,0.0,0.20528506161645055
encoder.layers.10.self_attn.v_proj,768,mnist,resisc45,8,18,lora,32,0.6313338875770569,0.6293209195137024,0.010416666666666666,0.5111361853778362,0.5111417486332357,0.6209172209103903,0.12019770219922066,0.1181791708804667,0.0,0.12019770219922066
encoder.layers.10.self_attn.v_proj,768,mnist,stanford-cars,8,18,lora,32,0.592140257358551,0.589289128780365,0.010416666666666666,0.5121195544488728,0.5117651289328933,0.5817235906918844,0.08002070290967822,0.07752399984747171,0.0,0.08002070290967822
encoder.layers.10.self_attn.v_proj,768,mnist,sun397,8,18,lora,32,0.5897634029388428,0.5859056711196899,0.010416666666666666,0.5196311785839498,0.5223426506854594,0.5793467362721761,0.07013222435489297,0.06356302043423057,0.0,0.07013222435489297
encoder.layers.10.self_attn.v_proj,768,mnist,svhn,8,18,lora,32,0.7004452347755432,0.7035773396492004,0.010416666666666666,0.5047168838791549,0.5040380922146142,0.6900285681088766,0.1957283508963883,0.1995392474345863,0.0,0.1957283508963883
encoder.layers.10.self_attn.v_proj,768,resisc45,stanford-cars,8,18,lora,32,0.698174774646759,0.6964448690414429,0.010416666666666666,0.5143619985319674,0.515623823273927,0.6877581079800924,0.18381277611479163,0.1808210457675159,0.0,0.18381277611479163
encoder.layers.10.self_attn.v_proj,768,resisc45,sun397,8,18,lora,32,0.695974588394165,0.6982666850090027,0.010416666666666666,0.5049786888994277,0.5053750379011035,0.6855579217274984,0.1909958994947374,0.1928916471078992,0.0,0.1909958994947374
encoder.layers.10.self_attn.v_proj,768,resisc45,svhn,8,18,lora,32,0.6866074800491333,0.6850611567497253,0.010416666666666666,0.5070773288607597,0.5070218169130385,0.6761908133824667,0.17953015118837357,0.17803933983668685,0.0,0.17953015118837357
encoder.layers.10.self_attn.v_proj,768,stanford-cars,sun397,8,18,lora,32,0.6849949359893799,0.6884085536003113,0.010416666666666666,0.5091474764049053,0.5095051368698478,0.6745782693227133,0.17584745958447456,0.1789034167304635,0.0,0.17584745958447456
encoder.layers.10.self_attn.v_proj,768,stanford-cars,svhn,8,18,lora,32,0.6128973960876465,0.61500084400177,0.010416666666666666,0.5086638429202139,0.5090189212933183,0.6024807294209799,0.10423355316743255,0.10598192270845175,0.0,0.10423355316743255
encoder.layers.10.self_attn.v_proj,768,sun397,svhn,8,18,lora,32,0.6367439031600952,0.6432854533195496,0.010416666666666666,0.5001623504795134,0.5006092661060393,0.6263272364934286,0.1365815526805818,0.14267618721351027,0.0,0.1365815526805818
encoder.layers.11.self_attn.q_proj,768,dtd,eurosat,8,7,lora,31,0.6478913426399231,0.6523908376693726,0.010416666666666666,0.508905678987503,0.5084026083350182,0.6374746759732565,0.13898566365242004,0.1439882293343544,0.0,0.13898566365242004
encoder.layers.11.self_attn.q_proj,768,dtd,gtsrb,8,7,lora,31,0.7290799617767334,0.7252896428108215,0.010416666666666666,0.4992357171140611,0.4995269263163209,0.7186632951100668,0.22984424466267228,0.22576271649450064,0.0,0.22984424466267228
encoder.layers.11.self_attn.q_proj,768,dtd,mnist,8,7,lora,31,0.6556082963943481,0.652830183506012,0.010416666666666666,0.4897299879230559,0.48994858004152775,0.6451916297276815,0.16587830847129226,0.16288160346448421,0.0,0.16587830847129226
encoder.layers.11.self_attn.q_proj,768,dtd,resisc45,8,7,lora,31,0.6058482527732849,0.6047282814979553,0.010416666666666666,0.4920614277943969,0.492627973202616,0.5954315861066183,0.11378682497888803,0.11210030829533935,0.0,0.11378682497888803
encoder.layers.11.self_attn.q_proj,768,dtd,stanford-cars,8,7,lora,31,0.5688296556472778,0.5587515830993652,0.010416666666666666,0.5019072080031037,0.5019649984315038,0.5584129889806112,0.0669224476441741,0.05678658466786146,0.0,0.0669224476441741
encoder.layers.11.self_attn.q_proj,768,dtd,sun397,8,7,lora,31,0.717631459236145,0.7173464894294739,0.010416666666666666,0.5035160426050425,0.5034280931577086,0.7072147925694784,0.21411541663110256,0.21391839627176523,0.0,0.21411541663110256
encoder.layers.11.self_attn.q_proj,768,dtd,svhn,8,7,lora,31,0.6939435005187988,0.6917102336883545,0.010416666666666666,0.5084109739400446,0.5090466500259936,0.6835268338521322,0.1855325265787542,0.1826635836623609,0.0,0.1855325265787542
encoder.layers.11.self_attn.q_proj,768,eurosat,gtsrb,8,7,lora,31,0.5886536240577698,0.5885518789291382,0.010416666666666666,0.5037482478655875,0.5041202162392437,0.5782369573911031,0.0849053761921823,0.08443166268989444,0.0,0.0849053761921823
encoder.layers.11.self_attn.q_proj,768,eurosat,mnist,8,7,lora,31,0.49928608536720276,0.5004157423973083,0.010416666666666666,0.4985754177905619,0.49881849717348814,0.4888694187005361,0.0007106675766408443,0.0015972452238202095,0.0,0.0007106675766408443
encoder.layers.11.self_attn.q_proj,768,eurosat,resisc45,8,7,lora,31,0.6754038333892822,0.6761419773101807,0.010416666666666666,0.49957244377583265,0.4996816134080291,0.6649871667226156,0.17583138961344957,0.17646036390215158,0.0,0.17583138961344957
encoder.layers.11.self_attn.q_proj,768,eurosat,stanford-cars,8,7,lora,31,0.531227707862854,0.5419053435325623,0.010416666666666666,0.5075577138923109,0.5071310824714601,0.5208110411961874,0.023669993970543146,0.03477426106110215,0.0,0.023669993970543146
encoder.layers.11.self_attn.q_proj,768,eurosat,sun397,8,7,lora,31,0.6151993274688721,0.6155989766120911,0.010416666666666666,0.5098276315256953,0.5101953339762986,0.6047826608022054,0.10537169594317675,0.1054036426357925,0.0,0.10537169594317675
encoder.layers.11.self_attn.q_proj,768,eurosat,svhn,8,7,lora,31,0.542868435382843,0.5457725524902344,0.010416666666666666,0.5004660543054342,0.5006723357364535,0.5324517687161764,0.04240238107740879,0.04510021675378084,0.0,0.04240238107740879
encoder.layers.11.self_attn.q_proj,768,gtsrb,mnist,8,7,lora,31,0.7012307047843933,0.6968794465065002,0.010416666666666666,0.5010436298325658,0.5016663069836795,0.6908140381177267,0.20018707495182753,0.1952131395228207,0.0,0.20018707495182753
encoder.layers.11.self_attn.q_proj,768,gtsrb,resisc45,8,7,lora,31,0.5953408479690552,0.5958723425865173,0.010416666666666666,0.5120550896972418,0.51265699416399,0.5849241813023885,0.08328575827181339,0.08321534842252731,0.0,0.08328575827181339
encoder.layers.11.self_attn.q_proj,768,gtsrb,stanford-cars,8,7,lora,31,0.5850073099136353,0.5683994889259338,0.010416666666666666,0.5043725906871259,0.5049762660637498,0.5745906432469686,0.08063471922650933,0.06342322286218405,0.0,0.08063471922650933
encoder.layers.11.self_attn.q_proj,768,gtsrb,sun397,8,7,lora,31,0.676685094833374,0.6756238341331482,0.010416666666666666,0.5028685447759926,0.5042247143574059,0.6662684281667074,0.1738165500573814,0.1713991197757423,0.0,0.1738165500573814
encoder.layers.11.self_attn.q_proj,768,gtsrb,svhn,8,7,lora,31,0.694331705570221,0.6876416802406311,0.010416666666666666,0.5036375583149493,0.5048252274282277,0.6839150389035543,0.19069414725527167,0.18281645281240344,0.0,0.19069414725527167
encoder.layers.11.self_attn.q_proj,768,mnist,resisc45,8,7,lora,31,0.5959714651107788,0.5960488319396973,0.010416666666666666,0.5006242264062166,0.5012396718375385,0.5855547984441122,0.09534723870456219,0.09480916010215878,0.0,0.09534723870456219
encoder.layers.11.self_attn.q_proj,768,mnist,stanford-cars,8,7,lora,31,0.5457921028137207,0.5431667566299438,0.010416666666666666,0.5079308715648949,0.5076696509495378,0.5353754361470541,0.03786123124882579,0.035497105680406094,0.0,0.03786123124882579
encoder.layers.11.self_attn.q_proj,768,mnist,sun397,8,7,lora,31,0.5854632258415222,0.5870607495307922,0.010416666666666666,0.5094887828454375,0.5099392514675856,0.5750465591748556,0.07597444299608469,0.07712149806320667,0.0,0.07597444299608469
encoder.layers.11.self_attn.q_proj,768,mnist,svhn,8,7,lora,31,0.7358170747756958,0.7316668033599854,0.010416666666666666,0.49940337473526597,0.49966070894151926,0.7254004081090292,0.23641370004042983,0.2320060944184661,0.0,0.23641370004042983
encoder.layers.11.self_attn.q_proj,768,resisc45,stanford-cars,8,7,lora,31,0.5404642820358276,0.5532007217407227,0.010416666666666666,0.4997513140551746,0.5008684829808772,0.530047615369161,0.04071296798065305,0.052332238759845495,0.0,0.04071296798065305
encoder.layers.11.self_attn.q_proj,768,resisc45,sun397,8,7,lora,31,0.6618935465812683,0.6640331745147705,0.010416666666666666,0.5079337051138282,0.5094516184180975,0.6514768799146017,0.15395984146744013,0.154581556096673,0.0,0.15395984146744013
encoder.layers.11.self_attn.q_proj,768,resisc45,svhn,8,7,lora,31,0.597182035446167,0.5938119888305664,0.010416666666666666,0.514529652427882,0.5154855460859835,0.5867653687795004,0.08265238301828504,0.07832644274458289,0.0,0.08265238301828504
encoder.layers.11.self_attn.q_proj,768,stanford-cars,sun397,8,7,lora,31,0.6251878142356873,0.6232149600982666,0.010416666666666666,0.5064090345986187,0.5080407746136189,0.6147711475690206,0.11877877963706851,0.11517418548464775,0.0,0.11877877963706851
encoder.layers.11.self_attn.q_proj,768,stanford-cars,svhn,8,7,lora,31,0.5815144777297974,0.5818635821342468,0.010416666666666666,0.5045502320863307,0.505662277340889,0.5710978110631307,0.07696424564346671,0.07620130479335785,0.0,0.07696424564346671
encoder.layers.11.self_attn.q_proj,768,sun397,svhn,8,7,lora,31,0.665818452835083,0.6639731526374817,0.010416666666666666,0.514162587467581,0.5144050535745919,0.6554017861684164,0.15165586536750197,0.14956809906288981,0.0,0.15165586536750197
encoder.layers.11.self_attn.v_proj,768,dtd,eurosat,8,7,lora,31,0.6309974789619446,0.626289427280426,0.010416666666666666,0.5124010238796473,0.5131805702112615,0.620580812295278,0.11859645508229733,0.11310885706916451,0.0,0.11859645508229733
encoder.layers.11.self_attn.v_proj,768,dtd,gtsrb,8,7,lora,31,0.6615620255470276,0.6642687320709229,0.010416666666666666,0.498612436465919,0.4994218200445175,0.651145358880361,0.16294958908110857,0.16484691202640533,0.0,0.16294958908110857
encoder.layers.11.self_attn.v_proj,768,dtd,mnist,8,7,lora,31,0.5714073181152344,0.5753539800643921,0.010416666666666666,0.5081654638051987,0.5092683271504939,0.5609906514485677,0.0632418543100357,0.06608565291389823,0.0,0.0632418543100357
encoder.layers.11.self_attn.v_proj,768,dtd,resisc45,8,7,lora,31,0.6535348892211914,0.6543383002281189,0.010416666666666666,0.5026226327754557,0.5033514620736241,0.6431182225545248,0.1509122564457357,0.15098683815449476,0.0,0.1509122564457357
encoder.layers.11.self_attn.v_proj,768,dtd,stanford-cars,8,7,lora,31,0.6500095725059509,0.6500398516654968,0.010416666666666666,0.5056863920763135,0.5067909648641944,0.6395929058392843,0.14432318042963743,0.14324888680130243,0.0,0.14432318042963743
encoder.layers.11.self_attn.v_proj,768,dtd,sun397,8,7,lora,31,0.7198852300643921,0.7219681143760681,0.010416666666666666,0.5156545070931315,0.5161346276290715,0.7094685633977255,0.20423072297126055,0.20583348674699664,0.0,0.20423072297126055
encoder.layers.11.self_attn.v_proj,768,dtd,svhn,8,7,lora,31,0.6109874248504639,0.614119827747345,0.010416666666666666,0.49641147535294294,0.49713198002427816,0.6005707581837972,0.11457594949752092,0.1169878477230668,0.0,0.11457594949752092
encoder.layers.11.self_attn.v_proj,768,eurosat,gtsrb,8,7,lora,31,0.6278836727142334,0.6339247822761536,0.010416666666666666,0.5086131044663489,0.5089149144478142,0.6174670060475668,0.11927056824788451,0.12500986782833934,0.0,0.11927056824788451
encoder.layers.11.self_attn.v_proj,768,eurosat,mnist,8,7,lora,31,0.5919873118400574,0.5887517333030701,0.010416666666666666,0.5053708916530013,0.5070889391936362,0.5815706451733907,0.08661642018705606,0.08166279410943389,0.0,0.08661642018705606
encoder.layers.11.self_attn.v_proj,768,eurosat,resisc45,8,7,lora,31,0.5735657811164856,0.5728023052215576,0.010416666666666666,0.5084424754604697,0.5090378462336957,0.563149114449819,0.06512330565601587,0.06376445898786187,0.0,0.06512330565601587
encoder.layers.11.self_attn.v_proj,768,eurosat,stanford-cars,8,7,lora,31,0.6105031967163086,0.6202729940414429,0.010416666666666666,0.5148886111564934,0.5171571560204029,0.600086530049642,0.09561458555981517,0.10311583802103996,0.0,0.09561458555981517
encoder.layers.11.self_attn.v_proj,768,eurosat,sun397,8,7,lora,31,0.623522937297821,0.6285943388938904,0.010416666666666666,0.5056157242506742,0.5061759673990309,0.6131062706311544,0.1179072130471468,0.12241837149485946,0.0,0.1179072130471468
encoder.layers.11.self_attn.v_proj,768,eurosat,svhn,8,7,lora,31,0.6907266974449158,0.6862085461616516,0.010416666666666666,0.5036183693446219,0.5040421118028462,0.6803100307782491,0.18710832810029387,0.18216643435880542,0.0,0.18710832810029387
encoder.layers.11.self_attn.v_proj,768,gtsrb,mnist,8,7,lora,31,0.5717576742172241,0.5727217197418213,0.010416666666666666,0.5050695603713393,0.5057062422856688,0.5613410075505575,0.0666881138458848,0.06701547745615244,0.0,0.0666881138458848
encoder.layers.11.self_attn.v_proj,768,gtsrb,resisc45,8,7,lora,31,0.5942140221595764,0.5924302935600281,0.010416666666666666,0.5158542636781931,0.5158810270950198,0.5837973554929098,0.07835975848138332,0.07654926646500826,0.0,0.07835975848138332
encoder.layers.11.self_attn.v_proj,768,gtsrb,stanford-cars,8,7,lora,31,0.6533133387565613,0.6495809555053711,0.010416666666666666,0.5094349621795118,0.5095708905719221,0.6428966720898946,0.1438783765770495,0.14001006493344903,0.0,0.1438783765770495
encoder.layers.11.self_attn.v_proj,768,gtsrb,sun397,8,7,lora,31,0.6472848057746887,0.6511156558990479,0.010416666666666666,0.5081114368513227,0.5085608614608645,0.6368681391080221,0.13917336892336607,0.1425547944381833,0.0,0.13917336892336607
encoder.layers.11.self_attn.v_proj,768,gtsrb,svhn,8,7,lora,31,0.5792601108551025,0.5775339603424072,0.010416666666666666,0.5049087284132838,0.5044145020656288,0.5688434441884359,0.07435138244181871,0.07311945827677846,0.0,0.07435138244181871
encoder.layers.11.self_attn.v_proj,768,mnist,resisc45,8,7,lora,31,0.6550123691558838,0.6527438759803772,0.010416666666666666,0.49878987949341536,0.4990503266453743,0.6445957024892172,0.15622248966246843,0.1536935493350029,0.0,0.15622248966246843
encoder.layers.11.self_attn.v_proj,768,mnist,stanford-cars,8,7,lora,31,0.5461256504058838,0.5446078777313232,0.010416666666666666,0.5054037030786276,0.5066306074149907,0.5357089837392172,0.0407219473272562,0.03797727031633258,0.0,0.0407219473272562
encoder.layers.11.self_attn.v_proj,768,mnist,sun397,8,7,lora,31,0.6536337733268738,0.6572396755218506,0.010416666666666666,0.5100705437362194,0.5111760087311268,0.6432171066602071,0.14356322959065437,0.1460636667907238,0.0,0.14356322959065437
encoder.layers.11.self_attn.v_proj,768,mnist,svhn,8,7,lora,31,0.7043739557266235,0.7052308320999146,0.010416666666666666,0.501595692243427,0.5027204542420805,0.6939572890599569,0.2027782634831965,0.2025103778578341,0.0,0.2027782634831965
encoder.layers.11.self_attn.v_proj,768,resisc45,stanford-cars,8,7,lora,31,0.6408067941665649,0.6410682797431946,0.010416666666666666,0.5137210171669722,0.5141858430579305,0.6303901274998983,0.12708577699959278,0.1268824366852641,0.0,0.12708577699959278
encoder.layers.11.self_attn.v_proj,768,resisc45,sun397,8,7,lora,31,0.6845245361328125,0.6885342001914978,0.010416666666666666,0.5069181472063065,0.5072994413785636,0.6741078694661459,0.17760638892650604,0.18123475881293416,0.0,0.17760638892650604
encoder.layers.11.self_attn.v_proj,768,resisc45,svhn,8,7,lora,31,0.6045466661453247,0.598673939704895,0.010416666666666666,0.5085705644451082,0.5082075549289584,0.5941299994786581,0.09597610170021653,0.0904663847759366,0.0,0.09597610170021653
encoder.layers.11.self_attn.v_proj,768,stanford-cars,sun397,8,7,lora,31,0.6986266374588013,0.6942492723464966,0.010416666666666666,0.5071510341949761,0.5078733707778156,0.6882099707921346,0.19147560326382518,0.186375901568681,0.0,0.19147560326382518
encoder.layers.11.self_attn.v_proj,768,stanford-cars,svhn,8,7,lora,31,0.5364483594894409,0.5322583317756653,0.010416666666666666,0.5064106532372534,0.5068087475374341,0.5260316928227743,0.03003770625218749,0.025449584238231182,0.0,0.03003770625218749
encoder.layers.11.self_attn.v_proj,768,sun397,svhn,8,7,lora,31,0.6117182970046997,0.6117334961891174,0.010416666666666666,0.5218104161322117,0.5227836607955396,0.6013016303380331,0.08990788087248802,0.08894983539357781,0.0,0.08990788087248802
encoder.layers.2.self_attn.q_proj,768,dtd,eurosat,8,26,lora,47,0.6688424348831177,0.6710564494132996,0.010416666666666666,0.5022319778800011,0.5042176619172096,0.658425768216451,0.1666104570031166,0.16683878749608994,0.0,0.1666104570031166
encoder.layers.2.self_attn.q_proj,768,dtd,gtsrb,8,26,lora,47,0.6790182590484619,0.6850883960723877,0.010416666666666666,0.506103680934757,0.5079267187975347,0.6686015923817953,0.17291457811370492,0.177161677274853,0.0,0.17291457811370492
encoder.layers.2.self_attn.q_proj,768,dtd,mnist,8,26,lora,47,0.581805408000946,0.5883421897888184,0.010416666666666666,0.5106329540722072,0.5126087199896574,0.5713887413342794,0.07117245392873883,0.07573346979916096,0.0,0.07117245392873883
encoder.layers.2.self_attn.q_proj,768,dtd,resisc45,8,26,lora,47,0.7322359681129456,0.7475994825363159,0.010416666666666666,0.5101133296266198,0.5132097024470568,0.7218193014462789,0.22212263848632574,0.23438978008925915,0.0,0.22212263848632574
encoder.layers.2.self_attn.q_proj,768,dtd,stanford-cars,8,26,lora,47,0.796029269695282,0.8024016618728638,0.010416666666666666,0.5107031562365592,0.5142441913485527,0.7856126030286154,0.28532611345872283,0.28815747052431107,0.0,0.28532611345872283
encoder.layers.2.self_attn.q_proj,768,dtd,sun397,8,26,lora,47,0.7278829216957092,0.7323988676071167,0.010416666666666666,0.5169616201892495,0.519255886785686,0.7174662550290426,0.2109213015064597,0.21314298082143068,0.0,0.2109213015064597
encoder.layers.2.self_attn.q_proj,768,dtd,svhn,8,26,lora,47,0.6674927473068237,0.6705452799797058,0.010416666666666666,0.5150424442254007,0.5165339116938412,0.6570760806401571,0.15245030308142304,0.1540113682858646,0.0,0.15245030308142304
encoder.layers.2.self_attn.q_proj,768,eurosat,gtsrb,8,26,lora,47,0.7092685699462891,0.7068909406661987,0.010416666666666666,0.4986929101869464,0.5001138378866017,0.6988519032796224,0.21057565975934267,0.20677710277959704,0.0,0.21057565975934267
encoder.layers.2.self_attn.q_proj,768,eurosat,mnist,8,26,lora,47,0.6752027273178101,0.6760381460189819,0.010416666666666666,0.49333772202953696,0.4954419210553169,0.6647860606511434,0.1818650052882731,0.180596224963665,0.0,0.1818650052882731
encoder.layers.2.self_attn.q_proj,768,eurosat,resisc45,8,26,lora,47,0.6776876449584961,0.6937276721000671,0.010416666666666666,0.5068756579421461,0.5075609292834997,0.6672709782918295,0.17081198701635003,0.18616674281656742,0.0,0.17081198701635003
encoder.layers.2.self_attn.q_proj,768,eurosat,stanford-cars,8,26,lora,47,0.6700515151023865,0.6710911393165588,0.010416666666666666,0.5012609167024493,0.5033075786195695,0.6596348484357198,0.16879059839993715,0.1677835606969893,0.0,0.16879059839993715
encoder.layers.2.self_attn.q_proj,768,eurosat,sun397,8,26,lora,47,0.6905414462089539,0.6989606022834778,0.010416666666666666,0.5137247177772224,0.5173742775805295,0.6801247795422872,0.17681672843173146,0.18158632470294833,0.0,0.17681672843173146
encoder.layers.2.self_attn.q_proj,768,eurosat,svhn,8,26,lora,47,0.7581576704978943,0.7627983093261719,0.010416666666666666,0.49989126343280077,0.5009788470342755,0.7477410038312277,0.2582664070650935,0.26181946229189634,0.0,0.2582664070650935
encoder.layers.2.self_attn.q_proj,768,gtsrb,mnist,8,26,lora,47,0.7299630641937256,0.7422207593917847,0.010416666666666666,0.5078102466650307,0.509893596637994,0.719546397527059,0.22215281752869487,0.23232716275379062,0.0,0.22215281752869487
encoder.layers.2.self_attn.q_proj,768,gtsrb,resisc45,8,26,lora,47,0.6958441734313965,0.6989860534667969,0.010416666666666666,0.5095797120593488,0.5117614134214818,0.6854275067647299,0.18626446137204766,0.18722464004531503,0.0,0.18626446137204766
encoder.layers.2.self_attn.q_proj,768,gtsrb,stanford-cars,8,26,lora,47,0.6925492286682129,0.7028133869171143,0.010416666666666666,0.5177395818755031,0.5198742430657148,0.6821325620015463,0.17480964679270983,0.18293914385139942,0.0,0.17480964679270983
encoder.layers.2.self_attn.q_proj,768,gtsrb,sun397,8,26,lora,47,0.761076807975769,0.7580305337905884,0.010416666666666666,0.5118518806993961,0.5130119333043694,0.7506601413091024,0.2492249272763729,0.24501860048621893,0.0,0.2492249272763729
encoder.layers.2.self_attn.q_proj,768,gtsrb,svhn,8,26,lora,47,0.7881371378898621,0.7772574424743652,0.010416666666666666,0.5193235478363931,0.5195486564189196,0.7777204712231954,0.26881359005346894,0.25770878605544567,0.0,0.26881359005346894
encoder.layers.2.self_attn.q_proj,768,mnist,resisc45,8,26,lora,47,0.6985375881195068,0.7122877240180969,0.010416666666666666,0.5067948154173791,0.5095148929394782,0.6881209214528402,0.1917427727021277,0.20277283107861876,0.0,0.1917427727021277
encoder.layers.2.self_attn.q_proj,768,mnist,stanford-cars,8,26,lora,47,0.6905417442321777,0.693182647228241,0.010416666666666666,0.5175238563679159,0.5189650943502784,0.6801250775655111,0.17301788786426187,0.1742175528779626,0.0,0.17301788786426187
encoder.layers.2.self_attn.q_proj,768,mnist,sun397,8,26,lora,47,0.6830884218215942,0.6898273825645447,0.010416666666666666,0.5037863072939217,0.5067784572020173,0.6726717551549276,0.17930211452767253,0.18304892536252737,0.0,0.17930211452767253
encoder.layers.2.self_attn.q_proj,768,mnist,svhn,8,26,lora,47,0.7613632678985596,0.7596431970596313,0.010416666666666666,0.5028884122148156,0.5043890844099224,0.7509466012318929,0.25847485568374395,0.255254112649709,0.0,0.25847485568374395
encoder.layers.2.self_attn.q_proj,768,resisc45,stanford-cars,8,26,lora,47,0.7575280070304871,0.7711470127105713,0.010416666666666666,0.513701013289392,0.5149790933355689,0.7471113403638204,0.24382699374109507,0.2561679193750024,0.0,0.24382699374109507
encoder.layers.2.self_attn.q_proj,768,resisc45,sun397,8,26,lora,47,0.722935140132904,0.7440109848976135,0.010416666666666666,0.5156896547414362,0.5192363020032644,0.7125184734662374,0.2072454853914678,0.2247746828943491,0.0,0.2072454853914678
encoder.layers.2.self_attn.q_proj,768,resisc45,svhn,8,26,lora,47,0.72625732421875,0.7347936630249023,0.010416666666666666,0.5097932009957731,0.5114552159793675,0.7158406575520834,0.21646412322297692,0.22333844704553485,0.0,0.21646412322297692
encoder.layers.2.self_attn.q_proj,768,stanford-cars,sun397,8,26,lora,47,0.7348787784576416,0.7338446378707886,0.010416666666666666,0.5189132592640817,0.5209259265102446,0.724462111790975,0.21596551919355989,0.21291871136054397,0.0,0.21596551919355989
encoder.layers.2.self_attn.q_proj,768,stanford-cars,svhn,8,26,lora,47,0.6849951148033142,0.6878013610839844,0.010416666666666666,0.5146675175055861,0.5173736675642431,0.6745784481366476,0.17032759729772806,0.1704276935197413,0.0,0.17032759729772806
encoder.layers.2.self_attn.q_proj,768,sun397,svhn,8,26,lora,47,0.7783065438270569,0.7820838689804077,0.010416666666666666,0.5136830578558147,0.515084071084857,0.7678898771603903,0.2646234859712422,0.26699979789555073,0.0,0.2646234859712422
encoder.layers.2.self_attn.v_proj,768,dtd,eurosat,8,26,lora,47,0.7185542583465576,0.7232055068016052,0.010416666666666666,0.5039039170369506,0.5045955856330693,0.708137591679891,0.21465034130960703,0.21860992116853595,0.0,0.21465034130960703
encoder.layers.2.self_attn.v_proj,768,dtd,gtsrb,8,26,lora,47,0.8017343282699585,0.8052258491516113,0.010416666666666666,0.5082942168228328,0.5098044029437006,0.7913176616032919,0.2934401114471257,0.2954214462079108,0.0,0.2934401114471257
encoder.layers.2.self_attn.v_proj,768,dtd,mnist,8,26,lora,47,0.7980138063430786,0.7994518876075745,0.010416666666666666,0.5150540880858898,0.5156634324230254,0.787597139676412,0.2829597182571888,0.2837884551845491,0.0,0.2829597182571888
encoder.layers.2.self_attn.v_proj,768,dtd,resisc45,8,26,lora,47,0.7296202778816223,0.7296086549758911,0.010416666666666666,0.5056523261591792,0.5069496734067798,0.7192036112149557,0.2239679517224431,0.22265898156911135,0.0,0.2239679517224431
encoder.layers.2.self_attn.v_proj,768,dtd,stanford-cars,8,26,lora,47,0.7994040250778198,0.7971928715705872,0.010416666666666666,0.507405680604279,0.5096222562715411,0.7889873584111532,0.2919983444735408,0.28757061529904604,0.0,0.2919983444735408
encoder.layers.2.self_attn.v_proj,768,dtd,sun397,8,26,lora,47,0.8308552503585815,0.8345861434936523,0.010416666666666666,0.5053567192517221,0.5066291284747422,0.8204385836919149,0.32549853110685945,0.32795701501891017,0.0,0.32549853110685945
encoder.layers.2.self_attn.v_proj,768,dtd,svhn,8,26,lora,47,0.7135312557220459,0.7171378135681152,0.010416666666666666,0.5103444322012365,0.5115745635703206,0.7031145890553793,0.2031868235208094,0.20556324999779463,0.0,0.2031868235208094
encoder.layers.2.self_attn.v_proj,768,eurosat,gtsrb,8,26,lora,47,0.7913499474525452,0.799964427947998,0.010416666666666666,0.4973173695616424,0.4983895756304264,0.7809332807858785,0.29403257789090276,0.30157485231757164,0.0,0.29403257789090276
encoder.layers.2.self_attn.v_proj,768,eurosat,mnist,8,26,lora,47,0.7258637547492981,0.727842390537262,0.010416666666666666,0.5018566804938018,0.5028677033260465,0.7154470880826315,0.22400707425549626,0.2249746872112155,0.0,0.22400707425549626
encoder.layers.2.self_attn.v_proj,768,eurosat,resisc45,8,26,lora,47,0.7316504120826721,0.7288894057273865,0.010416666666666666,0.5056906859390438,0.5075372690334916,0.7212337454160055,0.22595972614362836,0.22135213669389486,0.0,0.22595972614362836
encoder.layers.2.self_attn.v_proj,768,eurosat,stanford-cars,8,26,lora,47,0.7414751648902893,0.7481158971786499,0.010416666666666666,0.503050688188523,0.5051224683411419,0.7310584982236227,0.23842447670176625,0.24299342883750796,0.0,0.23842447670176625
encoder.layers.2.self_attn.v_proj,768,eurosat,sun397,8,26,lora,47,0.7927373647689819,0.7972139120101929,0.010416666666666666,0.5023946133442223,0.5033136596903205,0.7823206981023153,0.2903427514247596,0.2939002523198724,0.0,0.2903427514247596
encoder.layers.2.self_attn.v_proj,768,eurosat,svhn,8,26,lora,47,0.7372839450836182,0.7415404319763184,0.010416666666666666,0.5139429280534387,0.5142940925434232,0.7268672784169515,0.2233410170301795,0.22724633943289518,0.0,0.2233410170301795
encoder.layers.2.self_attn.v_proj,768,gtsrb,mnist,8,26,lora,47,0.8073166012763977,0.8074257969856262,0.010416666666666666,0.5001918012276292,0.5015767901204526,0.7968999346097311,0.3071248000487685,0.3058490068651736,0.0,0.3071248000487685
encoder.layers.2.self_attn.v_proj,768,gtsrb,resisc45,8,26,lora,47,0.6998575329780579,0.7004867792129517,0.010416666666666666,0.5075752655975521,0.5082654729485512,0.6894408663113912,0.1922822673805058,0.19222130626440048,0.0,0.1922822673805058
encoder.layers.2.self_attn.v_proj,768,gtsrb,stanford-cars,8,26,lora,47,0.7645054459571838,0.7725054025650024,0.010416666666666666,0.5168390613980591,0.517531402874738,0.7540887792905172,0.2476663845591247,0.25497399969026446,0.0,0.2476663845591247
encoder.layers.2.self_attn.v_proj,768,gtsrb,sun397,8,26,lora,47,0.8068654537200928,0.8141236305236816,0.010416666666666666,0.5037740538828075,0.5051294416189194,0.7964487870534261,0.3030913998372853,0.30899418890476227,0.0,0.3030913998372853
encoder.layers.2.self_attn.v_proj,768,gtsrb,svhn,8,26,lora,47,0.7908427119255066,0.7967183589935303,0.010416666666666666,0.5037279692478478,0.5048461286351085,0.78042604525884,0.2871147426776588,0.2918722303584218,0.0,0.2871147426776588
encoder.layers.2.self_attn.v_proj,768,mnist,resisc45,8,26,lora,47,0.6953125596046448,0.6921086311340332,0.010416666666666666,0.5028974092565477,0.5038774735294282,0.6848958929379781,0.19241515034809709,0.18823115760460496,0.0,0.19241515034809709
encoder.layers.2.self_attn.v_proj,768,mnist,stanford-cars,8,26,lora,47,0.7310410141944885,0.7291672229766846,0.010416666666666666,0.5125195048749447,0.5151351802051067,0.7206243475278219,0.21852150931954384,0.21403204277157784,0.0,0.21852150931954384
encoder.layers.2.self_attn.v_proj,768,mnist,sun397,8,26,lora,47,0.7681466937065125,0.7698999643325806,0.010416666666666666,0.5071438434533775,0.5084384609945118,0.7577300270398458,0.26100285025313497,0.2614615033380687,0.0,0.26100285025313497
encoder.layers.2.self_attn.v_proj,768,mnist,svhn,8,26,lora,47,0.7450933456420898,0.7431812882423401,0.010416666666666666,0.5036998689174652,0.5047211153432727,0.7346766789754232,0.24139347672462463,0.2384601728990674,0.0,0.24139347672462463
encoder.layers.2.self_attn.v_proj,768,resisc45,stanford-cars,8,26,lora,47,0.755315899848938,0.7645171284675598,0.010416666666666666,0.5146101485006511,0.516096402425319,0.7448992331822714,0.24070575134828687,0.24842072604224086,0.0,0.24070575134828687
encoder.layers.2.self_attn.v_proj,768,resisc45,sun397,8,26,lora,47,0.7865699529647827,0.7916824817657471,0.010416666666666666,0.5012399540282786,0.5019287569448352,0.7761532862981161,0.2853299989365041,0.2897537248209119,0.0,0.2853299989365041
encoder.layers.2.self_attn.v_proj,768,resisc45,svhn,8,26,lora,47,0.7311497926712036,0.7319461703300476,0.010416666666666666,0.5095686102285981,0.5109074558131397,0.720733126004537,0.2215811824426055,0.22103871451690793,0.0,0.2215811824426055
encoder.layers.2.self_attn.v_proj,768,stanford-cars,sun397,8,26,lora,47,0.8630393743515015,0.8774577379226685,0.010416666666666666,0.508515837136656,0.5105357342399657,0.8526227076848348,0.3545235372148454,0.3669220036827028,0.0,0.3545235372148454
encoder.layers.2.self_attn.v_proj,768,stanford-cars,svhn,8,26,lora,47,0.6486620903015137,0.6661133170127869,0.010416666666666666,0.5120488163083792,0.5142640848644078,0.638245423634847,0.1366132739931345,0.1518492321483791,0.0,0.1366132739931345
encoder.layers.2.self_attn.v_proj,768,sun397,svhn,8,26,lora,47,0.7377955913543701,0.7448571920394897,0.010416666666666666,0.5023684990592301,0.503941647708416,0.7273789246877035,0.23542709229514003,0.24091554433107376,0.0,0.23542709229514003
encoder.layers.3.self_attn.q_proj,768,dtd,eurosat,8,41,lora,48,0.7691290378570557,0.7576565146446228,0.010416666666666666,0.5068230172619224,0.5068643689155579,0.758712371190389,0.2623060205951333,0.25079214572906494,0.0,0.2623060205951333
encoder.layers.3.self_attn.q_proj,768,dtd,gtsrb,8,41,lora,48,0.7424214482307434,0.7423880100250244,0.010416666666666666,0.4982857657596469,0.49837073078379035,0.7320047815640768,0.24413568247109652,0.24401727924123406,0.0,0.24413568247109652
encoder.layers.3.self_attn.q_proj,768,dtd,mnist,8,41,lora,48,0.780632734298706,0.7768916487693787,0.010416666666666666,0.50089455768466,0.5017531751655042,0.7702160676320394,0.2797381766140461,0.27513847360387444,0.0,0.2797381766140461
encoder.layers.3.self_attn.q_proj,768,dtd,resisc45,8,41,lora,48,0.7513233423233032,0.7401672005653381,0.010416666666666666,0.5134569248184562,0.5144377020187676,0.7409066756566366,0.23786641750484705,0.22572949854657054,0.0,0.23786641750484705
encoder.layers.3.self_attn.q_proj,768,dtd,stanford-cars,8,41,lora,48,0.7757697105407715,0.7727967500686646,0.010416666666666666,0.5085347355343401,0.5088053806684911,0.7653530438741049,0.26723497500643134,0.2639913694001734,0.0,0.26723497500643134
encoder.layers.3.self_attn.q_proj,768,dtd,sun397,8,41,lora,48,0.8490462303161621,0.8437075614929199,0.010416666666666666,0.5192567915655673,0.5196690098382533,0.8386295636494955,0.32978943875059485,0.32403855165466666,0.0,0.32978943875059485
encoder.layers.3.self_attn.q_proj,768,dtd,svhn,8,41,lora,48,0.6733922958374023,0.6765390038490295,0.010416666666666666,0.506751534063369,0.5069518284872174,0.6629756291707357,0.1666407617740333,0.16958717536181211,0.0,0.1666407617740333
encoder.layers.3.self_attn.q_proj,768,eurosat,gtsrb,8,41,lora,48,0.7632609605789185,0.759476363658905,0.010416666666666666,0.5046449168585241,0.5043516429141164,0.7528442939122518,0.2586160437203944,0.25512472074478865,0.0,0.2586160437203944
encoder.layers.3.self_attn.q_proj,768,eurosat,mnist,8,41,lora,48,0.7274182438850403,0.7254761457443237,0.010416666666666666,0.5075723892077804,0.5082057225517929,0.7170015772183737,0.21984585467725992,0.21727042319253087,0.0,0.21984585467725992
encoder.layers.3.self_attn.q_proj,768,eurosat,resisc45,8,41,lora,48,0.8074443340301514,0.8038449883460999,0.010416666666666666,0.504528152756393,0.5046223197132349,0.7970276673634847,0.3029161812737584,0.29922266863286495,0.0,0.3029161812737584
encoder.layers.3.self_attn.q_proj,768,eurosat,stanford-cars,8,41,lora,48,0.7493525147438049,0.7458645701408386,0.010416666666666666,0.5146430758759379,0.5146402781829238,0.7389358480771383,0.234709438867867,0.23122429195791483,0.0,0.234709438867867
encoder.layers.3.self_attn.q_proj,768,eurosat,sun397,8,41,lora,48,0.7370402216911316,0.7303929924964905,0.010416666666666666,0.5138891763053834,0.5129779065027833,0.726623555024465,0.22315104538574815,0.21741508599370718,0.0,0.22315104538574815
encoder.layers.3.self_attn.q_proj,768,eurosat,svhn,8,41,lora,48,0.7174311876296997,0.7214828729629517,0.010416666666666666,0.5084418314509094,0.5082633136771619,0.7070145209630331,0.20898935617879033,0.21321955928578973,0.0,0.20898935617879033
encoder.layers.3.self_attn.q_proj,768,gtsrb,mnist,8,41,lora,48,0.8154239058494568,0.81307452917099,0.010416666666666666,0.5056824362836778,0.5066654602997005,0.8050072391827902,0.30974146956577897,0.3064090688712895,0.0,0.30974146956577897
encoder.layers.3.self_attn.q_proj,768,gtsrb,resisc45,8,41,lora,48,0.7068853974342346,0.7051080465316772,0.010416666666666666,0.5039638099260628,0.5037180143408477,0.696468730767568,0.2029215875081718,0.20139003219082952,0.0,0.2029215875081718
encoder.layers.3.self_attn.q_proj,768,gtsrb,stanford-cars,8,41,lora,48,0.7300316691398621,0.7278574705123901,0.010416666666666666,0.5067525133490562,0.5075605977326632,0.7196150024731954,0.22327915579080582,0.22029687277972698,0.0,0.22327915579080582
encoder.layers.3.self_attn.q_proj,768,gtsrb,sun397,8,41,lora,48,0.6968393921852112,0.6975177526473999,0.010416666666666666,0.5103204175829887,0.5116644925437868,0.6864227255185446,0.18651897460222244,0.18585326010361314,0.0,0.18651897460222244
encoder.layers.3.self_attn.q_proj,768,gtsrb,svhn,8,41,lora,48,0.6458352208137512,0.6499297022819519,0.010416666666666666,0.500334263779223,0.5017232564277947,0.6354185541470846,0.14550095703452826,0.1482064458541572,0.0,0.14550095703452826
encoder.layers.3.self_attn.q_proj,768,mnist,resisc45,8,41,lora,48,0.7203893661499023,0.7165669798851013,0.010416666666666666,0.5106597794219851,0.510831375606358,0.7099726994832357,0.2097295867279172,0.20573560427874327,0.0,0.2097295867279172
encoder.layers.3.self_attn.q_proj,768,mnist,stanford-cars,8,41,lora,48,0.7260501384735107,0.7259006500244141,0.010416666666666666,0.5065170293673873,0.507061256095767,0.7156334718068441,0.21953310910612345,0.21883939392864704,0.0,0.21953310910612345
encoder.layers.3.self_attn.q_proj,768,mnist,sun397,8,41,lora,48,0.73943030834198,0.7399104833602905,0.010416666666666666,0.5062084323726594,0.5063254977576435,0.7290136416753134,0.23322187596932054,0.23358498560264707,0.0,0.23322187596932054
encoder.layers.3.self_attn.q_proj,768,mnist,svhn,8,41,lora,48,0.6374895572662354,0.6412472724914551,0.010416666666666666,0.5048309732228518,0.5045824963599443,0.6270728905995687,0.1326585840433836,0.13666477613151073,0.0,0.1326585840433836
encoder.layers.3.self_attn.q_proj,768,resisc45,stanford-cars,8,41,lora,48,0.8043087720870972,0.7999964952468872,0.010416666666666666,0.5112465950660408,0.5112370499409735,0.7938921054204305,0.2930621770210564,0.2887594453059137,0.0,0.2930621770210564
encoder.layers.3.self_attn.q_proj,768,resisc45,sun397,8,41,lora,48,0.7738628387451172,0.7754644751548767,0.010416666666666666,0.5174359967932105,0.5193050540983677,0.7634461720784506,0.2564268419519067,0.256159421056509,0.0,0.2564268419519067
encoder.layers.3.self_attn.q_proj,768,resisc45,svhn,8,41,lora,48,0.6409100294113159,0.6433060169219971,0.010416666666666666,0.4988190224394202,0.4990956992842257,0.6304933627446493,0.1420910069718957,0.14421031763777137,0.0,0.1420910069718957
encoder.layers.3.self_attn.q_proj,768,stanford-cars,sun397,8,41,lora,48,0.8447502255439758,0.8464140892028809,0.010416666666666666,0.5115097463130951,0.5140005848370492,0.8343335588773092,0.33324047923088074,0.3324135043658316,0.0,0.33324047923088074
encoder.layers.3.self_attn.q_proj,768,stanford-cars,svhn,8,41,lora,48,0.6352341175079346,0.6386768817901611,0.010416666666666666,0.5057503287680447,0.5054123937152326,0.6248174508412679,0.12948378873988986,0.13326448807492852,0.0,0.12948378873988986
encoder.layers.3.self_attn.q_proj,768,sun397,svhn,8,41,lora,48,0.7112346887588501,0.7167662978172302,0.010416666666666666,0.5079079754650593,0.5069962101988494,0.7008180220921835,0.20332671329379082,0.20977008761838078,0.0,0.20332671329379082
encoder.layers.3.self_attn.v_proj,768,dtd,eurosat,8,41,lora,48,0.6477876901626587,0.6516411900520325,0.010416666666666666,0.5136342737823725,0.5143825761042535,0.6373710234959921,0.13415341638028622,0.13725861394777894,0.0,0.13415341638028622
encoder.layers.3.self_attn.v_proj,768,dtd,gtsrb,8,41,lora,48,0.6823840141296387,0.6897907853126526,0.010416666666666666,0.5060279644094408,0.5075127189047635,0.671967347462972,0.17635604972019792,0.18227806640788913,0.0,0.17635604972019792
encoder.layers.3.self_attn.v_proj,768,dtd,mnist,8,41,lora,48,0.6670995950698853,0.6717202067375183,0.010416666666666666,0.5164339100010693,0.5179440528154373,0.6566829284032186,0.15066568506881595,0.153776153922081,0.0,0.15066568506881595
encoder.layers.3.self_attn.v_proj,768,dtd,resisc45,8,41,lora,48,0.8338476419448853,0.8350846171379089,0.010416666666666666,0.5126286735758185,0.5130220116116107,0.8234309752782186,0.3212189683690667,0.3220626055262983,0.0,0.3212189683690667
encoder.layers.3.self_attn.v_proj,768,dtd,stanford-cars,8,41,lora,48,0.7847321033477783,0.7884197235107422,0.010416666666666666,0.5183004657737911,0.5192714864388108,0.7743154366811117,0.26643163757398725,0.26914823707193136,0.0,0.26643163757398725
encoder.layers.3.self_attn.v_proj,768,dtd,sun397,8,41,lora,48,0.8041716814041138,0.8076744675636292,0.010416666666666666,0.5250703310593963,0.526454159989953,0.7937550147374471,0.2791013503447175,0.2812203075736761,0.0,0.2791013503447175
encoder.layers.3.self_attn.v_proj,768,dtd,svhn,8,41,lora,48,0.6335418224334717,0.6361098289489746,0.010416666666666666,0.5072921090759337,0.5088366931304336,0.623125155766805,0.12624971335753798,0.12727313581854105,0.0,0.12624971335753798
encoder.layers.3.self_attn.v_proj,768,eurosat,gtsrb,8,41,lora,48,0.6639379262924194,0.6623764038085938,0.010416666666666666,0.5088145649060607,0.5096373353153467,0.6535212596257528,0.15512336138635874,0.15273906849324703,0.0,0.15512336138635874
encoder.layers.3.self_attn.v_proj,768,eurosat,mnist,8,41,lora,48,0.6573526263237,0.6621754765510559,0.010416666666666666,0.5094150793738663,0.5102831642143428,0.6469359596570333,0.14793754694983363,0.15189231233671308,0.0,0.14793754694983363
encoder.layers.3.self_attn.v_proj,768,eurosat,resisc45,8,41,lora,48,0.7103231549263,0.7105972766876221,0.010416666666666666,0.4996171952225268,0.49962190818041563,0.6999064882596334,0.21070595970377326,0.21097536850720644,0.0,0.21070595970377326
encoder.layers.3.self_attn.v_proj,768,eurosat,stanford-cars,8,41,lora,48,0.6599544286727905,0.6622933149337769,0.010416666666666666,0.5037628570571542,0.5040286560542881,0.6495377620061239,0.15619157161563635,0.1582646588794887,0.0,0.15619157161563635
encoder.layers.3.self_attn.v_proj,768,eurosat,sun397,8,41,lora,48,0.632314920425415,0.635979950428009,0.010416666666666666,0.5127109047025442,0.5143739297054708,0.6218982537587484,0.11960401572287083,0.12160602072253823,0.0,0.11960401572287083
encoder.layers.3.self_attn.v_proj,768,eurosat,svhn,8,41,lora,48,0.5491531491279602,0.5488549470901489,0.010416666666666666,0.5014072256162763,0.5018231691792607,0.5387364824612936,0.04774592351168394,0.047031777910888195,0.0,0.04774592351168394
encoder.layers.3.self_attn.v_proj,768,gtsrb,mnist,8,41,lora,48,0.722615659236908,0.7277161478996277,0.010416666666666666,0.5134228225797415,0.5142079773359001,0.7121989925702413,0.20919283665716648,0.21350817056372762,0.0,0.20919283665716648
encoder.layers.3.self_attn.v_proj,768,gtsrb,resisc45,8,41,lora,48,0.6623945832252502,0.6602510213851929,0.010416666666666666,0.4981063143350184,0.49856268474832177,0.6519779165585836,0.16428826889023185,0.1616883366368711,0.0,0.16428826889023185
encoder.layers.3.self_attn.v_proj,768,gtsrb,stanford-cars,8,41,lora,48,0.7107000350952148,0.7129524350166321,0.010416666666666666,0.512345660943538,0.512282082810998,0.7002833684285482,0.1983543741516769,0.20067035220563412,0.0,0.1983543741516769
encoder.layers.3.self_attn.v_proj,768,gtsrb,sun397,8,41,lora,48,0.6516326665878296,0.6574956774711609,0.010416666666666666,0.5137758147902787,0.5150545635260642,0.641215999921163,0.13785685179755092,0.14244111394509673,0.0,0.13785685179755092
encoder.layers.3.self_attn.v_proj,768,gtsrb,svhn,8,41,lora,48,0.6390128135681152,0.6430752277374268,0.010416666666666666,0.5091742691583931,0.5095491679385304,0.6285961469014486,0.1298385444097221,0.1335260597988963,0.0,0.1298385444097221
encoder.layers.3.self_attn.v_proj,768,mnist,resisc45,8,41,lora,48,0.6746974587440491,0.683219313621521,0.010416666666666666,0.5139139802195132,0.5144633236341178,0.6642807920773824,0.1607834785245359,0.16875598998740315,0.0,0.1607834785245359
encoder.layers.3.self_attn.v_proj,768,mnist,stanford-cars,8,41,lora,48,0.6878434419631958,0.6944209337234497,0.010416666666666666,0.5048441444523633,0.505734053440392,0.6774267752965292,0.18299929751083255,0.1886868802830577,0.0,0.18299929751083255
encoder.layers.3.self_attn.v_proj,768,mnist,sun397,8,41,lora,48,0.7364526987075806,0.7404456734657288,0.010416666666666666,0.5170728284865618,0.5182830221019685,0.7260360320409139,0.2193798702210188,0.22216265136376023,0.0,0.2193798702210188
encoder.layers.3.self_attn.v_proj,768,mnist,svhn,8,41,lora,48,0.6484688520431519,0.6481346487998962,0.010416666666666666,0.5013826382346451,0.5025137350894511,0.6380521853764852,0.14708621380850673,0.14562091371044517,0.0,0.14708621380850673
encoder.layers.3.self_attn.v_proj,768,resisc45,stanford-cars,8,41,lora,48,0.8492189645767212,0.849066972732544,0.010416666666666666,0.5061670900322497,0.5062725036405027,0.8388022979100546,0.3430518745444715,0.34279446909204125,0.0,0.3430518745444715
encoder.layers.3.self_attn.v_proj,768,resisc45,sun397,8,41,lora,48,0.7501323819160461,0.7608176469802856,0.010416666666666666,0.512244576588273,0.5128356763161719,0.7397157152493795,0.2378878053277731,0.24798197066411376,0.0,0.2378878053277731
encoder.layers.3.self_attn.v_proj,768,resisc45,svhn,8,41,lora,48,0.6521174311637878,0.6513276100158691,0.010416666666666666,0.5026949676685035,0.5044367699883878,0.6417007644971212,0.14942246349528432,0.14689084002748132,0.0,0.14942246349528432
encoder.layers.3.self_attn.v_proj,768,stanford-cars,sun397,8,41,lora,48,0.8132401704788208,0.8185274600982666,0.010416666666666666,0.5170768089592457,0.5188683229498565,0.8028235038121542,0.2961633615195751,0.2996591371484101,0.0,0.2961633615195751
encoder.layers.3.self_attn.v_proj,768,stanford-cars,svhn,8,41,lora,48,0.6696099042892456,0.6694473624229431,0.010416666666666666,0.5168904555030167,0.517998652998358,0.659193237622579,0.1527194487862289,0.1514487094245851,0.0,0.1527194487862289
encoder.layers.3.self_attn.v_proj,768,sun397,svhn,8,41,lora,48,0.6302340030670166,0.6312994956970215,0.010416666666666666,0.503020707052201,0.5050565982237458,0.61981733640035,0.12721329601481557,0.12624289747327566,0.0,0.12721329601481557
encoder.layers.4.self_attn.q_proj,768,dtd,eurosat,8,46,lora,49,0.6871330738067627,0.6787774562835693,0.010416666666666666,0.49897644901648164,0.5014841491356492,0.6767164071400961,0.18815662479028106,0.17729330714792013,0.0,0.18815662479028106
encoder.layers.4.self_attn.q_proj,768,dtd,gtsrb,8,46,lora,49,0.6608439087867737,0.6603294014930725,0.010416666666666666,0.5116842105053365,0.5147655946202576,0.650427242120107,0.14915969828143716,0.1455638068728149,0.0,0.14915969828143716
encoder.layers.4.self_attn.q_proj,768,dtd,mnist,8,46,lora,49,0.6945189237594604,0.6985188126564026,0.010416666666666666,0.5119195086881518,0.5132452715188265,0.6841022570927938,0.1825994150713086,0.1852735411375761,0.0,0.1825994150713086
encoder.layers.4.self_attn.q_proj,768,dtd,resisc45,8,46,lora,49,0.7038702964782715,0.7068222165107727,0.010416666666666666,0.5068563567474484,0.5097662573680282,0.6934536298116049,0.19701393973082304,0.19705595914274454,0.0,0.19701393973082304
encoder.layers.4.self_attn.q_proj,768,dtd,stanford-cars,8,46,lora,49,0.7477638721466064,0.7483691573143005,0.010416666666666666,0.517992130946368,0.5206495770253241,0.7373472054799398,0.22977174120023847,0.22771958028897643,0.0,0.22977174120023847
encoder.layers.4.self_attn.q_proj,768,dtd,sun397,8,46,lora,49,0.7772876024246216,0.7876424789428711,0.010416666666666666,0.5079843429848552,0.5104422089643776,0.766870935757955,0.2693032594397664,0.27720026997849345,0.0,0.2693032594397664
encoder.layers.4.self_attn.q_proj,768,dtd,svhn,8,46,lora,49,0.6698256731033325,0.670741856098175,0.010416666666666666,0.5179646778851748,0.5199829204939306,0.6594090064366659,0.15186099521815777,0.15075893560424447,0.0,0.15186099521815777
encoder.layers.4.self_attn.q_proj,768,eurosat,gtsrb,8,46,lora,49,0.7315793633460999,0.726889967918396,0.010416666666666666,0.5184813449159265,0.5195812480524182,0.7211626966794332,0.2130980184301734,0.20730871986597776,0.0,0.2130980184301734
encoder.layers.4.self_attn.q_proj,768,eurosat,mnist,8,46,lora,49,0.6812779903411865,0.691423773765564,0.010416666666666666,0.5085863540880382,0.5092480517923832,0.6708613236745199,0.17269163625314832,0.18217572197318077,0.0,0.17269163625314832
encoder.layers.4.self_attn.q_proj,768,eurosat,resisc45,8,46,lora,49,0.692318856716156,0.6969237923622131,0.010416666666666666,0.503753752913326,0.506122007034719,0.6819021900494894,0.18856510380282998,0.19080178532749414,0.0,0.18856510380282998
encoder.layers.4.self_attn.q_proj,768,eurosat,stanford-cars,8,46,lora,49,0.6223751306533813,0.6195237636566162,0.010416666666666666,0.5069359671324492,0.5108688389882445,0.6119584639867147,0.1154391635209322,0.10865492466837168,0.0,0.1154391635209322
encoder.layers.4.self_attn.q_proj,768,eurosat,sun397,8,46,lora,49,0.6984284520149231,0.6911771297454834,0.010416666666666666,0.5055152173154056,0.5078046205453575,0.6880117853482565,0.1929132346995175,0.18337250920012593,0.0,0.1929132346995175
encoder.layers.4.self_attn.q_proj,768,eurosat,svhn,8,46,lora,49,0.6663550138473511,0.6582867503166199,0.010416666666666666,0.5060816910117865,0.5062088500708342,0.6559383471806844,0.1602733228355646,0.1520779002457857,0.0,0.1602733228355646
encoder.layers.4.self_attn.q_proj,768,gtsrb,mnist,8,46,lora,49,0.7629357576370239,0.7646598815917969,0.010416666666666666,0.49785864632576704,0.49810256576165557,0.7525190909703573,0.2650771113112569,0.2665573158301413,0.0,0.2650771113112569
encoder.layers.4.self_attn.q_proj,768,gtsrb,resisc45,8,46,lora,49,0.6389093399047852,0.6391681432723999,0.010416666666666666,0.4979400741867721,0.4994854028336704,0.6284926732381185,0.14096926571801305,0.13968274043872952,0.0,0.14096926571801305
encoder.layers.4.self_attn.q_proj,768,gtsrb,stanford-cars,8,46,lora,49,0.704296886920929,0.6976168155670166,0.010416666666666666,0.51690455339849,0.518839729949832,0.6938802202542623,0.187392333522439,0.17877708561718464,0.0,0.187392333522439
encoder.layers.4.self_attn.q_proj,768,gtsrb,sun397,8,46,lora,49,0.6555699110031128,0.6542875170707703,0.010416666666666666,0.5158440060913563,0.5165150659158826,0.6451532443364462,0.13972590491175652,0.13777245115488768,0.0,0.13972590491175652
encoder.layers.4.self_attn.q_proj,768,gtsrb,svhn,8,46,lora,49,0.7341363430023193,0.7317559123039246,0.010416666666666666,0.5083336289972067,0.5090463133528829,0.7237196763356527,0.22580271400511265,0.2227095989510417,0.0,0.22580271400511265
encoder.layers.4.self_attn.q_proj,768,mnist,resisc45,8,46,lora,49,0.6482872366905212,0.65659099817276,0.010416666666666666,0.502772243693471,0.5037019243463874,0.6378705700238546,0.14551499299705029,0.15288907382637262,0.0,0.14551499299705029
encoder.layers.4.self_attn.q_proj,768,mnist,stanford-cars,8,46,lora,49,0.7013702988624573,0.700995683670044,0.010416666666666666,0.5203798585571349,0.5223030908964574,0.6909536321957906,0.1809904403053224,0.1786925927735865,0.0,0.1809904403053224
encoder.layers.4.self_attn.q_proj,768,mnist,sun397,8,46,lora,49,0.6287704110145569,0.6321310997009277,0.010416666666666666,0.49637652514502406,0.4983399244956672,0.6183537443478903,0.13239388586953282,0.13379117520526052,0.0,0.13239388586953282
encoder.layers.4.self_attn.q_proj,768,mnist,svhn,8,46,lora,49,0.7265777587890625,0.7301722764968872,0.010416666666666666,0.509571720380336,0.5106631596572697,0.7161610921223959,0.21700603840872645,0.2195091168396175,0.0,0.21700603840872645
encoder.layers.4.self_attn.q_proj,768,resisc45,stanford-cars,8,46,lora,49,0.743827223777771,0.7469158172607422,0.010416666666666666,0.5100546237081289,0.5118681788444519,0.7334105571111044,0.23377260006964207,0.23504763841629028,0.0,0.23377260006964207
encoder.layers.4.self_attn.q_proj,768,resisc45,sun397,8,46,lora,49,0.7593557834625244,0.761696457862854,0.010416666666666666,0.509802645072341,0.5137778273783624,0.7489391167958578,0.24955313839018345,0.2479186304844916,0.0,0.24955313839018345
encoder.layers.4.self_attn.q_proj,768,resisc45,svhn,8,46,lora,49,0.6502649188041687,0.6469697952270508,0.010416666666666666,0.5009438768029213,0.503235244192183,0.6398482521375021,0.1493210420012474,0.14373455103486776,0.0,0.1493210420012474
encoder.layers.4.self_attn.q_proj,768,stanford-cars,sun397,8,46,lora,49,0.764138400554657,0.7610430717468262,0.010416666666666666,0.519687358289957,0.5220872992649674,0.7537217338879904,0.24445104226469994,0.23895577248185873,0.0,0.24445104226469994
encoder.layers.4.self_attn.q_proj,768,stanford-cars,svhn,8,46,lora,49,0.634709358215332,0.6234084367752075,0.010416666666666666,0.5102898883633316,0.5106158773414791,0.6242926915486654,0.12441946985200047,0.11279255943372846,0.0,0.12441946985200047
encoder.layers.4.self_attn.q_proj,768,sun397,svhn,8,46,lora,49,0.6231681108474731,0.6243174076080322,0.010416666666666666,0.5088839428499341,0.5095935622230172,0.6127514441808065,0.11428416799753904,0.11472384538501501,0.0,0.11428416799753904
encoder.layers.4.self_attn.v_proj,768,dtd,eurosat,8,46,lora,49,0.6442704200744629,0.6483660936355591,0.010416666666666666,0.5095407767221332,0.5096187056042254,0.6338537534077963,0.13472964335232973,0.13874738803133368,0.0,0.13472964335232973
encoder.layers.4.self_attn.v_proj,768,dtd,gtsrb,8,46,lora,49,0.6524026393890381,0.6506346464157104,0.010416666666666666,0.5177330044098198,0.5187742747366428,0.6419859727223715,0.13466963497921824,0.1318603716790676,0.0,0.13466963497921824
encoder.layers.4.self_attn.v_proj,768,dtd,mnist,8,46,lora,49,0.6225628852844238,0.6170675754547119,0.010416666666666666,0.5094553902745247,0.509742712136358,0.6121462186177572,0.11310749500989914,0.10732486331835389,0.0,0.11310749500989914
encoder.layers.4.self_attn.v_proj,768,dtd,resisc45,8,46,lora,49,0.7297030091285706,0.724683403968811,0.010416666666666666,0.5051314048469067,0.5069146789610386,0.7192863424619039,0.2245716042816639,0.21776872500777245,0.0,0.2245716042816639
encoder.layers.4.self_attn.v_proj,768,dtd,stanford-cars,8,46,lora,49,0.6316702365875244,0.6252646446228027,0.010416666666666666,0.522810336202383,0.5250335028395057,0.6212535699208578,0.10885990038514137,0.10023114178329706,0.0,0.10885990038514137
encoder.layers.4.self_attn.v_proj,768,dtd,sun397,8,46,lora,49,0.7794619202613831,0.7837991714477539,0.010416666666666666,0.5134183433838189,0.516308800317347,0.7690452535947164,0.2660435768775642,0.26749037113040686,0.0,0.2660435768775642
encoder.layers.4.self_attn.v_proj,768,dtd,svhn,8,46,lora,49,0.622010350227356,0.6230896711349487,0.010416666666666666,0.5059048011898994,0.5066967359744012,0.6115936835606893,0.11610554903745651,0.1163929351605475,0.0,0.11610554903745651
encoder.layers.4.self_attn.v_proj,768,eurosat,gtsrb,8,46,lora,49,0.649405837059021,0.6490987539291382,0.010416666666666666,0.49526753928512335,0.49574154196307063,0.6389891703923544,0.15413829777389765,0.15335721196606755,0.0,0.15413829777389765
encoder.layers.4.self_attn.v_proj,768,eurosat,mnist,8,46,lora,49,0.6188989281654358,0.6172058582305908,0.010416666666666666,0.49053448997437954,0.4915076531469822,0.6084822614987692,0.12836443819105625,0.12569820508360863,0.0,0.12836443819105625
encoder.layers.4.self_attn.v_proj,768,eurosat,resisc45,8,46,lora,49,0.6606630682945251,0.659123957157135,0.010416666666666666,0.5053359298035502,0.5069657070562243,0.6502464016278585,0.1553271384909749,0.15215825010091066,0.0,0.1553271384909749
encoder.layers.4.self_attn.v_proj,768,eurosat,stanford-cars,8,46,lora,49,0.6123833656311035,0.6108132600784302,0.010416666666666666,0.507988456171006,0.510156930424273,0.6019666989644369,0.10439490946009755,0.10065632965415716,0.0,0.10439490946009755
encoder.layers.4.self_attn.v_proj,768,eurosat,sun397,8,46,lora,49,0.6596192717552185,0.6650095582008362,0.010416666666666666,0.5105374613776803,0.5112182456068695,0.6492026050885519,0.1490818103775382,0.15379131259396672,0.0,0.1490818103775382
encoder.layers.4.self_attn.v_proj,768,eurosat,svhn,8,46,lora,49,0.6877402067184448,0.6930536031723022,0.010416666666666666,0.5033782701939344,0.5042670709080994,0.6773235400517782,0.18436193652451038,0.18878653226420283,0.0,0.18436193652451038
encoder.layers.4.self_attn.v_proj,768,gtsrb,mnist,8,46,lora,49,0.7304604053497314,0.7285732626914978,0.010416666666666666,0.5092653091996908,0.5101240323856473,0.7200437386830648,0.22119509615004063,0.2184492303058505,0.0,0.22119509615004063
encoder.layers.4.self_attn.v_proj,768,gtsrb,resisc45,8,46,lora,49,0.6700571775436401,0.6671371459960938,0.010416666666666666,0.5116742230020463,0.5127270934171975,0.6596405108769735,0.1583829545415938,0.15441005257889628,0.0,0.1583829545415938
encoder.layers.4.self_attn.v_proj,768,gtsrb,stanford-cars,8,46,lora,49,0.6330040693283081,0.6268395781517029,0.010416666666666666,0.5018267980776727,0.5032241530716419,0.6225874026616415,0.13117727125063539,0.12361542508006096,0.0,0.13117727125063539
encoder.layers.4.self_attn.v_proj,768,gtsrb,sun397,8,46,lora,49,0.6574727296829224,0.6582795977592468,0.010416666666666666,0.5010012020356953,0.501344142947346,0.6470560630162557,0.15647152764722705,0.15693545481190085,0.0,0.15647152764722705
encoder.layers.4.self_attn.v_proj,768,gtsrb,svhn,8,46,lora,49,0.648155689239502,0.6407661437988281,0.010416666666666666,0.5109164919704199,0.5109679829329252,0.6377390225728353,0.13723919726908207,0.1297981608659029,0.0,0.13723919726908207
encoder.layers.4.self_attn.v_proj,768,mnist,resisc45,8,46,lora,49,0.6015695929527283,0.5970956683158875,0.010416666666666666,0.5053409039974213,0.506908843293786,0.5911529262860616,0.096228688955307,0.0901868250221014,0.0,0.096228688955307
encoder.layers.4.self_attn.v_proj,768,mnist,stanford-cars,8,46,lora,49,0.6175541877746582,0.6097500324249268,0.010416666666666666,0.5137200853787363,0.5139438444748521,0.6071375211079916,0.10383410239592195,0.09580618795007467,0.0,0.10383410239592195
encoder.layers.4.self_attn.v_proj,768,mnist,sun397,8,46,lora,49,0.6007728576660156,0.5959715843200684,0.010416666666666666,0.5210639480501413,0.5232003461569548,0.590356190999349,0.07970890961587429,0.0727712381631136,0.0,0.07970890961587429
encoder.layers.4.self_attn.v_proj,768,mnist,svhn,8,46,lora,49,0.6425657868385315,0.6365751624107361,0.010416666666666666,0.5056430846452713,0.5062976814806461,0.6321491201718649,0.1369227021932602,0.13027748093008995,0.0,0.1369227021932602
encoder.layers.4.self_attn.v_proj,768,resisc45,stanford-cars,8,46,lora,49,0.6637968420982361,0.666029691696167,0.010416666666666666,0.5152572835795581,0.516513844486326,0.6533801754315695,0.14853955851867795,0.149515847209841,0.0,0.14853955851867795
encoder.layers.4.self_attn.v_proj,768,resisc45,sun397,8,46,lora,49,0.6753494739532471,0.6763474345207214,0.010416666666666666,0.508252099622041,0.5098622143268585,0.6649328072865804,0.16709737433120608,0.16648522019386292,0.0,0.16709737433120608
encoder.layers.4.self_attn.v_proj,768,resisc45,svhn,8,46,lora,49,0.6329331994056702,0.6298378109931946,0.010416666666666666,0.5145956501364708,0.5150624555535614,0.6225165327390035,0.11833754926919937,0.11477535543963313,0.0,0.11833754926919937
encoder.layers.4.self_attn.v_proj,768,stanford-cars,sun397,8,46,lora,49,0.7897619009017944,0.7892694473266602,0.010416666666666666,0.5123417628929019,0.51271913619712,0.7793452342351278,0.27742013800889254,0.2765503111295402,0.0,0.27742013800889254
encoder.layers.4.self_attn.v_proj,768,stanford-cars,svhn,8,46,lora,49,0.6153987050056458,0.6011440753936768,0.010416666666666666,0.5070794275961816,0.507507354952395,0.6049820383389791,0.10831927740946412,0.0936367204412818,0.0,0.10831927740946412
encoder.layers.4.self_attn.v_proj,768,sun397,svhn,8,46,lora,49,0.6440390348434448,0.6421641111373901,0.010416666666666666,0.5023305420763791,0.5034132567234337,0.6336223681767782,0.14170849276706576,0.1387508544139564,0.0,0.14170849276706576
encoder.layers.5.self_attn.q_proj,768,dtd,eurosat,8,48,lora,50,0.6734713315963745,0.6422269940376282,0.010416666666666666,0.5007181274704635,0.5022556087933481,0.6630546649297079,0.172753204125911,0.1399713852442801,0.0,0.172753204125911
encoder.layers.5.self_attn.q_proj,768,dtd,gtsrb,8,48,lora,50,0.7023968696594238,0.7132038474082947,0.010416666666666666,0.5142366159707308,0.5151742668822408,0.6919802029927572,0.18816025368869305,0.1980295805260539,0.0,0.18816025368869305
encoder.layers.5.self_attn.q_proj,768,dtd,mnist,8,48,lora,50,0.6358023285865784,0.6296416521072388,0.010416666666666666,0.5194259705021977,0.51961999386549,0.6253856619199117,0.11637635808438063,0.11002165824174881,0.0,0.11637635808438063
encoder.layers.5.self_attn.q_proj,768,dtd,resisc45,8,48,lora,50,0.7245019674301147,0.7353405356407166,0.010416666666666666,0.5187381454743445,0.5179256633855402,0.7140853007634481,0.20576382195577025,0.2174148722551763,0.0,0.20576382195577025
encoder.layers.5.self_attn.q_proj,768,dtd,stanford-cars,8,48,lora,50,0.6832979321479797,0.6775616407394409,0.010416666666666666,0.524425842333585,0.5245999246835709,0.6728812654813131,0.1588720898143947,0.15296171605587006,0.0,0.1588720898143947
encoder.layers.5.self_attn.q_proj,768,dtd,sun397,8,48,lora,50,0.6757920980453491,0.6929905414581299,0.010416666666666666,0.5320391361601651,0.5321698538027704,0.6653754313786825,0.14375296188518405,0.1608206876553595,0.0,0.14375296188518405
encoder.layers.5.self_attn.q_proj,768,dtd,svhn,8,48,lora,50,0.656381368637085,0.6730018854141235,0.010416666666666666,0.5140466438606381,0.5150505374185741,0.6459647019704183,0.14233472477644682,0.15795134799554944,0.0,0.14233472477644682
encoder.layers.5.self_attn.q_proj,768,eurosat,gtsrb,8,48,lora,50,0.5951846837997437,0.592759907245636,0.010416666666666666,0.526734456885606,0.5273207640275359,0.584768017133077,0.0684502269141376,0.06543914321810007,0.0,0.0684502269141376
encoder.layers.5.self_attn.q_proj,768,eurosat,mnist,8,48,lora,50,0.5732452273368835,0.5807169675827026,0.010416666666666666,0.5083698704838753,0.5111638465896249,0.5628285606702169,0.06487535685300827,0.06955312099307775,0.0,0.06487535685300827
encoder.layers.5.self_attn.q_proj,768,eurosat,resisc45,8,48,lora,50,0.6909568309783936,0.6895327568054199,0.010416666666666666,0.511721174698323,0.5129349352791905,0.6805401643117269,0.17923565628007054,0.17659782152622938,0.0,0.17923565628007054
encoder.layers.5.self_attn.q_proj,768,eurosat,stanford-cars,8,48,lora,50,0.621670663356781,0.6169354319572449,0.010416666666666666,0.510356203187257,0.5135555756278336,0.6112539966901144,0.11131446016952395,0.10337985632941127,0.0,0.11131446016952395
encoder.layers.5.self_attn.q_proj,768,eurosat,sun397,8,48,lora,50,0.6477612853050232,0.6637132167816162,0.010416666666666666,0.5092077343724668,0.5119332228787243,0.6373446186383566,0.1385535509325564,0.15177999390289187,0.0,0.1385535509325564
encoder.layers.5.self_attn.q_proj,768,eurosat,svhn,8,48,lora,50,0.5929824113845825,0.5994012355804443,0.010416666666666666,0.5081723751500249,0.5080747222527862,0.5825657447179159,0.08481003623455763,0.09132651332765818,0.0,0.08481003623455763
encoder.layers.5.self_attn.q_proj,768,gtsrb,mnist,8,48,lora,50,0.6877570748329163,0.692310094833374,0.010416666666666666,0.5046607381664217,0.5049393544904888,0.6773404081662496,0.1830963366664946,0.18737074034288526,0.0,0.1830963366664946
encoder.layers.5.self_attn.q_proj,768,gtsrb,resisc45,8,48,lora,50,0.6339086294174194,0.6351304054260254,0.010416666666666666,0.5155157665722072,0.516762753482908,0.6234919627507528,0.11839286284521222,0.11836765194311738,0.0,0.11839286284521222
encoder.layers.5.self_attn.q_proj,768,gtsrb,stanford-cars,8,48,lora,50,0.6864547729492188,0.6887911558151245,0.010416666666666666,0.5171809969469905,0.5186803354881704,0.6760381062825521,0.16927377600222826,0.17011082032695413,0.0,0.16927377600222826
encoder.layers.5.self_attn.q_proj,768,gtsrb,sun397,8,48,lora,50,0.6965892910957336,0.7057262659072876,0.010416666666666666,0.5099149774760008,0.5115567799657583,0.686172624429067,0.18667431361973286,0.19416948594152927,0.0,0.18667431361973286
encoder.layers.5.self_attn.q_proj,768,gtsrb,svhn,8,48,lora,50,0.7084505558013916,0.7149661779403687,0.010416666666666666,0.5092395870015025,0.5100606651976705,0.698033889134725,0.1992109687998891,0.2049055127426982,0.0,0.1992109687998891
encoder.layers.5.self_attn.q_proj,768,mnist,resisc45,8,48,lora,50,0.5870689153671265,0.5929120182991028,0.010416666666666666,0.5074491887353361,0.508294677361846,0.5766522487004598,0.0796197266317904,0.08461734093725681,0.0,0.0796197266317904
encoder.layers.5.self_attn.q_proj,768,mnist,stanford-cars,8,48,lora,50,0.6356543898582458,0.6398651003837585,0.010416666666666666,0.512342422734946,0.5137310209684074,0.6252377231915792,0.12331196712329984,0.12613407941535115,0.0,0.12331196712329984
encoder.layers.5.self_attn.q_proj,768,mnist,sun397,8,48,lora,50,0.6271489262580872,0.631300151348114,0.010416666666666666,0.519787322729826,0.519927257206291,0.6167322595914205,0.10736160352826118,0.11137289414182305,0.0,0.10736160352826118
encoder.layers.5.self_attn.q_proj,768,mnist,svhn,8,48,lora,50,0.61903977394104,0.6200326681137085,0.010416666666666666,0.5039769802242517,0.5043619675561786,0.6086231072743734,0.11506279371678829,0.11567070055752993,0.0,0.11506279371678829
encoder.layers.5.self_attn.q_proj,768,resisc45,stanford-cars,8,48,lora,50,0.6101884245872498,0.6047701835632324,0.010416666666666666,0.5144998719915748,0.5162161984480917,0.5997717579205831,0.09568855259567499,0.08855398511514068,0.0,0.09568855259567499
encoder.layers.5.self_attn.q_proj,768,resisc45,sun397,8,48,lora,50,0.6447072625160217,0.6676930785179138,0.010416666666666666,0.521725423168391,0.5224232510663569,0.6342905958493551,0.12298183934763074,0.14526982745155692,0.0,0.12298183934763074
encoder.layers.5.self_attn.q_proj,768,resisc45,svhn,8,48,lora,50,0.6044605374336243,0.6103559732437134,0.010416666666666666,0.512440939899534,0.513159436173737,0.5940438707669576,0.09201959753409028,0.09719653706997633,0.0,0.09201959753409028
encoder.layers.5.self_attn.q_proj,768,stanford-cars,sun397,8,48,lora,50,0.7563084363937378,0.7767497301101685,0.010416666666666666,0.520274082198739,0.5200073989108205,0.7458917697270712,0.23603435419499874,0.256742331199348,0.0,0.23603435419499874
encoder.layers.5.self_attn.q_proj,768,stanford-cars,svhn,8,48,lora,50,0.6232689619064331,0.6309042572975159,0.010416666666666666,0.5084557691588998,0.5096049797721207,0.6128522952397665,0.11481319274753332,0.12129927752539515,0.0,0.11481319274753332
encoder.layers.5.self_attn.q_proj,768,sun397,svhn,8,48,lora,50,0.6587580442428589,0.6604310274124146,0.010416666666666666,0.5124168442562222,0.513238001614809,0.6483413775761923,0.14634119998663664,0.14719302579760551,0.0,0.14634119998663664
encoder.layers.5.self_attn.v_proj,768,dtd,eurosat,8,48,lora,50,0.6886792182922363,0.6799730062484741,0.010416666666666666,0.5075260852463543,0.5079936846159399,0.6782625516255697,0.181153133045882,0.17197932163253427,0.0,0.181153133045882
encoder.layers.5.self_attn.v_proj,768,dtd,gtsrb,8,48,lora,50,0.6586626768112183,0.6460797786712646,0.010416666666666666,0.4976329319179058,0.5002197092399001,0.6482460101445516,0.16102974489331245,0.14586006943136454,0.0,0.16102974489331245
encoder.layers.5.self_attn.v_proj,768,dtd,mnist,8,48,lora,50,0.5998789072036743,0.5868067741394043,0.010416666666666666,0.5111967227421701,0.5126679847016931,0.5894622405370077,0.08868218446150422,0.07413878943771124,0.0,0.08868218446150422
encoder.layers.5.self_attn.v_proj,768,dtd,resisc45,8,48,lora,50,0.7173742055892944,0.7258644104003906,0.010416666666666666,0.5127035961486399,0.5150299174711108,0.7069575389226278,0.20467060944065452,0.2108344929292798,0.0,0.20467060944065452
encoder.layers.5.self_attn.v_proj,768,dtd,stanford-cars,8,48,lora,50,0.6572925448417664,0.6520705819129944,0.010416666666666666,0.5143672344274819,0.5154030383564532,0.6468758781750997,0.14292531041428447,0.1366675435565412,0.0,0.14292531041428447
encoder.layers.5.self_attn.v_proj,768,dtd,sun397,8,48,lora,50,0.701440691947937,0.7067857980728149,0.010416666666666666,0.5037125935778022,0.5062132701277733,0.6910240252812704,0.19772809837013483,0.20057252794504166,0.0,0.19772809837013483
encoder.layers.5.self_attn.v_proj,768,dtd,svhn,8,48,lora,50,0.6202808022499084,0.6216118335723877,0.010416666666666666,0.5062287640757859,0.5073386607691646,0.6098641355832418,0.11405203817412257,0.11427317280322313,0.0,0.11405203817412257
encoder.layers.5.self_attn.v_proj,768,eurosat,gtsrb,8,48,lora,50,0.7037234902381897,0.6997655630111694,0.010416666666666666,0.503801133017987,0.5045711719430983,0.6933068235715231,0.19992235722020268,0.19519439106807113,0.0,0.19992235722020268
encoder.layers.5.self_attn.v_proj,768,eurosat,mnist,8,48,lora,50,0.6150016188621521,0.6159206628799438,0.010416666666666666,0.4972642776556313,0.4984157276339829,0.6045849521954855,0.1177373412065208,0.11750493524596095,0.0,0.1177373412065208
encoder.layers.5.self_attn.v_proj,768,eurosat,resisc45,8,48,lora,50,0.6359580755233765,0.6384434103965759,0.010416666666666666,0.4998416481539607,0.5007905978709459,0.6255414088567098,0.13611642736941576,0.13765281252563,0.0,0.13611642736941576
encoder.layers.5.self_attn.v_proj,768,eurosat,stanford-cars,8,48,lora,50,0.6403265595436096,0.6400742530822754,0.010416666666666666,0.5073895188979805,0.5083119552582502,0.629909892876943,0.13293704064562917,0.13176229782402515,0.0,0.13293704064562917
encoder.layers.5.self_attn.v_proj,768,eurosat,sun397,8,48,lora,50,0.7080485224723816,0.7052426338195801,0.010416666666666666,0.5097180386073887,0.5114267179742455,0.697631855805715,0.19833048386499286,0.19381591584533453,0.0,0.19833048386499286
encoder.layers.5.self_attn.v_proj,768,eurosat,svhn,8,48,lora,50,0.6112101674079895,0.6058523058891296,0.010416666666666666,0.49888887954875827,0.4991416442207992,0.6007935007413229,0.11232128785923123,0.10671066166833043,0.0,0.11232128785923123
encoder.layers.5.self_attn.v_proj,768,gtsrb,mnist,8,48,lora,50,0.7273563146591187,0.7208312749862671,0.010416666666666666,0.5051123998127878,0.5063875881023705,0.716939647992452,0.22224391484633088,0.2144436868838966,0.0,0.22224391484633088
encoder.layers.5.self_attn.v_proj,768,gtsrb,resisc45,8,48,lora,50,0.7181161642074585,0.7179762125015259,0.010416666666666666,0.5088345552794635,0.5093710529617965,0.7076994975407919,0.20928160892799497,0.20860515953972936,0.0,0.20928160892799497
encoder.layers.5.self_attn.v_proj,768,gtsrb,stanford-cars,8,48,lora,50,0.685957133769989,0.6881352663040161,0.010416666666666666,0.5093066957779229,0.5092394952662289,0.6755404671033224,0.17665043799206614,0.1788957710377872,0.0,0.17665043799206614
encoder.layers.5.self_attn.v_proj,768,gtsrb,sun397,8,48,lora,50,0.6465604901313782,0.639700174331665,0.010416666666666666,0.5074980412609875,0.5086574871093035,0.6361438234647115,0.13906244887039065,0.13104268722236156,0.0,0.13906244887039065
encoder.layers.5.self_attn.v_proj,768,gtsrb,svhn,8,48,lora,50,0.6814086437225342,0.6772749423980713,0.010416666666666666,0.5097796088084579,0.5104154511354864,0.6709919770558676,0.17162903491407633,0.16685949126258492,0.0,0.17162903491407633
encoder.layers.5.self_attn.v_proj,768,mnist,resisc45,8,48,lora,50,0.6613025665283203,0.6493457555770874,0.010416666666666666,0.49927476653829217,0.4997502891346812,0.6508858998616537,0.16202779999002814,0.14959546644240618,0.0,0.16202779999002814
encoder.layers.5.self_attn.v_proj,768,mnist,stanford-cars,8,48,lora,50,0.6653449535369873,0.6607936024665833,0.010416666666666666,0.500400360673666,0.5015942053869367,0.6549282868703207,0.1649445928633213,0.1591993970796466,0.0,0.1649445928633213
encoder.layers.5.self_attn.v_proj,768,mnist,sun397,8,48,lora,50,0.5752202868461609,0.5646525621414185,0.010416666666666666,0.5122815850190818,0.5125166145153344,0.5648036201794943,0.06293870182707906,0.05213594762608409,0.0,0.06293870182707906
encoder.layers.5.self_attn.v_proj,768,mnist,svhn,8,48,lora,50,0.627345085144043,0.623185396194458,0.010416666666666666,0.5051641119644046,0.5064160004258156,0.6169284184773763,0.12218097317963839,0.11676939576864243,0.0,0.12218097317963839
encoder.layers.5.self_attn.v_proj,768,resisc45,stanford-cars,8,48,lora,50,0.6724610924720764,0.6702798008918762,0.010416666666666666,0.5155326048843563,0.5151015762239695,0.6620444258054098,0.15692848758772016,0.15517822466790676,0.0,0.15692848758772016
encoder.layers.5.self_attn.v_proj,768,resisc45,sun397,8,48,lora,50,0.7040143013000488,0.7117133140563965,0.010416666666666666,0.5059953881427646,0.506909679621458,0.6935976346333822,0.19801891315728426,0.20480363443493843,0.0,0.19801891315728426
encoder.layers.5.self_attn.v_proj,768,resisc45,svhn,8,48,lora,50,0.611968457698822,0.6159461736679077,0.010416666666666666,0.5096731488592923,0.5101717594079673,0.6015517910321554,0.10229530883952975,0.10577441425994039,0.0,0.10229530883952975
encoder.layers.5.self_attn.v_proj,768,stanford-cars,sun397,8,48,lora,50,0.7256624102592468,0.7277045249938965,0.010416666666666666,0.5152315176092088,0.5159612041898072,0.7152457435925802,0.210430892650038,0.2117433208040893,0.0,0.210430892650038
encoder.layers.5.self_attn.v_proj,768,stanford-cars,svhn,8,48,lora,50,0.6577353477478027,0.6603050231933594,0.010416666666666666,0.49735602363944054,0.49832432670518756,0.6473186810811361,0.1603793241083622,0.16198069648817182,0.0,0.1603793241083622
encoder.layers.5.self_attn.v_proj,768,sun397,svhn,8,48,lora,50,0.6148417592048645,0.6171841025352478,0.010416666666666666,0.5004698215052485,0.5009232857264578,0.6044250925381979,0.11437193769961596,0.11626081680878997,0.0,0.11437193769961596
encoder.layers.6.self_attn.q_proj,768,dtd,eurosat,8,64,lora,44,0.6356934309005737,0.6292716264724731,0.010416666666666666,0.5131252417340875,0.5142027433030307,0.6252767642339071,0.12256818916648626,0.11506888316944242,0.0,0.12256818916648626
encoder.layers.6.self_attn.q_proj,768,dtd,gtsrb,8,64,lora,44,0.6545736789703369,0.6537868976593018,0.010416666666666666,0.5196771882474422,0.5203549694269896,0.6441570123036703,0.13489649072289467,0.1334319282323122,0.0,0.13489649072289467
encoder.layers.6.self_attn.q_proj,768,dtd,mnist,8,64,lora,44,0.5885170698165894,0.591198205947876,0.010416666666666666,0.5215481664054096,0.5237438101321459,0.5781004031499227,0.06696890341117978,0.0674543958157301,0.0,0.06696890341117978
encoder.layers.6.self_attn.q_proj,768,dtd,resisc45,8,64,lora,44,0.6919088363647461,0.7005577683448792,0.010416666666666666,0.5155757907778025,0.5156327118165791,0.6814921696980795,0.17633304558694363,0.18492505652830005,0.0,0.17633304558694363
encoder.layers.6.self_attn.q_proj,768,dtd,stanford-cars,8,64,lora,44,0.6116547584533691,0.6127828359603882,0.010416666666666666,0.5220393971540034,0.5241101952269673,0.6012380917867025,0.08961536129936576,0.08867264073342085,0.0,0.08961536129936576
encoder.layers.6.self_attn.q_proj,768,dtd,sun397,8,64,lora,44,0.6986072659492493,0.6972404718399048,0.010416666666666666,0.5148400194011629,0.5169398598372936,0.6881905992825826,0.1837672465480864,0.18030061200261116,0.0,0.1837672465480864
encoder.layers.6.self_attn.q_proj,768,dtd,svhn,8,64,lora,44,0.6553812623023987,0.6499247550964355,0.010416666666666666,0.5108264368027449,0.511937337461859,0.644964595635732,0.14455482549965382,0.13798741763457656,0.0,0.14455482549965382
encoder.layers.6.self_attn.q_proj,768,eurosat,gtsrb,8,64,lora,44,0.6604567766189575,0.6651839017868042,0.010416666666666666,0.4983289507217705,0.49969908548519015,0.6500401099522909,0.162127825897187,0.16548481630161405,0.0,0.162127825897187
encoder.layers.6.self_attn.q_proj,768,eurosat,mnist,8,64,lora,44,0.5371690988540649,0.5411392450332642,0.010416666666666666,0.5180025561712682,0.5185709404759109,0.5267524321873983,0.019166542682796717,0.022568304557353258,0.0,0.019166542682796717
encoder.layers.6.self_attn.q_proj,768,eurosat,resisc45,8,64,lora,44,0.6232728362083435,0.6296595335006714,0.010416666666666666,0.5022109961137176,0.5023593548685312,0.6128561695416769,0.12106184009462595,0.12730017863214016,0.0,0.12106184009462595
encoder.layers.6.self_attn.q_proj,768,eurosat,stanford-cars,8,64,lora,44,0.5728946328163147,0.571273148059845,0.010416666666666666,0.5060974233783782,0.5065509406849742,0.5624779661496481,0.06679720943793654,0.06472220737487078,0.0,0.06679720943793654
encoder.layers.6.self_attn.q_proj,768,eurosat,sun397,8,64,lora,44,0.6290180087089539,0.6265124082565308,0.010416666666666666,0.5138668459840119,0.5147098787128925,0.6186013420422872,0.11515116272494197,0.11180252954363823,0.0,0.11515116272494197
encoder.layers.6.self_attn.q_proj,768,eurosat,svhn,8,64,lora,44,0.6228662729263306,0.6241832971572876,0.010416666666666666,0.508206500671804,0.5084710535593331,0.6124496062596639,0.11465977225452662,0.11571224359795451,0.0,0.11465977225452662
encoder.layers.6.self_attn.q_proj,768,gtsrb,mnist,8,64,lora,44,0.6156211495399475,0.6211673021316528,0.010416666666666666,0.5014320486225188,0.5028897430747747,0.6052044828732809,0.11418910091742873,0.11827755905687809,0.0,0.11418910091742873
encoder.layers.6.self_attn.q_proj,768,gtsrb,resisc45,8,64,lora,44,0.7281426787376404,0.7328494191169739,0.010416666666666666,0.5033372128382325,0.5042544798925519,0.7177260120709738,0.22480546589940786,0.22859493922442198,0.0,0.22480546589940786
encoder.layers.6.self_attn.q_proj,768,gtsrb,stanford-cars,8,64,lora,44,0.6586107611656189,0.6612295508384705,0.010416666666666666,0.5145067437551916,0.5158325736410916,0.6481940944989523,0.14410401741042733,0.14539697719737887,0.0,0.14410401741042733
encoder.layers.6.self_attn.q_proj,768,gtsrb,sun397,8,64,lora,44,0.6127650141716003,0.6108216643333435,0.010416666666666666,0.5156305148266256,0.5166693921200931,0.6023483475049337,0.09713449934497476,0.0941522722132504,0.0,0.09713449934497476
encoder.layers.6.self_attn.q_proj,768,gtsrb,svhn,8,64,lora,44,0.6909656524658203,0.6904986500740051,0.010416666666666666,0.49870005063712597,0.4998018015176058,0.6805489857991537,0.19226560182869434,0.19069684855639935,0.0,0.19226560182869434
encoder.layers.6.self_attn.q_proj,768,mnist,resisc45,8,64,lora,44,0.5721434354782104,0.5738212466239929,0.010416666666666666,0.5124377384781837,0.5126229077577591,0.5617267688115438,0.0597056970000267,0.061198338866233826,0.0,0.0597056970000267
encoder.layers.6.self_attn.q_proj,768,mnist,stanford-cars,8,64,lora,44,0.5999586582183838,0.594673216342926,0.010416666666666666,0.5284888003952801,0.530675136949867,0.5895419915517172,0.07146985782310367,0.06399807939305902,0.0,0.07146985782310367
encoder.layers.6.self_attn.q_proj,768,mnist,sun397,8,64,lora,44,0.5615580677986145,0.5624752044677734,0.010416666666666666,0.5177124538458884,0.5191994598135352,0.5511414011319479,0.043845613952726126,0.043275744654238224,0.0,0.043845613952726126
encoder.layers.6.self_attn.q_proj,768,mnist,svhn,8,64,lora,44,0.6857103109359741,0.6885651350021362,0.010416666666666666,0.5071742562577128,0.5097437687218189,0.6752936442693075,0.17853605467826128,0.1788213662803173,0.0,0.17853605467826128
encoder.layers.6.self_attn.q_proj,768,resisc45,stanford-cars,8,64,lora,44,0.7384994029998779,0.7446882128715515,0.010416666666666666,0.520303400233388,0.5205185115337372,0.7280827363332113,0.21819600276648998,0.22416970133781433,0.0,0.21819600276648998
encoder.layers.6.self_attn.q_proj,768,resisc45,sun397,8,64,lora,44,0.7105266451835632,0.7114365696907043,0.010416666666666666,0.5114595447666943,0.5112996459938586,0.7001099785168966,0.19906710041686893,0.20013692369684577,0.0,0.19906710041686893
encoder.layers.6.self_attn.q_proj,768,resisc45,svhn,8,64,lora,44,0.5871788263320923,0.5885883569717407,0.010416666666666666,0.5033474806696177,0.5050961235538125,0.5767621596654257,0.08383134566247463,0.08349223341792822,0.0,0.08383134566247463
encoder.layers.6.self_attn.q_proj,768,stanford-cars,sun397,8,64,lora,44,0.6981671452522278,0.6925479173660278,0.010416666666666666,0.5148132885806262,0.5169738680124283,0.6877504785855612,0.18335385667160153,0.17557404935359955,0.0,0.18335385667160153
encoder.layers.6.self_attn.q_proj,768,stanford-cars,svhn,8,64,lora,44,0.6181447505950928,0.6174353957176208,0.010416666666666666,0.5050574531778693,0.5062557882629335,0.6077280839284261,0.11308729741722345,0.11117960745468736,0.0,0.11308729741722345
encoder.layers.6.self_attn.q_proj,768,sun397,svhn,8,64,lora,44,0.607518196105957,0.6038421392440796,0.010416666666666666,0.5074790315702558,0.5069041131064296,0.5971015294392904,0.10003916453570127,0.09693802613765001,0.0,0.10003916453570127
encoder.layers.6.self_attn.v_proj,768,dtd,eurosat,8,64,lora,44,0.6525683403015137,0.6510601043701172,0.010416666666666666,0.4998227837495506,0.5004119640216231,0.642151673634847,0.1527455565519631,0.15064814034849405,0.0,0.1527455565519631
encoder.layers.6.self_attn.v_proj,768,dtd,gtsrb,8,64,lora,44,0.6278007626533508,0.6226851940155029,0.010416666666666666,0.4996052887290716,0.5007475125603378,0.6173840959866842,0.1281954739242792,0.12193768145516515,0.0,0.1281954739242792
encoder.layers.6.self_attn.v_proj,768,dtd,mnist,8,64,lora,44,0.6324062943458557,0.6297296285629272,0.010416666666666666,0.5032470733858645,0.5034069698303938,0.6219896276791891,0.12915922095999122,0.12632265873253345,0.0,0.12915922095999122
encoder.layers.6.self_attn.v_proj,768,dtd,resisc45,8,64,lora,44,0.6973339915275574,0.685921311378479,0.010416666666666666,0.5104243871755898,0.5119907944463193,0.6869173248608907,0.18690960435196757,0.17393051693215966,0.0,0.18690960435196757
encoder.layers.6.self_attn.v_proj,768,dtd,stanford-cars,8,64,lora,44,0.6647384166717529,0.6625990271568298,0.010416666666666666,0.5165539053268731,0.51757005834952,0.6543217500050863,0.14818451134487987,0.14502896880730987,0.0,0.14818451134487987
encoder.layers.6.self_attn.v_proj,768,dtd,sun397,8,64,lora,44,0.6602288484573364,0.6593096256256104,0.010416666666666666,0.5035942229442298,0.5044978451915085,0.6498121817906698,0.15663462551310658,0.15481178043410182,0.0,0.15663462551310658
encoder.layers.6.self_attn.v_proj,768,dtd,svhn,8,64,lora,44,0.5881080031394958,0.5902305841445923,0.010416666666666666,0.5198958087712526,0.5210214043036103,0.5776913364728292,0.06821219436824322,0.06920917984098196,0.0,0.06821219436824322
encoder.layers.6.self_attn.v_proj,768,eurosat,gtsrb,8,64,lora,44,0.6925381422042847,0.697068452835083,0.010416666666666666,0.5057501634582877,0.5055029215291142,0.682121475537618,0.18678797874599695,0.19156553130596876,0.0,0.18678797874599695
encoder.layers.6.self_attn.v_proj,768,eurosat,mnist,8,64,lora,44,0.6509790420532227,0.6537154316902161,0.010416666666666666,0.5141803976148367,0.5150549961254001,0.640562375386556,0.13679864443838596,0.138660435564816,0.0,0.13679864443838596
encoder.layers.6.self_attn.v_proj,768,eurosat,resisc45,8,64,lora,44,0.6974246501922607,0.7021596431732178,0.010416666666666666,0.5090111210010946,0.5091187423095107,0.6870079835255941,0.18841352919116616,0.19304090086370707,0.0,0.18841352919116616
encoder.layers.6.self_attn.v_proj,768,eurosat,stanford-cars,8,64,lora,44,0.6489318013191223,0.6528288722038269,0.010416666666666666,0.5088733094744384,0.5096047916449606,0.6385151346524557,0.14005849184468389,0.14322408055886626,0.0,0.14005849184468389
encoder.layers.6.self_attn.v_proj,768,eurosat,sun397,8,64,lora,44,0.5881881713867188,0.5908852815628052,0.010416666666666666,0.5157095361500978,0.5167104657739401,0.5777715047200521,0.0724786352366209,0.07417481578886509,0.0,0.0724786352366209
encoder.layers.6.self_attn.v_proj,768,eurosat,svhn,8,64,lora,44,0.6630023717880249,0.6709723472595215,0.010416666666666666,0.5092856292612851,0.5099556590430439,0.6525857051213583,0.15371674252673984,0.16101668821647763,0.0,0.15371674252673984
encoder.layers.6.self_attn.v_proj,768,gtsrb,mnist,8,64,lora,44,0.6833160519599915,0.6845117807388306,0.010416666666666666,0.5120125976391137,0.5127655141986907,0.6728993852933248,0.1713034543208778,0.1717462665401399,0.0,0.1713034543208778
encoder.layers.6.self_attn.v_proj,768,gtsrb,resisc45,8,64,lora,44,0.6648699045181274,0.6717270612716675,0.010416666666666666,0.507914140354842,0.5084874732419848,0.6544532378514608,0.1569557641632855,0.16323958802968264,0.0,0.1569557641632855
encoder.layers.6.self_attn.v_proj,768,gtsrb,stanford-cars,8,64,lora,44,0.6430066227912903,0.6401265263557434,0.010416666666666666,0.5105345793999732,0.510936395265162,0.6325899561246237,0.13247204339131713,0.12919013109058142,0.0,0.13247204339131713
encoder.layers.6.self_attn.v_proj,768,gtsrb,sun397,8,64,lora,44,0.6566581726074219,0.6578335165977478,0.010416666666666666,0.5136172454804182,0.5139719271101058,0.6462415059407552,0.14304092712700367,0.14386158948764205,0.0,0.14304092712700367
encoder.layers.6.self_attn.v_proj,768,gtsrb,svhn,8,64,lora,44,0.6693349480628967,0.6735547780990601,0.010416666666666666,0.5033062379807234,0.5039690933190286,0.6589182813962301,0.16602871008217335,0.16958568478003144,0.0,0.16602871008217335
encoder.layers.6.self_attn.v_proj,768,mnist,resisc45,8,64,lora,44,0.5719326734542847,0.5651659965515137,0.010416666666666666,0.5141281164251268,0.514570995233953,0.561516006787618,0.05780455702915788,0.05059500131756067,0.0,0.05780455702915788
encoder.layers.6.self_attn.v_proj,768,mnist,stanford-cars,8,64,lora,44,0.5832570791244507,0.5798554420471191,0.010416666666666666,0.5140360607765615,0.5142936860211194,0.572840412457784,0.06922101834788918,0.06556175602599978,0.0,0.06922101834788918
encoder.layers.6.self_attn.v_proj,768,mnist,sun397,8,64,lora,44,0.527604341506958,0.5292012691497803,0.010416666666666666,0.518758509773761,0.5199376516975462,0.5171876748402914,0.008845831733196974,0.00926361745223403,0.0,0.008845831733196974
encoder.layers.6.self_attn.v_proj,768,mnist,svhn,8,64,lora,44,0.5872260928153992,0.5938679575920105,0.010416666666666666,0.5091764805838466,0.5109753278084099,0.5768094261487325,0.0780496122315526,0.08289262978360057,0.0,0.0780496122315526
encoder.layers.6.self_attn.v_proj,768,resisc45,stanford-cars,8,64,lora,44,0.6869925260543823,0.6888670325279236,0.010416666666666666,0.518827857915312,0.5211377376690507,0.6765758593877157,0.16816466813907027,0.1677292948588729,0.0,0.16816466813907027
encoder.layers.6.self_attn.v_proj,768,resisc45,sun397,8,64,lora,44,0.6858360171318054,0.6876999139785767,0.010416666666666666,0.5133825270459056,0.5153105114586651,0.6754193504651388,0.17245349008589983,0.17238940251991153,0.0,0.17245349008589983
encoder.layers.6.self_attn.v_proj,768,resisc45,svhn,8,64,lora,44,0.5613214373588562,0.5689065456390381,0.010416666666666666,0.5135052036494017,0.5147855337709188,0.5509047706921896,0.047816233709454536,0.05412101186811924,0.0,0.047816233709454536
encoder.layers.6.self_attn.v_proj,768,stanford-cars,sun397,8,64,lora,44,0.6983784437179565,0.697539210319519,0.010416666666666666,0.5109999938867986,0.5119756083004177,0.6879617770512899,0.18737844983115792,0.18556360201910138,0.0,0.18737844983115792
encoder.layers.6.self_attn.v_proj,768,stanford-cars,svhn,8,64,lora,44,0.6000182628631592,0.5991024971008301,0.010416666666666666,0.5001226426102221,0.5005233851261437,0.5896015961964926,0.09989562025293708,0.09857911197468638,0.0,0.09989562025293708
encoder.layers.6.self_attn.v_proj,768,sun397,svhn,8,64,lora,44,0.5423308610916138,0.5399396419525146,0.010416666666666666,0.5130476392805576,0.514858543407172,0.5319141944249471,0.029283221811056137,0.025081098545342684,0.0,0.029283221811056137
encoder.layers.7.self_attn.q_proj,768,dtd,eurosat,8,53,lora,38,0.6142078638076782,0.6129019856452942,0.010416666666666666,0.5019139959476888,0.5031678914092481,0.6037911971410116,0.1122938678599894,0.10973409423604608,0.0,0.1122938678599894
encoder.layers.7.self_attn.q_proj,768,dtd,gtsrb,8,53,lora,38,0.5985127687454224,0.5969340801239014,0.010416666666666666,0.5015362957492471,0.5035616313107312,0.5880961020787557,0.09697647299617529,0.0933724488131702,0.0,0.09697647299617529
encoder.layers.7.self_attn.q_proj,768,dtd,mnist,8,53,lora,38,0.5843325257301331,0.5889701843261719,0.010416666666666666,0.5064850919879973,0.5078439046628773,0.5739158590634664,0.07784743374213576,0.08112627966329455,0.0,0.07784743374213576
encoder.layers.7.self_attn.q_proj,768,dtd,resisc45,8,53,lora,38,0.6306859850883484,0.626365065574646,0.010416666666666666,0.5024945833720267,0.5040025757625699,0.6202693184216818,0.1281914017163217,0.12236248981207609,0.0,0.1281914017163217
encoder.layers.7.self_attn.q_proj,768,dtd,stanford-cars,8,53,lora,38,0.5288390517234802,0.5209940075874329,0.010416666666666666,0.5067719318903983,0.5082367891445756,0.5184223850568136,0.02206711983308196,0.012757218442857265,0.0,0.02206711983308196
encoder.layers.7.self_attn.q_proj,768,dtd,sun397,8,53,lora,38,0.5625640749931335,0.55731600522995,0.010416666666666666,0.5117576532065868,0.5133538069203496,0.5521474083264669,0.05080642178654671,0.04396219830960035,0.0,0.05080642178654671
encoder.layers.7.self_attn.q_proj,768,dtd,svhn,8,53,lora,38,0.6001565456390381,0.6003527045249939,0.010416666666666666,0.4998078867793083,0.5004414264112711,0.5897398789723715,0.10034865885972977,0.0999112781137228,0.0,0.10034865885972977
encoder.layers.7.self_attn.q_proj,768,eurosat,gtsrb,8,53,lora,38,0.647175669670105,0.6419768333435059,0.010416666666666666,0.5003478168509901,0.5014325720258057,0.6367590030034384,0.14682785281911492,0.14054426131770015,0.0,0.14682785281911492
encoder.layers.7.self_attn.q_proj,768,eurosat,mnist,8,53,lora,38,0.4585034251213074,0.4616604149341583,0.010416666666666666,0.5018196771852672,0.5021030525676906,0.4480867584546407,-0.04331625206395984,-0.040442637633532286,0.0,-0.04331625206395984
encoder.layers.7.self_attn.q_proj,768,eurosat,resisc45,8,53,lora,38,0.6781625151634216,0.6781776547431946,0.010416666666666666,0.5076083652675152,0.5082223252393305,0.667745848496755,0.17055414989590645,0.16995532950386405,0.0,0.17055414989590645
encoder.layers.7.self_attn.q_proj,768,eurosat,stanford-cars,8,53,lora,38,0.5944243669509888,0.5929354429244995,0.010416666666666666,0.5025797188282013,0.5040192538872361,0.5840077002843221,0.09184464812278748,0.0889161890372634,0.0,0.09184464812278748
encoder.layers.7.self_attn.q_proj,768,eurosat,sun397,8,53,lora,38,0.6065995097160339,0.6072830557823181,0.010416666666666666,0.5128956730477512,0.514800454955548,0.5961828430493673,0.09370383666828275,0.09248260082677007,0.0,0.09370383666828275
encoder.layers.7.self_attn.q_proj,768,eurosat,svhn,8,53,lora,38,0.6152001023292542,0.6188582181930542,0.010416666666666666,0.506706565618515,0.5078679909929633,0.6047834356625875,0.10849353671073914,0.11099022720009089,0.0,0.10849353671073914
encoder.layers.7.self_attn.q_proj,768,gtsrb,mnist,8,53,lora,38,0.5162994861602783,0.5477546453475952,0.010416666666666666,0.5049600875936449,0.5070554162375629,0.5058828194936117,0.011339398566633463,0.04069922911003232,0.0,0.011339398566633463
encoder.layers.7.self_attn.q_proj,768,gtsrb,resisc45,8,53,lora,38,0.6675321459770203,0.6614687442779541,0.010416666666666666,0.5091220363974571,0.5113486857153475,0.6571154793103536,0.15841010957956314,0.15012005856260657,0.0,0.15841010957956314
encoder.layers.7.self_attn.q_proj,768,gtsrb,stanford-cars,8,53,lora,38,0.5645089149475098,0.5609323978424072,0.010416666666666666,0.5060228924266994,0.507273904979229,0.5540922482808431,0.058486022520810366,0.05365849286317825,0.0,0.058486022520810366
encoder.layers.7.self_attn.q_proj,768,gtsrb,sun397,8,53,lora,38,0.5874492526054382,0.5815969705581665,0.010416666666666666,0.5136825554072857,0.5157548910938203,0.5770325859387716,0.07376669719815254,0.06584207946434617,0.0,0.07376669719815254
encoder.layers.7.self_attn.q_proj,768,gtsrb,svhn,8,53,lora,38,0.6640840172767639,0.6655300259590149,0.010416666666666666,0.49879559641703963,0.5012495177797973,0.6536673506100973,0.16528842085972428,0.16428050817921758,0.0,0.16528842085972428
encoder.layers.7.self_attn.q_proj,768,mnist,resisc45,8,53,lora,38,0.5150380730628967,0.49735337495803833,0.010416666666666666,0.5027048671618104,0.5054022059775889,0.5046214063962301,0.01233320590108633,-0.008048831019550562,0.0,0.01233320590108633
encoder.layers.7.self_attn.q_proj,768,mnist,stanford-cars,8,53,lora,38,0.5612201690673828,0.5648201704025269,0.010416666666666666,0.5042651272378862,0.5063531068153679,0.5508035024007162,0.05695504182949662,0.05846706358715892,0.0,0.05695504182949662
encoder.layers.7.self_attn.q_proj,768,mnist,sun397,8,53,lora,38,0.5767688155174255,0.5559580326080322,0.010416666666666666,0.5184495872817934,0.5186003111302853,0.5663521488507589,0.05831922823563218,0.037357721477746964,0.0,0.05831922823563218
encoder.layers.7.self_attn.q_proj,768,mnist,svhn,8,53,lora,38,0.6184043884277344,0.6214421391487122,0.010416666666666666,0.5001583630219102,0.5036430112086236,0.6079877217610677,0.11824602540582418,0.11779912794008851,0.0,0.11824602540582418
encoder.layers.7.self_attn.q_proj,768,resisc45,stanford-cars,8,53,lora,38,0.5657122731208801,0.5518277883529663,0.010416666666666666,0.5112142963334918,0.5139661286957562,0.5552956064542135,0.054497976787388325,0.03786165965721011,0.0,0.054497976787388325
encoder.layers.7.self_attn.q_proj,768,resisc45,sun397,8,53,lora,38,0.6373580694198608,0.6282240152359009,0.010416666666666666,0.5132029135711491,0.5143970809876919,0.6269414027531942,0.12415515584871173,0.113826934248209,0.0,0.12415515584871173
encoder.layers.7.self_attn.q_proj,768,resisc45,svhn,8,53,lora,38,0.6414250135421753,0.648962140083313,0.010416666666666666,0.5010871300473809,0.5021696677431464,0.6310083468755087,0.14033788349479437,0.14679247234016657,0.0,0.14033788349479437
encoder.layers.7.self_attn.q_proj,768,stanford-cars,sun397,8,53,lora,38,0.6886045336723328,0.6877292990684509,0.010416666666666666,0.5119480327703059,0.5143943931907415,0.6781878670056661,0.1766565009020269,0.1733349058777094,0.0,0.1766565009020269
encoder.layers.7.self_attn.q_proj,768,stanford-cars,svhn,8,53,lora,38,0.5491098761558533,0.5487696528434753,0.010416666666666666,0.5064860978163779,0.5076752156019211,0.5386932094891866,0.04262377833947539,0.04109443724155426,0.0,0.04262377833947539
encoder.layers.7.self_attn.q_proj,768,sun397,svhn,8,53,lora,38,0.5636957287788391,0.5638625025749207,0.010416666666666666,0.5067339628003538,0.5090617821551859,0.5532790621121725,0.056961765978485346,0.054800720419734716,0.0,0.056961765978485346
encoder.layers.7.self_attn.v_proj,768,dtd,eurosat,8,53,lora,38,0.6640004515647888,0.6710278987884521,0.010416666666666666,0.5047623873688281,0.506718744058162,0.6535837848981222,0.15923806419596076,0.16430915473029017,0.0,0.15923806419596076
encoder.layers.7.self_attn.v_proj,768,dtd,gtsrb,8,53,lora,38,0.60205078125,0.6069762706756592,0.010416666666666666,0.5111823305487633,0.5101491864770651,0.5916341145833334,0.09086845070123672,0.0968270841985941,0.0,0.09086845070123672
encoder.layers.7.self_attn.v_proj,768,dtd,mnist,8,53,lora,38,0.6120556592941284,0.6107426881790161,0.010416666666666666,0.5110982619225979,0.5120514961890876,0.6016389926274618,0.10095739737153053,0.09869119198992848,0.0,0.10095739737153053
encoder.layers.7.self_attn.v_proj,768,dtd,resisc45,8,53,lora,38,0.7150071859359741,0.7150271534919739,0.010416666666666666,0.5115586831234396,0.5125143267214298,0.7045905192693075,0.20344850281253457,0.20251282677054405,0.0,0.20344850281253457
encoder.layers.7.self_attn.v_proj,768,dtd,stanford-cars,8,53,lora,38,0.6027676463127136,0.6104682087898254,0.010416666666666666,0.5126502905040979,0.5144262593239546,0.592350979646047,0.09011735580861568,0.09604194946587086,0.0,0.09011735580861568
encoder.layers.7.self_attn.v_proj,768,dtd,sun397,8,53,lora,38,0.6451827883720398,0.6478536128997803,0.010416666666666666,0.5096056521870196,0.5081233512610197,0.6347661217053732,0.1355771361850202,0.13973026163876057,0.0,0.1355771361850202
encoder.layers.7.self_attn.v_proj,768,dtd,svhn,8,53,lora,38,0.5634983777999878,0.5575649738311768,0.010416666666666666,0.5087191257625818,0.5082084126770496,0.5530817111333212,0.05477925203740597,0.04935656115412712,0.0,0.05477925203740597
encoder.layers.7.self_attn.v_proj,768,eurosat,gtsrb,8,53,lora,38,0.588641881942749,0.5887070894241333,0.010416666666666666,0.5034698764793575,0.5053004333749413,0.5782252152760824,0.08517200546339154,0.08340665604919195,0.0,0.08517200546339154
encoder.layers.7.self_attn.v_proj,768,eurosat,mnist,8,53,lora,38,0.577103853225708,0.5794597864151001,0.010416666666666666,0.5012428238987923,0.5024949540384114,0.5666871865590414,0.07586102932691574,0.07696483237668872,0.0,0.07586102932691574
encoder.layers.7.self_attn.v_proj,768,eurosat,resisc45,8,53,lora,38,0.7278992533683777,0.7306452393531799,0.010416666666666666,0.5110817258246243,0.5097243175841868,0.7174825867017111,0.21681752754375339,0.22092092176899314,0.0,0.21681752754375339
encoder.layers.7.self_attn.v_proj,768,eurosat,stanford-cars,8,53,lora,38,0.5560492873191833,0.549929141998291,0.010416666666666666,0.5081031029112637,0.509241352789104,0.5456326206525167,0.047946184407919645,0.04068778920918703,0.0,0.047946184407919645
encoder.layers.7.self_attn.v_proj,768,eurosat,sun397,8,53,lora,38,0.5980949997901917,0.6000140309333801,0.010416666666666666,0.5140905813314021,0.5147420871071517,0.587678333123525,0.08400441845878959,0.08527194382622838,0.0,0.08400441845878959
encoder.layers.7.self_attn.v_proj,768,eurosat,svhn,8,53,lora,38,0.6178545951843262,0.6042732000350952,0.010416666666666666,0.5035083768889308,0.5039084791205823,0.6074379285176595,0.11434621829539537,0.10036472091451287,0.0,0.11434621829539537
encoder.layers.7.self_attn.v_proj,768,gtsrb,mnist,8,53,lora,38,0.6039551496505737,0.5979334115982056,0.010416666666666666,0.5022972095757723,0.5045240721665323,0.5935384829839071,0.10165794007480145,0.09340933943167329,0.0,0.10165794007480145
encoder.layers.7.self_attn.v_proj,768,gtsrb,resisc45,8,53,lora,38,0.6396176815032959,0.6480327844619751,0.010416666666666666,0.5173708600923419,0.5199388642795384,0.6292010148366293,0.122246821410954,0.1280939201824367,0.0,0.122246821410954
encoder.layers.7.self_attn.v_proj,768,gtsrb,stanford-cars,8,53,lora,38,0.6688637733459473,0.6578731536865234,0.010416666666666666,0.5076574273407459,0.5078992950730026,0.6584471066792806,0.16120634600520134,0.14997385861352086,0.0,0.16120634600520134
encoder.layers.7.self_attn.v_proj,768,gtsrb,sun397,8,53,lora,38,0.6343320608139038,0.6409689784049988,0.010416666666666666,0.505159417167306,0.5059414133429527,0.6239153941472372,0.12917264364659786,0.13502756506204605,0.0,0.12917264364659786
encoder.layers.7.self_attn.v_proj,768,gtsrb,svhn,8,53,lora,38,0.6460291743278503,0.6273065805435181,0.010416666666666666,0.5023250598460436,0.503004614263773,0.6356125076611837,0.14370411448180676,0.1243019662797451,0.0,0.14370411448180676
encoder.layers.7.self_attn.v_proj,768,mnist,resisc45,8,53,lora,38,0.6186210513114929,0.6226305961608887,0.010416666666666666,0.5008260081522167,0.501761965919286,0.6082043846448263,0.11779504315927625,0.12086863024160266,0.0,0.11779504315927625
encoder.layers.7.self_attn.v_proj,768,mnist,stanford-cars,8,53,lora,38,0.5752124786376953,0.5787149667739868,0.010416666666666666,0.5125148063525558,0.5124826212413609,0.5647958119710287,0.06269767228513956,0.06623234553262591,0.0,0.06269767228513956
encoder.layers.7.self_attn.v_proj,768,mnist,sun397,8,53,lora,38,0.557064414024353,0.5743008255958557,0.010416666666666666,0.5028870408423245,0.5033983779139817,0.5466477473576864,0.05417737318202853,0.07090244768187404,0.0,0.05417737318202853
encoder.layers.7.self_attn.v_proj,768,mnist,svhn,8,53,lora,38,0.6669986248016357,0.6658445000648499,0.010416666666666666,0.5021434924565256,0.502645923756063,0.6565819581349691,0.16485513234511018,0.16319857630878687,0.0,0.16485513234511018
encoder.layers.7.self_attn.v_proj,768,resisc45,stanford-cars,8,53,lora,38,0.6550893783569336,0.6589183211326599,0.010416666666666666,0.5115420729853213,0.5129506071098149,0.644672711690267,0.1435473053716123,0.14596771402284503,0.0,0.1435473053716123
encoder.layers.7.self_attn.v_proj,768,resisc45,sun397,8,53,lora,38,0.752567708492279,0.7533772587776184,0.010416666666666666,0.5108771631494164,0.5109764966182411,0.7421510418256124,0.2416905453428626,0.24240076215937734,0.0,0.2416905453428626
encoder.layers.7.self_attn.v_proj,768,resisc45,svhn,8,53,lora,38,0.570280134677887,0.5711457133293152,0.010416666666666666,0.5046887146309018,0.5048219654709101,0.5598634680112203,0.06559142004698515,0.06632374785840511,0.0,0.06559142004698515
encoder.layers.7.self_attn.v_proj,768,stanford-cars,sun397,8,53,lora,38,0.7224517464637756,0.724286675453186,0.010416666666666666,0.5113426586613059,0.5122851952910423,0.712035079797109,0.21110908780246973,0.2120014801621437,0.0,0.21110908780246973
encoder.layers.7.self_attn.v_proj,768,stanford-cars,svhn,8,53,lora,38,0.6715444326400757,0.6708896160125732,0.010416666666666666,0.5013820109888911,0.501886188518256,0.661127765973409,0.17016242165118456,0.1690034274943173,0.0,0.17016242165118456
encoder.layers.7.self_attn.v_proj,768,sun397,svhn,8,53,lora,38,0.5791248679161072,0.5846678614616394,0.010416666666666666,0.5008107936009765,0.501242084428668,0.5687082012494405,0.07831407431513071,0.08342577703297138,0.0,0.07831407431513071
encoder.layers.8.self_attn.q_proj,768,dtd,eurosat,8,48,lora,37,0.5800394415855408,0.5832442045211792,0.010416666666666666,0.5134024047292769,0.5147497612051666,0.5696227749188741,0.06663703685626388,0.06849444331601262,0.0,0.06663703685626388
encoder.layers.8.self_attn.q_proj,768,dtd,gtsrb,8,48,lora,37,0.59140545129776,0.5935652256011963,0.010416666666666666,0.5145734660327435,0.5153559376485646,0.5809887846310934,0.07683198526501656,0.07820928795263171,0.0,0.07683198526501656
encoder.layers.8.self_attn.q_proj,768,dtd,mnist,8,48,lora,37,0.5312947034835815,0.5366047620773315,0.010416666666666666,0.5126292081549764,0.5157539155334234,0.5208780368169149,0.018665495328605175,0.02085084654390812,0.0,0.018665495328605175
encoder.layers.8.self_attn.q_proj,768,dtd,resisc45,8,48,lora,37,0.6381512880325317,0.640529990196228,0.010416666666666666,0.5146273337304592,0.5166499670594931,0.6277346213658651,0.12352395430207253,0.12388002313673496,0.0,0.12352395430207253
encoder.layers.8.self_attn.q_proj,768,dtd,stanford-cars,8,48,lora,37,0.56336510181427,0.5569460391998291,0.010416666666666666,0.5098208477720618,0.5109692644327879,0.5529484351476034,0.053544254042208195,0.045976774767041206,0.0,0.053544254042208195
encoder.layers.8.self_attn.q_proj,768,dtd,sun397,8,48,lora,37,0.6428912878036499,0.6513341069221497,0.010416666666666666,0.5155798373743892,0.5177003620192409,0.6324746211369833,0.12731145042926073,0.1336337449029088,0.0,0.12731145042926073
encoder.layers.8.self_attn.q_proj,768,dtd,svhn,8,48,lora,37,0.5291168093681335,0.530429482460022,0.010416666666666666,0.5065029147081077,0.5080911563709378,0.5187001427014669,0.022613894660025835,0.02233832608908415,0.0,0.022613894660025835
encoder.layers.8.self_attn.q_proj,768,eurosat,gtsrb,8,48,lora,37,0.5839700698852539,0.5844796895980835,0.010416666666666666,0.5129989460110664,0.5138327884487808,0.5735534032185873,0.07097112387418747,0.07064690114930272,0.0,0.07097112387418747
encoder.layers.8.self_attn.q_proj,768,eurosat,mnist,8,48,lora,37,0.5296624302864075,0.5367194414138794,0.010416666666666666,0.5090139415115118,0.5102970371954143,0.5192457636197408,0.020648488774895668,0.02642240421846509,0.0,0.020648488774895668
encoder.layers.8.self_attn.q_proj,768,eurosat,resisc45,8,48,lora,37,0.6663258671760559,0.6678845286369324,0.010416666666666666,0.5111173633486032,0.5123355151154101,0.6559092005093893,0.15520850382745266,0.15554901352152228,0.0,0.15520850382745266
encoder.layers.8.self_attn.q_proj,768,eurosat,stanford-cars,8,48,lora,37,0.5606051683425903,0.5627306699752808,0.010416666666666666,0.5089519587345421,0.5099907494150102,0.5501885016759237,0.0516532096080482,0.05273992056027055,0.0,0.0516532096080482
encoder.layers.8.self_attn.q_proj,768,eurosat,sun397,8,48,lora,37,0.6348721385002136,0.637527346611023,0.010416666666666666,0.5106983766891062,0.5110335694625974,0.624455471833547,0.1241737618111074,0.12649377714842558,0.0,0.1241737618111074
encoder.layers.8.self_attn.q_proj,768,eurosat,svhn,8,48,lora,37,0.5282793045043945,0.5279673933982849,0.010416666666666666,0.5025321398861706,0.5031657991930842,0.5178626378377279,0.025747164618223906,0.024801594205200672,0.0,0.025747164618223906
encoder.layers.8.self_attn.q_proj,768,gtsrb,mnist,8,48,lora,37,0.628969669342041,0.6336290836334229,0.010416666666666666,0.5080979773774743,0.5081459619104862,0.6185530026753744,0.12087169196456671,0.12548312172293663,0.0,0.12087169196456671
encoder.layers.8.self_attn.q_proj,768,gtsrb,resisc45,8,48,lora,37,0.6048382520675659,0.6091846227645874,0.010416666666666666,0.5187476873397827,0.521258513443172,0.5944215854008993,0.0860905647277832,0.08792610932141542,0.0,0.0860905647277832
encoder.layers.8.self_attn.q_proj,768,gtsrb,stanford-cars,8,48,lora,37,0.6132718920707703,0.6139400601387024,0.010416666666666666,0.511490557808429,0.5124511495232582,0.6028552254041036,0.10178133426234126,0.10148891061544418,0.0,0.10178133426234126
encoder.layers.8.self_attn.q_proj,768,gtsrb,sun397,8,48,lora,37,0.6096325516700745,0.606232225894928,0.010416666666666666,0.5060172034427524,0.5073271170258522,0.5992158850034078,0.1036153482273221,0.09890510886907578,0.0,0.1036153482273221
encoder.layers.8.self_attn.q_proj,768,gtsrb,svhn,8,48,lora,37,0.5446908473968506,0.5452769994735718,0.010416666666666666,0.506523372605443,0.5079831411130726,0.534274180730184,0.038167474791407585,0.037293858360499144,0.0,0.038167474791407585
encoder.layers.8.self_attn.q_proj,768,mnist,resisc45,8,48,lora,37,0.5842792987823486,0.592011570930481,0.010416666666666666,0.5144110820256174,0.5144843789748847,0.573862632115682,0.06986821675673127,0.07752719195559621,0.0,0.06986821675673127
encoder.layers.8.self_attn.q_proj,768,mnist,stanford-cars,8,48,lora,37,0.595841109752655,0.6015383005142212,0.010416666666666666,0.516518029384315,0.5171309099532664,0.5854244430859884,0.07932308036834002,0.08440739056095481,0.0,0.07932308036834002
encoder.layers.8.self_attn.q_proj,768,mnist,sun397,8,48,lora,37,0.5761561393737793,0.5748157501220703,0.010416666666666666,0.5210731173865497,0.5234837955795228,0.5657394727071127,0.055083021987229586,0.051331954542547464,0.0,0.055083021987229586
encoder.layers.8.self_attn.q_proj,768,mnist,svhn,8,48,lora,37,0.5731877088546753,0.5780512094497681,0.010416666666666666,0.5117267998866737,0.5123833119869232,0.5627710421880087,0.061460908968001604,0.06566789746284485,0.0,0.061460908968001604
encoder.layers.8.self_attn.q_proj,768,resisc45,stanford-cars,8,48,lora,37,0.6068217158317566,0.6105591654777527,0.010416666666666666,0.5067068156786263,0.5082361120730639,0.59640504916509,0.10011490015313029,0.10232305340468884,0.0,0.10011490015313029
encoder.layers.8.self_attn.q_proj,768,resisc45,sun397,8,48,lora,37,0.6180737614631653,0.617992103099823,0.010416666666666666,0.5132640586234629,0.5143703245557845,0.6076570947964987,0.10480970283970237,0.10362177854403853,0.0,0.10480970283970237
encoder.layers.8.self_attn.q_proj,768,resisc45,svhn,8,48,lora,37,0.5742507576942444,0.5779907703399658,0.010416666666666666,0.5088921869173646,0.5099782519973814,0.5638340910275778,0.06535857077687979,0.06801251834258437,0.0,0.06535857077687979
encoder.layers.8.self_attn.q_proj,768,stanford-cars,sun397,8,48,lora,37,0.6179190874099731,0.6195089221000671,0.010416666666666666,0.5168423317372799,0.5182524542324245,0.6075024207433065,0.10107675567269325,0.10125646786764264,0.0,0.10107675567269325
encoder.layers.8.self_attn.q_proj,768,stanford-cars,svhn,8,48,lora,37,0.577102780342102,0.5787432193756104,0.010416666666666666,0.5136503730900586,0.5146107245236635,0.5666861136754354,0.06345240725204349,0.06413249485194683,0.0,0.06345240725204349
encoder.layers.8.self_attn.q_proj,768,sun397,svhn,8,48,lora,37,0.4950437843799591,0.5010630488395691,0.010416666666666666,0.5083845830522478,0.5093190772458911,0.4846271177132924,-0.013340798672288656,-0.008256028406322002,0.0,-0.013340798672288656
encoder.layers.8.self_attn.v_proj,768,dtd,eurosat,8,48,lora,37,0.5955126285552979,0.5984623432159424,0.010416666666666666,0.5121418521739542,0.5127328746020794,0.5850959618886312,0.0833707763813436,0.08572946861386299,0.0,0.0833707763813436
encoder.layers.8.self_attn.v_proj,768,dtd,gtsrb,8,48,lora,37,0.5555984973907471,0.5571274161338806,0.010416666666666666,0.5166302509605885,0.5175774549134076,0.5451818307240804,0.038968246430158615,0.03954996122047305,0.0,0.038968246430158615
encoder.layers.8.self_attn.v_proj,768,dtd,mnist,8,48,lora,37,0.5782749652862549,0.5934305787086487,0.010416666666666666,0.49875561334192753,0.4996913457289338,0.5678582986195883,0.07951935194432735,0.09373923297971487,0.0,0.07951935194432735
encoder.layers.8.self_attn.v_proj,768,dtd,resisc45,8,48,lora,37,0.5565000772476196,0.5655324459075928,0.010416666666666666,0.5150639992207289,0.5166496229358017,0.546083410580953,0.041436078026890755,0.04888282297179103,0.0,0.041436078026890755
encoder.layers.8.self_attn.v_proj,768,dtd,stanford-cars,8,48,lora,37,0.5763096809387207,0.5799069404602051,0.010416666666666666,0.5094803837127984,0.511670982465148,0.5658930142720541,0.06682929722592235,0.0682359579950571,0.0,0.06682929722592235
encoder.layers.8.self_attn.v_proj,768,dtd,sun397,8,48,lora,37,0.5251997709274292,0.5286939740180969,0.010416666666666666,0.5050618490204215,0.5062010250985622,0.5147831042607626,0.020137921907007694,0.022492948919534683,0.0,0.020137921907007694
encoder.layers.8.self_attn.v_proj,768,dtd,svhn,8,48,lora,37,0.6019529700279236,0.5975779294967651,0.010416666666666666,0.4963189638219774,0.49696093052625656,0.591536303361257,0.10563400620594621,0.10061699897050858,0.0,0.10563400620594621
encoder.layers.8.self_attn.v_proj,768,eurosat,gtsrb,8,48,lora,37,0.5825005769729614,0.5854491591453552,0.010416666666666666,0.5057031791657209,0.5065660336986184,0.5720839103062948,0.07679739780724049,0.07888312544673681,0.0,0.07679739780724049
encoder.layers.8.self_attn.v_proj,768,eurosat,mnist,8,48,lora,37,0.6146445870399475,0.612212598323822,0.010416666666666666,0.4964694045484066,0.49710393557325006,0.6042279203732809,0.11817518249154091,0.11510866275057197,0.0,0.11817518249154091
encoder.layers.8.self_attn.v_proj,768,eurosat,resisc45,8,48,lora,37,0.6759226322174072,0.674462080001831,0.010416666666666666,0.5164601569995284,0.5173218552954495,0.6655059655507406,0.15946247521787882,0.15714022470638156,0.0,0.15946247521787882
encoder.layers.8.self_attn.v_proj,768,eurosat,stanford-cars,8,48,lora,37,0.6057653427124023,0.6091520190238953,0.010416666666666666,0.5039863316342235,0.5048144389875233,0.5953486760457357,0.10177901107817888,0.10433758003637195,0.0,0.10177901107817888
encoder.layers.8.self_attn.v_proj,768,eurosat,sun397,8,48,lora,37,0.5760379433631897,0.5811501741409302,0.010416666666666666,0.5086397891864181,0.5096681825816631,0.5656212766965231,0.06739815417677164,0.07148199155926704,0.0,0.06739815417677164
encoder.layers.8.self_attn.v_proj,768,eurosat,svhn,8,48,lora,37,0.5774857997894287,0.5760645270347595,0.010416666666666666,0.5045448318123817,0.5045939679257572,0.5670691331227621,0.07294096797704697,0.07147055910900235,0.0,0.07294096797704697
encoder.layers.8.self_attn.v_proj,768,gtsrb,mnist,8,48,lora,37,0.6742634177207947,0.6744951009750366,0.010416666666666666,0.5048686950467527,0.5058773183263838,0.663846751054128,0.169394722674042,0.1686177826486528,0.0,0.169394722674042
encoder.layers.8.self_attn.v_proj,768,gtsrb,resisc45,8,48,lora,37,0.5591355562210083,0.5624278783798218,0.010416666666666666,0.5058471942320466,0.5064705503173172,0.5487188895543417,0.0532883619889617,0.05595732806250453,0.0,0.0532883619889617
encoder.layers.8.self_attn.v_proj,768,gtsrb,stanford-cars,8,48,lora,37,0.48990869522094727,0.49089765548706055,0.010416666666666666,0.5058422801084816,0.5073254713788629,0.4794920285542806,-0.01593358488753438,-0.01642781589180231,0.0,-0.01593358488753438
encoder.layers.8.self_attn.v_proj,768,gtsrb,sun397,8,48,lora,37,0.5970697402954102,0.6004345417022705,0.010416666666666666,0.5128077962435782,0.513916589319706,0.5866530736287435,0.08426194405183196,0.08651795238256454,0.0,0.08426194405183196
encoder.layers.8.self_attn.v_proj,768,gtsrb,svhn,8,48,lora,37,0.6241125464439392,0.6253851056098938,0.010416666666666666,0.5142517439089715,0.5151597587391734,0.6136958797772726,0.10986080253496766,0.11022534687072039,0.0,0.10986080253496766
encoder.layers.8.self_attn.v_proj,768,mnist,resisc45,8,48,lora,37,0.5295313596725464,0.532357394695282,0.010416666666666666,0.5127703328616917,0.5133693651296198,0.5191146930058798,0.016761026810854673,0.018988029565662146,0.0,0.016761026810854673
encoder.layers.8.self_attn.v_proj,768,mnist,stanford-cars,8,48,lora,37,0.5769726037979126,0.565859317779541,0.010416666666666666,0.5054509895853698,0.5069948513992131,0.566555937131246,0.07152161421254277,0.05886446638032794,0.0,0.07152161421254277
encoder.layers.8.self_attn.v_proj,768,mnist,sun397,8,48,lora,37,0.5506490468978882,0.5520246028900146,0.010416666666666666,0.512348607648164,0.5135661833919585,0.5402323802312216,0.03830043924972415,0.03845841949805617,0.0,0.03830043924972415
encoder.layers.8.self_attn.v_proj,768,mnist,svhn,8,48,lora,37,0.7135763764381409,0.7015787959098816,0.010416666666666666,0.5101561802439392,0.5104591608978808,0.7031597097714742,0.2034201961942017,0.1911196350120008,0.0,0.2034201961942017
encoder.layers.8.self_attn.v_proj,768,resisc45,stanford-cars,8,48,lora,37,0.5823886394500732,0.5880069732666016,0.010416666666666666,0.5095126684755087,0.5113429776392877,0.5719719727834066,0.07287597097456455,0.07666399562731385,0.0,0.07287597097456455
encoder.layers.8.self_attn.v_proj,768,resisc45,sun397,8,48,lora,37,0.6345465183258057,0.6384262442588806,0.010416666666666666,0.5033695078454912,0.5051965643651783,0.624129851659139,0.1311770104803145,0.13322967989370227,0.0,0.1311770104803145
encoder.layers.8.self_attn.v_proj,768,resisc45,svhn,8,48,lora,37,0.5422477722167969,0.546525239944458,0.010416666666666666,0.509868030436337,0.5114514227025211,0.5318311055501302,0.03237974178045988,0.03507381724193692,0.0,0.03237974178045988
encoder.layers.8.self_attn.v_proj,768,stanford-cars,sun397,8,48,lora,37,0.6166749000549316,0.6164649128913879,0.010416666666666666,0.5170997777022421,0.5187289216555655,0.606258233388265,0.0995751223526895,0.09773599123582244,0.0,0.0995751223526895
encoder.layers.8.self_attn.v_proj,768,stanford-cars,svhn,8,48,lora,37,0.4923109710216522,0.49143725633621216,0.010416666666666666,0.5013539474457502,0.5031094765290618,0.48189430435498554,-0.009042976424098015,-0.011672220192849636,0.0,-0.009042976424098015
encoder.layers.8.self_attn.v_proj,768,sun397,svhn,8,48,lora,37,0.5766275525093079,0.5754814743995667,0.010416666666666666,0.5111647602170706,0.5114963301457465,0.5662108858426412,0.06546279229223728,0.06398514425382018,0.0,0.06546279229223728
encoder.layers.9.self_attn.q_proj,768,dtd,eurosat,8,35,lora,34,0.6625887751579285,0.6638264060020447,0.010416666666666666,0.5054649063386023,0.5064357821829617,0.6521721084912618,0.15712386881932616,0.15739062381908298,0.0,0.15712386881932616
encoder.layers.9.self_attn.q_proj,768,dtd,gtsrb,8,35,lora,34,0.6591840386390686,0.6419733762741089,0.010416666666666666,0.5036633592098951,0.5036972463130951,0.648767371972402,0.15552067942917347,0.1382761299610138,0.0,0.15552067942917347
encoder.layers.9.self_attn.q_proj,768,dtd,mnist,8,35,lora,34,0.5910747647285461,0.5891677737236023,0.010416666666666666,0.5180480591952801,0.5191168910823762,0.5806580980618795,0.07302670553326607,0.07005088264122605,0.0,0.07302670553326607
encoder.layers.9.self_attn.q_proj,768,dtd,resisc45,8,35,lora,34,0.6596856713294983,0.6568437218666077,0.010416666666666666,0.5113255926407874,0.5117333959788084,0.6492690046628317,0.14836007868871093,0.14511032588779926,0.0,0.14836007868871093
encoder.layers.9.self_attn.q_proj,768,dtd,stanford-cars,8,35,lora,34,0.6342710852622986,0.6362367272377014,0.010416666666666666,0.5085400864481926,0.5085899280384183,0.623854418595632,0.125730998814106,0.12764679919928312,0.0,0.125730998814106
encoder.layers.9.self_attn.q_proj,768,dtd,sun397,8,35,lora,34,0.6220380663871765,0.6229023337364197,0.010416666666666666,0.5199887561611831,0.5209625172428787,0.6116213997205099,0.1020493102259934,0.101939816493541,0.0,0.1020493102259934
encoder.layers.9.self_attn.q_proj,768,dtd,svhn,8,35,lora,34,0.5916122794151306,0.5957460999488831,0.010416666666666666,0.5114373150281608,0.5116821872070432,0.581195612748464,0.0801749643869698,0.08406391274183989,0.0,0.0801749643869698
encoder.layers.9.self_attn.q_proj,768,eurosat,gtsrb,8,35,lora,34,0.6353233456611633,0.605998694896698,0.010416666666666666,0.5096093523316085,0.5099737867712975,0.6249066789944967,0.1257139933295548,0.09602490812540054,0.0,0.1257139933295548
encoder.layers.9.self_attn.q_proj,768,eurosat,mnist,8,35,lora,34,0.5434095859527588,0.5406495928764343,0.010416666666666666,0.5087929898872972,0.5097426814027131,0.5329929192860922,0.034616596065461636,0.030906911473721266,0.0,0.034616596065461636
encoder.layers.9.self_attn.q_proj,768,eurosat,resisc45,8,35,lora,34,0.7027576565742493,0.7024698853492737,0.010416666666666666,0.5139046502299607,0.5160906603559852,0.6923409899075826,0.1888530063442886,0.18637922499328852,0.0,0.1888530063442886
encoder.layers.9.self_attn.q_proj,768,eurosat,stanford-cars,8,35,lora,34,0.5887325406074524,0.5884389281272888,0.010416666666666666,0.5106106465682387,0.5098945191130042,0.5783158739407858,0.07812189403921366,0.07854440901428461,0.0,0.07812189403921366
encoder.layers.9.self_attn.q_proj,768,eurosat,sun397,8,35,lora,34,0.5977261066436768,0.5964107513427734,0.010416666666666666,0.5146054718643427,0.5154097056947649,0.5873094399770101,0.08312063477933407,0.08100104564800858,0.0,0.08312063477933407
encoder.layers.9.self_attn.q_proj,768,eurosat,svhn,8,35,lora,34,0.5491460561752319,0.5496697425842285,0.010416666666666666,0.5122193843126297,0.5124884354881942,0.5387293895085653,0.036926671862602234,0.03718130709603429,0.0,0.036926671862602234
encoder.layers.9.self_attn.q_proj,768,gtsrb,mnist,8,35,lora,34,0.5358851552009583,0.5307407379150391,0.010416666666666666,0.49964580591768026,0.49993526190519333,0.5254684885342916,0.03623934928327799,0.030805476009845734,0.0,0.03623934928327799
encoder.layers.9.self_attn.q_proj,768,gtsrb,resisc45,8,35,lora,34,0.6740227937698364,0.644959032535553,0.010416666666666666,0.5078615192323923,0.5070271301083267,0.6636061271031698,0.16616127453744411,0.1379319024272263,0.0,0.16616127453744411
encoder.layers.9.self_attn.q_proj,768,gtsrb,stanford-cars,8,35,lora,34,0.6309779286384583,0.6499832272529602,0.010416666666666666,0.5015482767485082,0.5026878439821303,0.6205612619717916,0.12942965188995004,0.14729538327082992,0.0,0.12942965188995004
encoder.layers.9.self_attn.q_proj,768,gtsrb,sun397,8,35,lora,34,0.6030542850494385,0.6400508880615234,0.010416666666666666,0.5141478604637086,0.5151711935177445,0.5926376183827718,0.08890642458572984,0.1248796945437789,0.0,0.08890642458572984
encoder.layers.9.self_attn.q_proj,768,gtsrb,svhn,8,35,lora,34,0.6642387509346008,0.6475875377655029,0.010416666666666666,0.5074836197309196,0.5065108202397823,0.6538220842679342,0.15675513120368123,0.1410767175257206,0.0,0.15675513120368123
encoder.layers.9.self_attn.q_proj,768,mnist,resisc45,8,35,lora,34,0.557134211063385,0.5589784979820251,0.010416666666666666,0.505853452719748,0.5073678069747984,0.5467175443967184,0.05128075834363699,0.051610691007226706,0.0,0.05128075834363699
encoder.layers.9.self_attn.q_proj,768,mnist,stanford-cars,8,35,lora,34,0.5530185699462891,0.5529271364212036,0.010416666666666666,0.514418663457036,0.5149643165059388,0.5426019032796224,0.038599906489253044,0.037962819915264845,0.0,0.038599906489253044
encoder.layers.9.self_attn.q_proj,768,mnist,sun397,8,35,lora,34,0.5258234739303589,0.5270420908927917,0.010416666666666666,0.5101528177037835,0.5115261394530535,0.5154068072636923,0.015670656226575375,0.015515951439738274,0.0,0.015670656226575375
encoder.layers.9.self_attn.q_proj,768,mnist,svhn,8,35,lora,34,0.6421144008636475,0.6425959467887878,0.010416666666666666,0.505856117233634,0.505469395313412,0.6316977341969808,0.13625828363001347,0.1371265514753759,0.0,0.13625828363001347
encoder.layers.9.self_attn.q_proj,768,resisc45,stanford-cars,8,35,lora,34,0.664656937122345,0.6683290600776672,0.010416666666666666,0.5132391713559628,0.514686374925077,0.6542402704556783,0.15141776576638222,0.15364268515259027,0.0,0.15141776576638222
encoder.layers.9.self_attn.q_proj,768,resisc45,sun397,8,35,lora,34,0.6215885281562805,0.6233655214309692,0.010416666666666666,0.5198571672663093,0.5233588330447674,0.6111718614896139,0.10173136088997126,0.10000668838620186,0.0,0.10173136088997126
encoder.layers.9.self_attn.q_proj,768,resisc45,svhn,8,35,lora,34,0.5518968105316162,0.5581066608428955,0.010416666666666666,0.5182529711164534,0.5190625446848571,0.5414801438649496,0.0336438394151628,0.03904411615803838,0.0,0.0336438394151628
encoder.layers.9.self_attn.q_proj,768,stanford-cars,sun397,8,35,lora,34,0.6333401799201965,0.6250906586647034,0.010416666666666666,0.5244432487525046,0.5255967658013105,0.6229235132535299,0.10889693116769195,0.09949389286339283,0.0,0.10889693116769195
encoder.layers.9.self_attn.q_proj,768,stanford-cars,svhn,8,35,lora,34,0.5397557020187378,0.5365174412727356,0.010416666666666666,0.5117167262360454,0.5118177579715848,0.5293390353520712,0.028038975782692432,0.0246996833011508,0.0,0.028038975782692432
encoder.layers.9.self_attn.q_proj,768,sun397,svhn,8,35,lora,34,0.5214990377426147,0.5240638852119446,0.010416666666666666,0.5148533550091088,0.5151523188687861,0.5110823710759481,0.006645682733505964,0.008911566343158484,0.0,0.006645682733505964
encoder.layers.9.self_attn.v_proj,768,dtd,eurosat,8,35,lora,34,0.7125179171562195,0.7098835706710815,0.010416666666666666,0.5107474862597883,0.5115088252350688,0.7021012504895529,0.2017704308964312,0.19837474543601274,0.0,0.2017704308964312
encoder.layers.9.self_attn.v_proj,768,dtd,gtsrb,8,35,lora,34,0.6908223628997803,0.6910645365715027,0.010416666666666666,0.5065792142413557,0.5073136342689395,0.6804056962331136,0.18424314865842462,0.1837509023025632,0.0,0.18424314865842462
encoder.layers.9.self_attn.v_proj,768,dtd,mnist,8,35,lora,34,0.7141173481941223,0.7149612903594971,0.010416666666666666,0.507562605664134,0.5082875001244247,0.7037006815274557,0.2065547425299883,0.20667379023507237,0.0,0.2065547425299883
encoder.layers.9.self_attn.v_proj,768,dtd,resisc45,8,35,lora,34,0.6304305791854858,0.6355366706848145,0.010416666666666666,0.5063927615992725,0.5066608297638595,0.6200139125188192,0.12403781758621335,0.12887584092095494,0.0,0.12403781758621335
encoder.layers.9.self_attn.v_proj,768,dtd,stanford-cars,8,35,lora,34,0.6170732975006104,0.6107494831085205,0.010416666666666666,0.49865043349564075,0.49964079167693853,0.6066566308339437,0.1184228640049696,0.11110869143158197,0.0,0.1184228640049696
encoder.layers.9.self_attn.v_proj,768,dtd,sun397,8,35,lora,34,0.6941705346107483,0.694023072719574,0.010416666666666666,0.49673516768962145,0.4984495644457638,0.6837538679440817,0.19743536692112684,0.19557350827381015,0.0,0.19743536692112684
encoder.layers.9.self_attn.v_proj,768,dtd,svhn,8,35,lora,34,0.709053099155426,0.7056027054786682,0.010416666666666666,0.49994742358103395,0.5007604649290442,0.6986364324887594,0.20910567557439208,0.20484224054962397,0.0,0.20910567557439208
encoder.layers.9.self_attn.v_proj,768,eurosat,gtsrb,8,35,lora,34,0.6696670651435852,0.6709373593330383,0.010416666666666666,0.5146016431972384,0.5151222595013678,0.6592503984769186,0.15506542194634676,0.15581509983167052,0.0,0.15506542194634676
encoder.layers.9.self_attn.v_proj,768,eurosat,mnist,8,35,lora,34,0.6938977837562561,0.6930201053619385,0.010416666666666666,0.4991163299418986,0.49895250517874956,0.6834811170895895,0.19478145381435752,0.19406760018318892,0.0,0.19478145381435752
encoder.layers.9.self_attn.v_proj,768,eurosat,resisc45,8,35,lora,34,0.7760273218154907,0.7764784693717957,0.010416666666666666,0.4935143697075546,0.49415769428014755,0.7656106551488241,0.28251295210793614,0.2823207750916481,0.0,0.28251295210793614
encoder.layers.9.self_attn.v_proj,768,eurosat,stanford-cars,8,35,lora,34,0.6516175866127014,0.6504551768302917,0.010416666666666666,0.5031870729289949,0.504070995375514,0.6412009199460348,0.14843051368370652,0.14638418145477772,0.0,0.14843051368370652
encoder.layers.9.self_attn.v_proj,768,eurosat,sun397,8,35,lora,34,0.6154890060424805,0.6186326742172241,0.010416666666666666,0.5087905270047486,0.5099900108762085,0.6050723393758138,0.10669847903773189,0.10864266334101558,0.0,0.10669847903773189
encoder.layers.9.self_attn.v_proj,768,eurosat,svhn,8,35,lora,34,0.6052249073982239,0.6063133478164673,0.010416666666666666,0.49843212123960257,0.4993235538713634,0.5948082407315572,0.10679278615862131,0.10698979394510388,0.0,0.10679278615862131
encoder.layers.9.self_attn.v_proj,768,gtsrb,mnist,8,35,lora,34,0.7495443224906921,0.7480989694595337,0.010416666666666666,0.5083188195712864,0.5089439409784973,0.7391276558240255,0.2412255029194057,0.23915502848103642,0.0,0.2412255029194057
encoder.layers.9.self_attn.v_proj,768,gtsrb,resisc45,8,35,lora,34,0.695094645023346,0.6980048418045044,0.010416666666666666,0.5060020172968507,0.5066347201354802,0.6846779783566793,0.18909262772649527,0.19137012166902423,0.0,0.18909262772649527
encoder.layers.9.self_attn.v_proj,768,gtsrb,stanford-cars,8,35,lora,34,0.5698865056037903,0.5774632692337036,0.010416666666666666,0.522430541459471,0.5232831011526287,0.5594698389371237,0.047455964144319296,0.05418016808107495,0.0,0.047455964144319296
encoder.layers.9.self_attn.v_proj,768,gtsrb,sun397,8,35,lora,34,0.6674474477767944,0.6720471978187561,0.010416666666666666,0.499593507964164,0.5006750649772584,0.6570307811101278,0.16785393981263041,0.17137213284149766,0.0,0.16785393981263041
encoder.layers.9.self_attn.v_proj,768,gtsrb,svhn,8,35,lora,34,0.7390385866165161,0.7381285429000854,0.010416666666666666,0.5005623055621982,0.5018057734705508,0.7286219199498495,0.23847628105431795,0.23632276942953467,0.0,0.23847628105431795
encoder.layers.9.self_attn.v_proj,768,mnist,resisc45,8,35,lora,34,0.6833299994468689,0.6818479895591736,0.010416666666666666,0.5044311648234725,0.5050375158898532,0.6729133327802023,0.1788988346233964,0.17681047366932034,0.0,0.1788988346233964
encoder.layers.9.self_attn.v_proj,768,mnist,stanford-cars,8,35,lora,34,0.584461510181427,0.5827924013137817,0.010416666666666666,0.49767988873645663,0.4989247634075582,0.5740448435147604,0.08678162144497037,0.08386763790622354,0.0,0.08678162144497037
encoder.layers.9.self_attn.v_proj,768,mnist,sun397,8,35,lora,34,0.6762465238571167,0.6777786016464233,0.010416666666666666,0.5111193940974772,0.5123713426291943,0.6658298571904501,0.1651271297596395,0.16540725901722908,0.0,0.1651271297596395
encoder.layers.9.self_attn.v_proj,768,mnist,svhn,8,35,lora,34,0.7958546876907349,0.7973065376281738,0.010416666666666666,0.5044727534987032,0.5056190146133304,0.7854380210240682,0.2913819341920316,0.29168752301484346,0.0,0.2913819341920316
encoder.layers.9.self_attn.v_proj,768,resisc45,stanford-cars,8,35,lora,34,0.5611633062362671,0.5657898783683777,0.010416666666666666,0.5017054923810065,0.5016407542861998,0.5507466395696005,0.05945781385526061,0.06414912408217788,0.0,0.05945781385526061
encoder.layers.9.self_attn.v_proj,768,resisc45,sun397,8,35,lora,34,0.6601988673210144,0.6650858521461487,0.010416666666666666,0.5158895188942552,0.5168456356041133,0.6497822006543478,0.14430934842675924,0.14824021654203534,0.0,0.14430934842675924
encoder.layers.9.self_attn.v_proj,768,resisc45,svhn,8,35,lora,34,0.6168763637542725,0.6203076839447021,0.010416666666666666,0.5107769882306457,0.5114555237814784,0.6064596970876058,0.1060993755236268,0.10885216016322374,0.0,0.1060993755236268
encoder.layers.9.self_attn.v_proj,768,stanford-cars,sun397,8,35,lora,34,0.6522296667098999,0.6541948318481445,0.010416666666666666,0.5019743549637496,0.5033375732600689,0.6418130000432333,0.15025531174615026,0.15085725858807564,0.0,0.15025531174615026
encoder.layers.9.self_attn.v_proj,768,stanford-cars,svhn,8,35,lora,34,0.6331247091293335,0.6326354742050171,0.010416666666666666,0.49866814725100994,0.5000091856345534,0.6227080424626669,0.13445656187832355,0.13262628857046366,0.0,0.13445656187832355
encoder.layers.9.self_attn.v_proj,768,sun397,svhn,8,35,lora,34,0.6200758218765259,0.6184394359588623,0.010416666666666666,0.507671182975173,0.5083106542006135,0.6096591552098592,0.11240463890135288,0.1101287817582488,0.0,0.11240463890135288
