module,d_in,a,b,k,m,null_kind,n_blocks,raw,cond,null_iso,null_act_raw,null_act_cond,excess_over_iso,excess_raw,excess_cond,h0_excess,excess_raw_corrected
encoder.layers.0.self_attn.q_proj,768,dtd,eurosat,8,18,lora,24,0.6505789160728455,0.6512371301651001,0.010416666666666666,0.5165871479548514,0.516320476308465,0.6401622494061788,0.13399176811799407,0.1349166538566351,0.0,0.13399176811799407
encoder.layers.0.self_attn.q_proj,768,dtd,gtsrb,8,18,lora,24,0.6959546208381653,0.6993286609649658,0.010416666666666666,0.5053266123868525,0.5053233336657286,0.6855379541714987,0.19062800845131278,0.19400532729923725,0.0,0.19062800845131278
encoder.layers.0.self_attn.q_proj,768,dtd,mnist,8,18,lora,24,0.6788041591644287,0.681914210319519,0.010416666666666666,0.5085061718709767,0.5084391441196203,0.6683874924977621,0.17029798729345202,0.17347506619989872,0.0,0.17029798729345202
encoder.layers.0.self_attn.q_proj,768,dtd,resisc45,8,18,lora,24,0.6960009336471558,0.6938379406929016,0.010416666666666666,0.5150192133150995,0.5153506719507277,0.6855842669804891,0.18098172033205628,0.1784872687421739,0.0,0.18098172033205628
encoder.layers.0.self_attn.q_proj,768,dtd,stanford-cars,8,18,lora,24,0.7163998484611511,0.7182954549789429,0.010416666666666666,0.5087004387751222,0.5084619312547147,0.7059831817944845,0.20769940968602896,0.20983352372422814,0.0,0.20769940968602896
encoder.layers.0.self_attn.q_proj,768,dtd,sun397,8,18,lora,24,0.669385552406311,0.6697920560836792,0.010416666666666666,0.5056401379406452,0.5059186886064708,0.6589688857396444,0.16374541446566582,0.16387336747720838,0.0,0.16374541446566582
encoder.layers.0.self_attn.q_proj,768,dtd,svhn,8,18,lora,24,0.6403217315673828,0.6414437890052795,0.010416666666666666,0.5031497767195106,0.5035819322802126,0.6299050649007162,0.13717195484787226,0.1378618567250669,0.0,0.13717195484787226
encoder.layers.0.self_attn.q_proj,768,eurosat,gtsrb,8,18,lora,24,0.7172874212265015,0.7203168869018555,0.010416666666666666,0.5014912490732968,0.5015103383921087,0.7068707545598348,0.21579617215320468,0.2188065485097468,0.0,0.21579617215320468
encoder.layers.0.self_attn.q_proj,768,eurosat,mnist,8,18,lora,24,0.6899571418762207,0.6911895275115967,0.010416666666666666,0.4977033594623208,0.49810746405273676,0.6795404752095541,0.1922537824138999,0.19308206345885992,0.0,0.1922537824138999
encoder.layers.0.self_attn.q_proj,768,eurosat,resisc45,8,18,lora,24,0.6439470648765564,0.6435964703559875,0.010416666666666666,0.5035270936787128,0.5041312025859952,0.6335303982098898,0.14041997119784355,0.13946526776999235,0.0,0.14041997119784355
encoder.layers.0.self_attn.q_proj,768,eurosat,stanford-cars,8,18,lora,24,0.6345300674438477,0.6385817527770996,0.010416666666666666,0.5027828845195472,0.5036964709870517,0.624113400777181,0.13174718292430043,0.13488528179004788,0.0,0.13174718292430043
encoder.layers.0.self_attn.q_proj,768,eurosat,sun397,8,18,lora,24,0.6531703472137451,0.6512414216995239,0.010416666666666666,0.5060445540584624,0.5065638697706163,0.6427536805470785,0.14712579315528274,0.14467755192890763,0.0,0.14712579315528274
encoder.layers.0.self_attn.q_proj,768,eurosat,svhn,8,18,lora,24,0.7203212976455688,0.7201100587844849,0.010416666666666666,0.5077161430381238,0.5077361413277686,0.7099046309789022,0.212605154607445,0.2123739174567163,0.0,0.212605154607445
encoder.layers.0.self_attn.q_proj,768,gtsrb,mnist,8,18,lora,24,0.7582260966300964,0.7593114376068115,0.010416666666666666,0.5117520173080266,0.511726213619113,0.7478094299634298,0.24647407932206988,0.24758522398769855,0.0,0.24647407932206988
encoder.layers.0.self_attn.q_proj,768,gtsrb,resisc45,8,18,lora,24,0.6451563239097595,0.6461153030395508,0.010416666666666666,0.5041905669495463,0.5039579756557941,0.6347396572430929,0.14096575696021318,0.14215732738375664,0.0,0.14096575696021318
encoder.layers.0.self_attn.q_proj,768,gtsrb,stanford-cars,8,18,lora,24,0.7060962319374084,0.709700882434845,0.010416666666666666,0.5006096148863435,0.5010504107922316,0.6956795652707418,0.20548661705106497,0.2086504716426134,0.0,0.20548661705106497
encoder.layers.0.self_attn.q_proj,768,gtsrb,sun397,8,18,lora,24,0.6303057670593262,0.6324228048324585,0.010416666666666666,0.5083041177131236,0.5079183927737176,0.6198891003926595,0.12200164934620261,0.12450441205874085,0.0,0.12200164934620261
encoder.layers.0.self_attn.q_proj,768,gtsrb,svhn,8,18,lora,24,0.780144214630127,0.7789895534515381,0.010416666666666666,0.5041851629503071,0.5043780012056231,0.7697275479634603,0.2759590516798198,0.27461155224591494,0.0,0.2759590516798198
encoder.layers.0.self_attn.q_proj,768,mnist,resisc45,8,18,lora,24,0.6550922393798828,0.6546800136566162,0.010416666666666666,0.5044395043514669,0.5053818081505597,0.6446755727132162,0.15065273502841592,0.14929820550605655,0.0,0.15065273502841592
encoder.layers.0.self_attn.q_proj,768,mnist,stanford-cars,8,18,lora,24,0.6154425740242004,0.6163555383682251,0.010416666666666666,0.5092374728992581,0.5094189019873738,0.6050259073575338,0.1062051011249423,0.10693663638085127,0.0,0.1062051011249423
encoder.layers.0.self_attn.q_proj,768,mnist,sun397,8,18,lora,24,0.6333553791046143,0.6351979970932007,0.010416666666666666,0.51260258955881,0.5127637898549438,0.6229387124379476,0.12075278954580426,0.12243420723825693,0.0,0.12075278954580426
encoder.layers.0.self_attn.q_proj,768,mnist,svhn,8,18,lora,24,0.7064230442047119,0.7069411873817444,0.010416666666666666,0.5021108160726726,0.5029970575124025,0.6960063775380453,0.2043122281320393,0.20394412986934185,0.0,0.2043122281320393
encoder.layers.0.self_attn.q_proj,768,resisc45,stanford-cars,8,18,lora,24,0.64764004945755,0.6471619009971619,0.010416666666666666,0.5082393060438335,0.5085560847073793,0.6372233827908834,0.13940074341371655,0.13860581628978252,0.0,0.13940074341371655
encoder.layers.0.self_attn.q_proj,768,resisc45,sun397,8,18,lora,24,0.7252742052078247,0.7255719304084778,0.010416666666666666,0.5166828753426671,0.5169769059866667,0.7148575385411581,0.2085913298651576,0.2085950244218111,0.0,0.2085913298651576
encoder.layers.0.self_attn.q_proj,768,resisc45,svhn,8,18,lora,24,0.6488186717033386,0.6495200395584106,0.010416666666666666,0.5024861888960004,0.5028450824320316,0.638402005036672,0.14633248280733824,0.146674957126379,0.0,0.14633248280733824
encoder.layers.0.self_attn.q_proj,768,stanford-cars,sun397,8,18,lora,24,0.6335764527320862,0.6390418410301208,0.010416666666666666,0.5032650497741997,0.5040122205391526,0.6231597860654196,0.13031140295788646,0.13502962049096823,0.0,0.13031140295788646
encoder.layers.0.self_attn.q_proj,768,stanford-cars,svhn,8,18,lora,24,0.6426264047622681,0.6458027362823486,0.010416666666666666,0.49944288237020373,0.49919192027300596,0.6322097380956014,0.14318352239206433,0.14661081600934267,0.0,0.14318352239206433
encoder.layers.0.self_attn.q_proj,768,sun397,svhn,8,18,lora,24,0.5995428562164307,0.5989588499069214,0.010416666666666666,0.5075190938077867,0.5075674341060221,0.589126189549764,0.09202376240864396,0.09139141580089927,0.0,0.09202376240864396
encoder.layers.0.self_attn.v_proj,768,dtd,eurosat,8,18,lora,24,0.7303366661071777,0.7376425862312317,0.010416666666666666,0.4907111502252519,0.49169544829055667,0.7199199994405111,0.23962551588192582,0.24594713794067502,0.0,0.23962551588192582
encoder.layers.0.self_attn.v_proj,768,dtd,gtsrb,8,18,lora,24,0.6834592223167419,0.683724582195282,0.010416666666666666,0.48925108974799514,0.4890299281105399,0.6730425556500753,0.1942081325687468,0.19469465408474207,0.0,0.1942081325687468
encoder.layers.0.self_attn.v_proj,768,dtd,mnist,8,18,lora,24,0.7072743773460388,0.7098329663276672,0.010416666666666666,0.4978762613609433,0.49776978231966496,0.6968577106793722,0.2093981159850955,0.21206318400800228,0.0,0.2093981159850955
encoder.layers.0.self_attn.v_proj,768,dtd,resisc45,8,18,lora,24,0.8917417526245117,0.8945640921592712,0.010416666666666666,0.49372814828529954,0.49386691208928823,0.8813250859578451,0.3980136043392122,0.400697180069983,0.0,0.3980136043392122
encoder.layers.0.self_attn.v_proj,768,dtd,stanford-cars,8,18,lora,24,0.8212538361549377,0.8222370743751526,0.010416666666666666,0.4909411836415529,0.49088788870722055,0.8108371694882711,0.3303126525133848,0.33134918566793203,0.0,0.3303126525133848
encoder.layers.0.self_attn.v_proj,768,dtd,sun397,8,18,lora,24,0.8376784920692444,0.8361823558807373,0.010416666666666666,0.49988078512251377,0.4998296136036515,0.8272618254025778,0.3377977069467306,0.3363527422770858,0.0,0.3377977069467306
encoder.layers.0.self_attn.v_proj,768,dtd,svhn,8,18,lora,24,0.700465738773346,0.6994491815567017,0.010416666666666666,0.4854501183144748,0.48615034529939294,0.6900490721066793,0.21501562045887113,0.21329883625730872,0.0,0.21501562045887113
encoder.layers.0.self_attn.v_proj,768,eurosat,gtsrb,8,18,lora,24,0.613587498664856,0.6128893494606018,0.010416666666666666,0.4919389961287379,0.49290225375443697,0.6031708319981893,0.12164850253611803,0.11998709570616484,0.0,0.12164850253611803
encoder.layers.0.self_attn.v_proj,768,eurosat,mnist,8,18,lora,24,0.6477565169334412,0.6482340097427368,0.010416666666666666,0.495452799834311,0.4963650945574045,0.6373398502667745,0.15230371709913015,0.1518689151853323,0.0,0.15230371709913015
encoder.layers.0.self_attn.v_proj,768,eurosat,resisc45,8,18,lora,24,0.7649762034416199,0.7692892551422119,0.010416666666666666,0.501603587064892,0.5009524533525109,0.7545595367749532,0.2633726163767278,0.268336801789701,0.0,0.2633726163767278
encoder.layers.0.self_attn.v_proj,768,eurosat,stanford-cars,8,18,lora,24,0.7171012163162231,0.7184289693832397,0.010416666666666666,0.4923928091302514,0.4932986688800156,0.7066845496495565,0.22470840718597174,0.22513030050322413,0.0,0.22470840718597174
encoder.layers.0.self_attn.v_proj,768,eurosat,sun397,8,18,lora,24,0.7805084586143494,0.7824147939682007,0.010416666666666666,0.4949043490923941,0.49501304188743234,0.7700917919476827,0.28560410952195525,0.28740175208076835,0.0,0.28560410952195525
encoder.layers.0.self_attn.v_proj,768,eurosat,svhn,8,18,lora,24,0.7170013189315796,0.718540608882904,0.010416666666666666,0.4920585905201733,0.4925702470354736,0.706584652264913,0.22494272841140628,0.22597036184743047,0.0,0.22494272841140628
encoder.layers.0.self_attn.v_proj,768,gtsrb,mnist,8,18,lora,24,0.7673395872116089,0.7666521668434143,0.010416666666666666,0.49261192698031664,0.49267922062426805,0.7569229205449423,0.27472766023129225,0.27397294621914625,0.0,0.27472766023129225
encoder.layers.0.self_attn.v_proj,768,gtsrb,resisc45,8,18,lora,24,0.7103004455566406,0.7100831270217896,0.010416666666666666,0.4999484126456082,0.49921875493600965,0.699883778889974,0.21035203291103244,0.2108643720857799,0.0,0.21035203291103244
encoder.layers.0.self_attn.v_proj,768,gtsrb,stanford-cars,8,18,lora,24,0.7223628759384155,0.7237080335617065,0.010416666666666666,0.49137718323618174,0.4904485456645489,0.7119462092717489,0.2309856927022338,0.23325948789715767,0.0,0.2309856927022338
encoder.layers.0.self_attn.v_proj,768,gtsrb,sun397,8,18,lora,24,0.7095894813537598,0.7082576155662537,0.010416666666666666,0.48465818352997303,0.4845535019412637,0.6991728146870931,0.22493129782378674,0.22370411362499,0.0,0.22493129782378674
encoder.layers.0.self_attn.v_proj,768,gtsrb,svhn,8,18,lora,24,0.6702628135681152,0.6675119400024414,0.010416666666666666,0.483287048060447,0.48273796448484063,0.6598461469014486,0.18697576550766826,0.18477397551760077,0.0,0.18697576550766826
encoder.layers.0.self_attn.v_proj,768,mnist,resisc45,8,18,lora,24,0.776347279548645,0.7766658663749695,0.010416666666666666,0.5025192126631737,0.5024242508225143,0.7659306128819784,0.27382806688547134,0.2742416155524552,0.0,0.27382806688547134
encoder.layers.0.self_attn.v_proj,768,mnist,stanford-cars,8,18,lora,24,0.7318909168243408,0.7336831092834473,0.010416666666666666,0.4936692342162132,0.4940061173401773,0.7214742501576742,0.2382216826081276,0.23967699194326997,0.0,0.2382216826081276
encoder.layers.0.self_attn.v_proj,768,mnist,sun397,8,18,lora,24,0.7521092891693115,0.7561113834381104,0.010416666666666666,0.49433336267247796,0.4940164675936103,0.7416926225026449,0.25777592649683356,0.26209491584450006,0.0,0.25777592649683356
encoder.layers.0.self_attn.v_proj,768,mnist,svhn,8,18,lora,24,0.6659723520278931,0.6669823527336121,0.010416666666666666,0.4937389944680035,0.4939866801723838,0.6555556853612264,0.17223335755988955,0.17299567256122828,0.0,0.17223335755988955
encoder.layers.0.self_attn.v_proj,768,resisc45,stanford-cars,8,18,lora,24,0.8244787454605103,0.8264106512069702,0.010416666666666666,0.49802406365051866,0.4980179429985583,0.8140620787938436,0.3264546818099916,0.32839270820841193,0.0,0.3264546818099916
encoder.layers.0.self_attn.v_proj,768,resisc45,sun397,8,18,lora,24,0.8427913188934326,0.8466857075691223,0.010416666666666666,0.5003771847113967,0.5008126352913678,0.832374652226766,0.3424141341820359,0.34587307227775455,0.0,0.3424141341820359
encoder.layers.0.self_attn.v_proj,768,resisc45,svhn,8,18,lora,24,0.7240602970123291,0.7229765057563782,0.010416666666666666,0.48913989402353764,0.4890837278217077,0.7136436303456625,0.23492040298879147,0.23389277793467045,0.0,0.23492040298879147
encoder.layers.0.self_attn.v_proj,768,stanford-cars,sun397,8,18,lora,24,0.9170786738395691,0.9167101979255676,0.010416666666666666,0.5038098534569144,0.5039918469265103,0.9066620071729025,0.41326882038265467,0.4127183509990573,0.0,0.41326882038265467
encoder.layers.0.self_attn.v_proj,768,stanford-cars,svhn,8,18,lora,24,0.6755786538124084,0.6743312478065491,0.010416666666666666,0.48860229551792145,0.48862254014238715,0.6651619871457418,0.186976358294487,0.18570870766416192,0.0,0.186976358294487
encoder.layers.0.self_attn.v_proj,768,sun397,svhn,8,18,lora,24,0.719781219959259,0.7191884517669678,0.010416666666666666,0.49241408985108137,0.4926588134840131,0.7093645532925924,0.22736713010817766,0.2265296382829547,0.0,0.22736713010817766
encoder.layers.1.self_attn.q_proj,768,dtd,eurosat,8,26,lora,29,0.6324468851089478,0.6284265518188477,0.010416666666666666,0.5076233022846282,0.5064435699023306,0.6220302184422811,0.1248235828243196,0.12198298191651702,0.0,0.1248235828243196
encoder.layers.1.self_attn.q_proj,768,dtd,gtsrb,8,26,lora,29,0.6345373392105103,0.6225303411483765,0.010416666666666666,0.4968071300536394,0.493630631826818,0.6241206725438436,0.13773020915687084,0.12889970932155848,0.0,0.13773020915687084
encoder.layers.1.self_attn.q_proj,768,dtd,mnist,8,26,lora,29,0.7082240581512451,0.696567714214325,0.010416666666666666,0.5043400167487562,0.5028043752536178,0.6978073914845785,0.20388404140248895,0.1937633389607072,0.0,0.20388404140248895
encoder.layers.1.self_attn.q_proj,768,dtd,resisc45,8,26,lora,29,0.6955643892288208,0.688973069190979,0.010416666666666666,0.5120632634498179,0.511110894382,0.6851477225621542,0.1835011257790029,0.17786217480897903,0.0,0.1835011257790029
encoder.layers.1.self_attn.q_proj,768,dtd,stanford-cars,8,26,lora,29,0.6256939768791199,0.6133009195327759,0.010416666666666666,0.5089972326532006,0.5077405623160303,0.6152773102124532,0.11669674422591925,0.10556035721674562,0.0,0.11669674422591925
encoder.layers.1.self_attn.q_proj,768,dtd,sun397,8,26,lora,29,0.7003722190856934,0.6848046183586121,0.010416666666666666,0.5099109038710594,0.5083476644940674,0.6899555524190267,0.19046131521463394,0.17645695386454463,0.0,0.19046131521463394
encoder.layers.1.self_attn.q_proj,768,dtd,svhn,8,26,lora,29,0.6393150687217712,0.6277880072593689,0.010416666666666666,0.4999111797660589,0.49742017313838005,0.6288984020551046,0.13940388895571232,0.13036783412098885,0.0,0.13940388895571232
encoder.layers.1.self_attn.q_proj,768,eurosat,gtsrb,8,26,lora,29,0.6977318525314331,0.6937743425369263,0.010416666666666666,0.5065982458181679,0.5045492970384657,0.6873151858647665,0.19113360671326518,0.18922504549846053,0.0,0.19113360671326518
encoder.layers.1.self_attn.q_proj,768,eurosat,mnist,8,26,lora,29,0.6853779554367065,0.6840544939041138,0.010416666666666666,0.5051855705678463,0.5041169226169586,0.6749612887700399,0.18019238486886024,0.17993757128715515,0.0,0.18019238486886024
encoder.layers.1.self_attn.q_proj,768,eurosat,resisc45,8,26,lora,29,0.654071569442749,0.6519268751144409,0.010416666666666666,0.5004368652589619,0.4994818405248225,0.6436549027760824,0.1536347041837871,0.15244503458961844,0.0,0.1536347041837871
encoder.layers.1.self_attn.q_proj,768,eurosat,stanford-cars,8,26,lora,29,0.634853720664978,0.6369165778160095,0.010416666666666666,0.5066568199545145,0.5056152478791773,0.6244370539983114,0.12819690071046352,0.1313013299368322,0.0,0.12819690071046352
encoder.layers.1.self_attn.q_proj,768,eurosat,sun397,8,26,lora,29,0.562099814414978,0.5597456693649292,0.010416666666666666,0.5187182361260056,0.5157574601471424,0.5516831477483114,0.04338157828897238,0.04398820921778679,0.0,0.04338157828897238
encoder.layers.1.self_attn.q_proj,768,eurosat,svhn,8,26,lora,29,0.7089369297027588,0.7041934132575989,0.010416666666666666,0.4990193210542202,0.49707621382549405,0.6985202630360922,0.2099176086485386,0.20711719943210483,0.0,0.2099176086485386
encoder.layers.1.self_attn.q_proj,768,gtsrb,mnist,8,26,lora,29,0.7305041551589966,0.7296915054321289,0.010416666666666666,0.4968680706806481,0.4954818719998002,0.72008748849233,0.2336360844783485,0.2342096334323287,0.0,0.2336360844783485
encoder.layers.1.self_attn.q_proj,768,gtsrb,resisc45,8,26,lora,29,0.6798543930053711,0.6724956035614014,0.010416666666666666,0.5036444743163884,0.5009670462459326,0.6694377263387045,0.17620991868898273,0.1715285573154688,0.0,0.17620991868898273
encoder.layers.1.self_attn.q_proj,768,gtsrb,stanford-cars,8,26,lora,29,0.6630798578262329,0.66717928647995,0.010416666666666666,0.5005053551867604,0.4984910814091563,0.6526631911595663,0.16257450263947248,0.16868820507079363,0.0,0.16257450263947248
encoder.layers.1.self_attn.q_proj,768,gtsrb,sun397,8,26,lora,29,0.6252138614654541,0.6222941279411316,0.010416666666666666,0.5142001295462251,0.5113615375012159,0.6147971947987875,0.11101373191922903,0.11093259043991566,0.0,0.11101373191922903
encoder.layers.1.self_attn.q_proj,768,gtsrb,svhn,8,26,lora,29,0.6909462809562683,0.6850450038909912,0.010416666666666666,0.500808899756521,0.4992619939148426,0.6805296142896017,0.19013738119974732,0.1857830099761486,0.0,0.19013738119974732
encoder.layers.1.self_attn.q_proj,768,mnist,resisc45,8,26,lora,29,0.6858346462249756,0.6821631193161011,0.010416666666666666,0.490807278547436,0.4899941040202975,0.675417979558309,0.1950273676775396,0.19216901529580355,0.0,0.1950273676775396
encoder.layers.1.self_attn.q_proj,768,mnist,stanford-cars,8,26,lora,29,0.6226333379745483,0.6167938113212585,0.010416666666666666,0.4995370116084814,0.4988856827840209,0.6122166713078817,0.12309632636606693,0.11790812853723764,0.0,0.12309632636606693
encoder.layers.1.self_attn.q_proj,768,mnist,sun397,8,26,lora,29,0.7028977274894714,0.6975467205047607,0.010416666666666666,0.5014298264868557,0.49925007252022624,0.6924810608228048,0.2014679010026157,0.1982966479845345,0.0,0.2014679010026157
encoder.layers.1.self_attn.q_proj,768,mnist,svhn,8,26,lora,29,0.659271240234375,0.6538934111595154,0.010416666666666666,0.5040283347479999,0.5029721376486123,0.6488545735677084,0.1552429054863751,0.15092127351090312,0.0,0.1552429054863751
encoder.layers.1.self_attn.q_proj,768,resisc45,stanford-cars,8,26,lora,29,0.6988914012908936,0.6946181654930115,0.010416666666666666,0.5078346910886467,0.5072052055038512,0.6884747346242269,0.1910567102022469,0.1874129599891603,0.0,0.1910567102022469
encoder.layers.1.self_attn.q_proj,768,resisc45,sun397,8,26,lora,29,0.7140602469444275,0.7083113789558411,0.010416666666666666,0.5242049833759665,0.5228167250752449,0.7036435802777609,0.18985526356846094,0.18549465388059616,0.0,0.18985526356846094
encoder.layers.1.self_attn.q_proj,768,resisc45,svhn,8,26,lora,29,0.6453708410263062,0.6346774101257324,0.010416666666666666,0.4877940979786217,0.48622270161285996,0.6349541743596395,0.15757674304768443,0.14845470851287246,0.0,0.15757674304768443
encoder.layers.1.self_attn.q_proj,768,stanford-cars,sun397,8,26,lora,29,0.7285332083702087,0.7203159332275391,0.010416666666666666,0.5247159241698682,0.52352647902444,0.7181165417035421,0.2038172842003405,0.196789454203099,0.0,0.2038172842003405
encoder.layers.1.self_attn.q_proj,768,stanford-cars,svhn,8,26,lora,29,0.6418812870979309,0.6290252208709717,0.010416666666666666,0.49889447586610913,0.49632371915504336,0.6314646204312643,0.14298681123182178,0.13270150171592832,0.0,0.14298681123182178
encoder.layers.1.self_attn.q_proj,768,sun397,svhn,8,26,lora,29,0.6287251114845276,0.6196147799491882,0.010416666666666666,0.494876972399652,0.49176291935145855,0.618308444817861,0.13384813908487558,0.12785186059772968,0.0,0.13384813908487558
encoder.layers.1.self_attn.v_proj,768,dtd,eurosat,8,26,lora,29,0.6052244901657104,0.5953611135482788,0.010416666666666666,0.48438945645466447,0.48204111121594906,0.5948078234990438,0.12083503371104598,0.11332000233232975,0.0,0.12083503371104598
encoder.layers.1.self_attn.v_proj,768,dtd,gtsrb,8,26,lora,29,0.6680346727371216,0.6587058901786804,0.010416666666666666,0.4875879199244082,0.485098828561604,0.657618006070455,0.18044675281271338,0.1736070616170764,0.0,0.18044675281271338
encoder.layers.1.self_attn.v_proj,768,dtd,mnist,8,26,lora,29,0.6063793897628784,0.6018776893615723,0.010416666666666666,0.4758718400262296,0.4758794344961643,0.5959627230962118,0.1305075497366488,0.12599825486540794,0.0,0.1305075497366488
encoder.layers.1.self_attn.v_proj,768,dtd,resisc45,8,26,lora,29,0.7812373042106628,0.7792340517044067,0.010416666666666666,0.4951315810903907,0.4965284578502178,0.7708206375439962,0.28610572312027216,0.2827055938541889,0.0,0.28610572312027216
encoder.layers.1.self_attn.v_proj,768,dtd,stanford-cars,8,26,lora,29,0.7806417942047119,0.7937631607055664,0.010416666666666666,0.49907588912174106,0.499073070473969,0.7702251275380453,0.28156590508297086,0.2946900902315974,0.0,0.28156590508297086
encoder.layers.1.self_attn.v_proj,768,dtd,sun397,8,26,lora,29,0.8570364713668823,0.8593310713768005,0.010416666666666666,0.49710488272830844,0.4966348563320935,0.8466198047002157,0.3599315886385739,0.36269621504470706,0.0,0.3599315886385739
encoder.layers.1.self_attn.v_proj,768,dtd,svhn,8,26,lora,29,0.609387993812561,0.6045690774917603,0.010416666666666666,0.4878143663518131,0.4859673399478197,0.5989713271458944,0.12157362746074796,0.11860173754394054,0.0,0.12157362746074796
encoder.layers.1.self_attn.v_proj,768,eurosat,gtsrb,8,26,lora,29,0.626288890838623,0.6303422451019287,0.010416666666666666,0.4731399700976908,0.47236589109525084,0.6158722241719564,0.15314892074093223,0.15797635400667787,0.0,0.15314892074093223
encoder.layers.1.self_attn.v_proj,768,eurosat,mnist,8,26,lora,29,0.5919293165206909,0.5916709303855896,0.010416666666666666,0.48422551387920976,0.483839460182935,0.5815126498540243,0.10770380264148116,0.1078314702026546,0.0,0.10770380264148116
encoder.layers.1.self_attn.v_proj,768,eurosat,resisc45,8,26,lora,29,0.7051072120666504,0.6992207169532776,0.010416666666666666,0.48810453712940216,0.485856122802943,0.6946905453999838,0.21700267493724823,0.2133645941503346,0.0,0.21700267493724823
encoder.layers.1.self_attn.v_proj,768,eurosat,stanford-cars,8,26,lora,29,0.6148785352706909,0.6089730858802795,0.010416666666666666,0.4985806718468666,0.4976576827466488,0.6044618686040243,0.11629786342382431,0.11131540313363075,0.0,0.11629786342382431
encoder.layers.1.self_attn.v_proj,768,eurosat,sun397,8,26,lora,29,0.6250513195991516,0.6216049194335938,0.010416666666666666,0.49564506812021136,0.4949879124760628,0.614634652932485,0.12940625147894025,0.12661700695753098,0.0,0.12940625147894025
encoder.layers.1.self_attn.v_proj,768,eurosat,svhn,8,26,lora,29,0.6960941553115845,0.695741593837738,0.010416666666666666,0.5047172699123621,0.5033737439662218,0.6856774886449178,0.19137688539922237,0.19236784987151623,0.0,0.19137688539922237
encoder.layers.1.self_attn.v_proj,768,gtsrb,mnist,8,26,lora,29,0.6465471982955933,0.6445639133453369,0.010416666666666666,0.4891247949562967,0.4884549775160849,0.6361305316289266,0.15742240333929658,0.156108935829252,0.0,0.15742240333929658
encoder.layers.1.self_attn.v_proj,768,gtsrb,resisc45,8,26,lora,29,0.6788163781166077,0.6693388223648071,0.010416666666666666,0.47848553443327546,0.4751414800994098,0.668399711449941,0.2003308436833322,0.1941973422653973,0.0,0.2003308436833322
encoder.layers.1.self_attn.v_proj,768,gtsrb,stanford-cars,8,26,lora,29,0.7036001682281494,0.6877602934837341,0.010416666666666666,0.4897755072452128,0.48844640608876944,0.6931835015614828,0.21382466098293662,0.1993138873949647,0.0,0.21382466098293662
encoder.layers.1.self_attn.v_proj,768,gtsrb,sun397,8,26,lora,29,0.704337477684021,0.697187066078186,0.010416666666666666,0.49192491406574845,0.4891756805591285,0.6939208110173544,0.21241256361827254,0.2080113855190575,0.0,0.21241256361827254
encoder.layers.1.self_attn.v_proj,768,gtsrb,svhn,8,26,lora,29,0.7471139430999756,0.744820773601532,0.010416666666666666,0.4798919972963631,0.477707770653069,0.736697276433309,0.26722194580361247,0.26711300294846296,0.0,0.26722194580361247
encoder.layers.1.self_attn.v_proj,768,mnist,resisc45,8,26,lora,29,0.6463087797164917,0.6423631906509399,0.010416666666666666,0.4877194077707827,0.4851412489078939,0.6358921130498251,0.158589371945709,0.15722194174304605,0.0,0.158589371945709
encoder.layers.1.self_attn.v_proj,768,mnist,stanford-cars,8,26,lora,29,0.6118388772010803,0.621458113193512,0.010416666666666666,0.4938400941900909,0.4929612916894257,0.6014222105344137,0.11799878301098943,0.12849682150408626,0.0,0.11799878301098943
encoder.layers.1.self_attn.v_proj,768,mnist,sun397,8,26,lora,29,0.6725460886955261,0.667315661907196,0.010416666666666666,0.499766050837934,0.4981188368983567,0.6621294220288595,0.1727800378575921,0.16919682500883937,0.0,0.1727800378575921
encoder.layers.1.self_attn.v_proj,768,mnist,svhn,8,26,lora,29,0.6055556535720825,0.6075321435928345,0.010416666666666666,0.4852143540047109,0.484498655423522,0.5951389869054159,0.1203412995673716,0.12303348816931248,0.0,0.1203412995673716
encoder.layers.1.self_attn.v_proj,768,resisc45,stanford-cars,8,26,lora,29,0.764376699924469,0.7522268295288086,0.010416666666666666,0.4968869872391224,0.49504510778933764,0.7539600332578024,0.2674897126853466,0.25718172173947096,0.0,0.2674897126853466
encoder.layers.1.self_attn.v_proj,768,resisc45,sun397,8,26,lora,29,0.7849097847938538,0.7811672687530518,0.010416666666666666,0.4984558215364814,0.4978146441280842,0.7744931181271871,0.2864539632573724,0.2833526246249676,0.0,0.2864539632573724
encoder.layers.1.self_attn.v_proj,768,resisc45,svhn,8,26,lora,29,0.6412912011146545,0.6370856165885925,0.010416666666666666,0.4752385150641203,0.4730674307793379,0.6308745344479879,0.16605268605053425,0.16401818580925465,0.0,0.16605268605053425
encoder.layers.1.self_attn.v_proj,768,stanford-cars,sun397,8,26,lora,29,0.8725764751434326,0.8899895548820496,0.010416666666666666,0.5025561666116118,0.5022405791096389,0.862159808476766,0.3700203085318208,0.38774897577241063,0.0,0.3700203085318208
encoder.layers.1.self_attn.v_proj,768,stanford-cars,svhn,8,26,lora,29,0.6439332962036133,0.6407642960548401,0.010416666666666666,0.47045386815443635,0.4702624697238207,0.6335166295369467,0.17347942804917693,0.1705018263310194,0.0,0.17347942804917693
encoder.layers.1.self_attn.v_proj,768,sun397,svhn,8,26,lora,29,0.652299165725708,0.6530654430389404,0.010416666666666666,0.48872619634494185,0.48854744667187333,0.6418824990590414,0.16357296938076615,0.1645179963670671,0.0,0.16357296938076615
encoder.layers.10.self_attn.q_proj,768,dtd,eurosat,8,18,lora,32,0.5464981198310852,0.5531033277511597,0.010416666666666666,0.4769428838044405,0.47722682915627956,0.5360814531644186,0.0695552360266447,0.0758764985948801,0.0,0.0695552360266447
encoder.layers.10.self_attn.q_proj,768,dtd,gtsrb,8,18,lora,32,0.5275433659553528,0.5170021057128906,0.010416666666666666,0.46773581113666296,0.4655313044786453,0.5171266992886862,0.05980755481868982,0.0514708012342453,0.0,0.05980755481868982
encoder.layers.10.self_attn.q_proj,768,dtd,mnist,8,18,lora,32,0.522499680519104,0.5202195644378662,0.010416666666666666,0.4796955054625869,0.47838505543768406,0.5120830138524374,0.042804175056517124,0.04183450900018215,0.0,0.042804175056517124
encoder.layers.10.self_attn.q_proj,768,dtd,resisc45,8,18,lora,32,0.5274379849433899,0.5332357287406921,0.010416666666666666,0.4779838132672012,0.47777190525084734,0.5170213182767233,0.04945417167618871,0.0554638234898448,0.0,0.04945417167618871
encoder.layers.10.self_attn.q_proj,768,dtd,stanford-cars,8,18,lora,32,0.557533323764801,0.5603241920471191,0.010416666666666666,0.47190863033756614,0.46860702661797404,0.5471166570981344,0.08562469342723489,0.0917171654291451,0.0,0.08562469342723489
encoder.layers.10.self_attn.q_proj,768,dtd,sun397,8,18,lora,32,0.6131372451782227,0.6057481169700623,0.010416666666666666,0.4826313192024827,0.4818731630221009,0.602720578511556,0.13050592597573996,0.12387495394796133,0.0,0.13050592597573996
encoder.layers.10.self_attn.q_proj,768,dtd,svhn,8,18,lora,32,0.5497620701789856,0.5452075600624084,0.010416666666666666,0.4782135118730366,0.47488498128950596,0.539345403512319,0.07154855830594897,0.07032257877290249,0.0,0.07154855830594897
encoder.layers.10.self_attn.q_proj,768,eurosat,gtsrb,8,18,lora,32,0.545907735824585,0.5444846749305725,0.010416666666666666,0.4618786359205842,0.4619793016463518,0.5354910691579183,0.08402909990400076,0.0825053732842207,0.0,0.08402909990400076
encoder.layers.10.self_attn.q_proj,768,eurosat,mnist,8,18,lora,32,0.5159109830856323,0.519084632396698,0.010416666666666666,0.5012130434624851,0.5011036787182093,0.5054943164189657,0.01469793962314725,0.01798095367848873,0.0,0.01469793962314725
encoder.layers.10.self_attn.q_proj,768,eurosat,resisc45,8,18,lora,32,0.6907088756561279,0.6914565563201904,0.010416666666666666,0.4929444883018732,0.4943413413129747,0.6802922089894613,0.19776438735425472,0.19711521500721574,0.0,0.19776438735425472
encoder.layers.10.self_attn.q_proj,768,eurosat,stanford-cars,8,18,lora,32,0.5755947232246399,0.5715475082397461,0.010416666666666666,0.48101946245878935,0.48056315584108233,0.5651780565579733,0.09457526076585054,0.09098435239866376,0.0,0.09457526076585054
encoder.layers.10.self_attn.q_proj,768,eurosat,sun397,8,18,lora,32,0.5784399509429932,0.5821253061294556,0.010416666666666666,0.4947315575554967,0.4954653703607619,0.5680232842763265,0.08370839338749647,0.08665993576869369,0.0,0.08370839338749647
encoder.layers.10.self_attn.q_proj,768,eurosat,svhn,8,18,lora,32,0.5477467775344849,0.5549752116203308,0.010416666666666666,0.48021903773769736,0.47950124787166715,0.5373301108678182,0.0675277397967875,0.07547396374866366,0.0,0.0675277397967875
encoder.layers.10.self_attn.q_proj,768,gtsrb,mnist,8,18,lora,32,0.5083543062210083,0.5127951502799988,0.010416666666666666,0.4821055941283703,0.4821880580857396,0.4979376395543416,0.026248712092638016,0.030607092194259167,0.0,0.026248712092638016
encoder.layers.10.self_attn.q_proj,768,gtsrb,resisc45,8,18,lora,32,0.5128649473190308,0.5130593180656433,0.010416666666666666,0.47805081959813833,0.47788029769435525,0.5024482806523641,0.03481412772089243,0.03517902037128806,0.0,0.03481412772089243
encoder.layers.10.self_attn.q_proj,768,gtsrb,stanford-cars,8,18,lora,32,0.5438404083251953,0.5416456460952759,0.010416666666666666,0.48571348981931806,0.4845964927226305,0.5334237416585287,0.058126918505877256,0.05704915337264538,0.0,0.058126918505877256
encoder.layers.10.self_attn.q_proj,768,gtsrb,sun397,8,18,lora,32,0.5366305112838745,0.5341899394989014,0.010416666666666666,0.48071917379274964,0.48111571557819843,0.5262138446172079,0.05591133749112487,0.053074223920702934,0.0,0.05591133749112487
encoder.layers.10.self_attn.q_proj,768,gtsrb,svhn,8,18,lora,32,0.5627804398536682,0.5619954466819763,0.010416666666666666,0.4889274067245424,0.4894733256660402,0.5523637731870016,0.07385303312912583,0.07252212101593614,0.0,0.07385303312912583
encoder.layers.10.self_attn.q_proj,768,mnist,resisc45,8,18,lora,32,0.5315119028091431,0.5310303568840027,0.010416666666666666,0.4988301573321223,0.49855848401784897,0.5210952361424764,0.03268174547702074,0.03247187286615372,0.0,0.03268174547702074
encoder.layers.10.self_attn.q_proj,768,mnist,stanford-cars,8,18,lora,32,0.5216497182846069,0.5227755308151245,0.010416666666666666,0.4893847266212106,0.4883228815160692,0.5112330516179403,0.03226499166339636,0.03445264929905534,0.0,0.03226499166339636
encoder.layers.10.self_attn.q_proj,768,mnist,sun397,8,18,lora,32,0.5866027474403381,0.5838465690612793,0.010416666666666666,0.4956919802352786,0.49521131813526154,0.5761860807736715,0.09091076720505953,0.08863525092601776,0.0,0.09091076720505953
encoder.layers.10.self_attn.q_proj,768,mnist,svhn,8,18,lora,32,0.638932466506958,0.639135479927063,0.010416666666666666,0.5003418200649321,0.5007881857454777,0.6285157998402914,0.1385906464420259,0.1383472941815853,0.0,0.1385906464420259
encoder.layers.10.self_attn.q_proj,768,resisc45,stanford-cars,8,18,lora,32,0.5306273698806763,0.5312886834144592,0.010416666666666666,0.48280887957662344,0.48197723273187876,0.5202107032140096,0.04781849030405283,0.04931145068258047,0.0,0.04781849030405283
encoder.layers.10.self_attn.q_proj,768,resisc45,sun397,8,18,lora,32,0.5720645189285278,0.579110860824585,0.010416666666666666,0.5016234694048762,0.5019545387476683,0.5616478522618612,0.0704410495236516,0.0771563220769167,0.0,0.0704410495236516
encoder.layers.10.self_attn.q_proj,768,resisc45,svhn,8,18,lora,32,0.4758748412132263,0.4817192256450653,0.010416666666666666,0.4825648288242519,0.48211924731731415,0.46545817454655963,-0.006689987611025572,-0.00040002167224884033,0.0,-0.006689987611025572
encoder.layers.10.self_attn.q_proj,768,stanford-cars,sun397,8,18,lora,32,0.5569040179252625,0.5571342706680298,0.010416666666666666,0.49924310809001327,0.49988076696172357,0.5464873512585958,0.057660909835249186,0.05725350370630622,0.0,0.057660909835249186
encoder.layers.10.self_attn.q_proj,768,stanford-cars,svhn,8,18,lora,32,0.5789552330970764,0.5773189663887024,0.010416666666666666,0.48897931165993214,0.48823224334046245,0.5685385664304098,0.08997592143714428,0.08908672304823995,0.0,0.08997592143714428
encoder.layers.10.self_attn.q_proj,768,sun397,svhn,8,18,lora,32,0.5805034041404724,0.5734752416610718,0.010416666666666666,0.490515329875052,0.4895783527754247,0.5700867374738058,0.08998807426542044,0.08389688888564706,0.0,0.08998807426542044
encoder.layers.10.self_attn.v_proj,768,dtd,eurosat,8,18,lora,32,0.5122570991516113,0.5125954151153564,0.010416666666666666,0.463139028288424,0.4583558482117951,0.5018404324849447,0.04911807086318731,0.054239566903561354,0.0,0.04911807086318731
encoder.layers.10.self_attn.v_proj,768,dtd,gtsrb,8,18,lora,32,0.5102378726005554,0.5015677213668823,0.010416666666666666,0.4488962674513459,0.4473038841970265,0.49982120593388873,0.0613416051492095,0.05426383716985583,0.0,0.0613416051492095
encoder.layers.10.self_attn.v_proj,768,dtd,mnist,8,18,lora,32,0.4695911407470703,0.4667258560657501,0.010416666666666666,0.4622635883279145,0.4577169162221253,0.4591744740804036,0.007327552419155836,0.00900893984362483,0.0,0.007327552419155836
encoder.layers.10.self_attn.v_proj,768,dtd,resisc45,8,18,lora,32,0.5869308710098267,0.5806971788406372,0.010416666666666666,0.4712272365577519,0.46762983966618776,0.57651420434316,0.11570363445207477,0.11306733917444944,0.0,0.11570363445207477
encoder.layers.10.self_attn.v_proj,768,dtd,stanford-cars,8,18,lora,32,0.46153539419174194,0.45184648036956787,0.010416666666666666,0.4722869764082134,0.46790773794054985,0.45111872752507526,-0.010751582216471434,-0.01606125757098198,0.0,-0.010751582216471434
encoder.layers.10.self_attn.v_proj,768,dtd,sun397,8,18,lora,32,0.6305544376373291,0.6271157264709473,0.010416666666666666,0.47093208180740476,0.46837403206154704,0.6201377709706625,0.15962235582992435,0.15874169440940022,0.0,0.15962235582992435
encoder.layers.10.self_attn.v_proj,768,dtd,svhn,8,18,lora,32,0.4714609682559967,0.4616544842720032,0.010416666666666666,0.4704909063875675,0.4670923985540867,0.46104430158933,0.000970061868429184,-0.005437914282083511,0.0,0.000970061868429184
encoder.layers.10.self_attn.v_proj,768,eurosat,gtsrb,8,18,lora,32,0.5405048131942749,0.536861777305603,0.010416666666666666,0.46227283123880625,0.46226085210219026,0.5300881465276083,0.07823198195546865,0.07460092520341277,0.0,0.07823198195546865
encoder.layers.10.self_attn.v_proj,768,eurosat,mnist,8,18,lora,32,0.5689197182655334,0.566489577293396,0.010416666666666666,0.4792192578315735,0.4755881344899535,0.5585030515988668,0.08970046043395996,0.09090144280344248,0.0,0.08970046043395996
encoder.layers.10.self_attn.v_proj,768,eurosat,resisc45,8,18,lora,32,0.7457942962646484,0.7459560036659241,0.010416666666666666,0.48618765734136105,0.48614055942744017,0.7353776295979818,0.2596066389232874,0.2598154442384839,0.0,0.2596066389232874
encoder.layers.10.self_attn.v_proj,768,eurosat,stanford-cars,8,18,lora,32,0.4989280700683594,0.4976559579372406,0.010416666666666666,0.4767137737944722,0.4747078148648143,0.4885114034016927,0.022214296273887157,0.02294814307242632,0.0,0.022214296273887157
encoder.layers.10.self_attn.v_proj,768,eurosat,sun397,8,18,lora,32,0.5871591567993164,0.5895390510559082,0.010416666666666666,0.4738114047795534,0.4724387964233756,0.5767424901326498,0.11334775201976299,0.1171002546325326,0.0,0.11334775201976299
encoder.layers.10.self_attn.v_proj,768,eurosat,svhn,8,18,lora,32,0.5589593052864075,0.5551750659942627,0.010416666666666666,0.4828209597617388,0.4796462166123092,0.5485426386197408,0.0761383455246687,0.07552884938195348,0.0,0.0761383455246687
encoder.layers.10.self_attn.v_proj,768,gtsrb,mnist,8,18,lora,32,0.5399489998817444,0.5360202193260193,0.010416666666666666,0.4718951606191695,0.4703529356047511,0.5295323332150778,0.06805383926257491,0.06566728372126818,0.0,0.06805383926257491
encoder.layers.10.self_attn.v_proj,768,gtsrb,resisc45,8,18,lora,32,0.572645902633667,0.5642325282096863,0.010416666666666666,0.47025318862870336,0.4690179922617972,0.5622292359670004,0.10239271400496364,0.09521453594788909,0.0,0.10239271400496364
encoder.layers.10.self_attn.v_proj,768,gtsrb,stanford-cars,8,18,lora,32,0.5815586447715759,0.5811821818351746,0.010416666666666666,0.46664756443351507,0.4663275461643934,0.5711419781049093,0.11491108033806086,0.11485463567078114,0.0,0.11491108033806086
encoder.layers.10.self_attn.v_proj,768,gtsrb,sun397,8,18,lora,32,0.5265554785728455,0.5271804928779602,0.010416666666666666,0.4790757247246802,0.48001356748864055,0.5161388119061788,0.047479753848165274,0.04716692538931966,0.0,0.047479753848165274
encoder.layers.10.self_attn.v_proj,768,gtsrb,svhn,8,18,lora,32,0.6617373824119568,0.6552358269691467,0.010416666666666666,0.4790952270850539,0.4775844761170447,0.6513207157452902,0.18264215532690287,0.17765135085210204,0.0,0.18264215532690287
encoder.layers.10.self_attn.v_proj,768,mnist,resisc45,8,18,lora,32,0.5621508955955505,0.5588634014129639,0.010416666666666666,0.47380926506593823,0.47040556790307164,0.5517342289288839,0.0883416305296123,0.08845783350989223,0.0,0.0883416305296123
encoder.layers.10.self_attn.v_proj,768,mnist,stanford-cars,8,18,lora,32,0.5296863317489624,0.521798849105835,0.010416666666666666,0.4749852432869375,0.4720872831530869,0.5192696650822958,0.05470108846202493,0.04971156595274806,0.0,0.05470108846202493
encoder.layers.10.self_attn.v_proj,768,mnist,sun397,8,18,lora,32,0.5524328947067261,0.549842119216919,0.010416666666666666,0.4853579713962972,0.4821439441293478,0.5420162280400594,0.06707492331042886,0.06769817508757114,0.0,0.06707492331042886
encoder.layers.10.self_attn.v_proj,768,mnist,svhn,8,18,lora,32,0.6748022437095642,0.6736384630203247,0.010416666666666666,0.4891496654599905,0.4882475398480892,0.6643855770428976,0.1856525782495737,0.1853909231722355,0.0,0.1856525782495737
encoder.layers.10.self_attn.v_proj,768,resisc45,stanford-cars,8,18,lora,32,0.5204509496688843,0.5111933946609497,0.010416666666666666,0.4779494144022465,0.47438975144177675,0.5100342830022176,0.0425015352666378,0.036803643219172955,0.0,0.0425015352666378
encoder.layers.10.self_attn.v_proj,768,resisc45,sun397,8,18,lora,32,0.6470794677734375,0.6458196043968201,0.010416666666666666,0.4814523966051638,0.48028768273070455,0.6366628011067709,0.1656270711682737,0.16553192166611552,0.0,0.1656270711682737
encoder.layers.10.self_attn.v_proj,768,resisc45,svhn,8,18,lora,32,0.5765769481658936,0.5683428049087524,0.010416666666666666,0.4785126382485032,0.4763990370556712,0.5661602814992269,0.09806430991739035,0.09194376785308123,0.0,0.09806430991739035
encoder.layers.10.self_attn.v_proj,768,stanford-cars,sun397,8,18,lora,32,0.5485222339630127,0.5464006662368774,0.010416666666666666,0.4841175484471023,0.4824506985023618,0.5381055672963461,0.06440468551591039,0.06394996773451567,0.0,0.06440468551591039
encoder.layers.10.self_attn.v_proj,768,stanford-cars,svhn,8,18,lora,32,0.5742893815040588,0.5723636150360107,0.010416666666666666,0.48473981115967035,0.48263853788375854,0.5638727148373922,0.08954957034438848,0.0897250771522522,0.0,0.08954957034438848
encoder.layers.10.self_attn.v_proj,768,sun397,svhn,8,18,lora,32,0.5430039763450623,0.5438206791877747,0.010416666666666666,0.476869223639369,0.4753281529992819,0.5325873096783956,0.06613475270569324,0.06849252618849277,0.0,0.06613475270569324
encoder.layers.11.self_attn.q_proj,768,dtd,eurosat,8,7,lora,31,0.5106416940689087,0.5193952322006226,0.010416666666666666,0.4695026152767241,0.4701083078980446,0.5002250274022421,0.04113907879218459,0.04928692430257797,0.0,0.04113907879218459
encoder.layers.11.self_attn.q_proj,768,dtd,gtsrb,8,7,lora,31,0.5835983753204346,0.5843508243560791,0.010416666666666666,0.4622611361555755,0.46291438257321715,0.5731817086537679,0.12133723916485906,0.12143644178286195,0.0,0.12133723916485906
encoder.layers.11.self_attn.q_proj,768,dtd,mnist,8,7,lora,31,0.5169026851654053,0.514072835445404,0.010416666666666666,0.453023973852396,0.453910558950156,0.5064860184987386,0.06387871131300926,0.06016227649524808,0.0,0.06387871131300926
encoder.layers.11.self_attn.q_proj,768,dtd,resisc45,8,7,lora,31,0.49983182549476624,0.49808046221733093,0.010416666666666666,0.457678138744086,0.45819410774856806,0.48941515882809955,0.04215368675068021,0.039886354468762875,0.0,0.04215368675068021
encoder.layers.11.self_attn.q_proj,768,dtd,stanford-cars,8,7,lora,31,0.4739799201488495,0.46821627020835876,0.010416666666666666,0.4595633954741061,0.4593393304385245,0.4635632534821828,0.014416524674743414,0.00887693976983428,0.0,0.014416524674743414
encoder.layers.11.self_attn.q_proj,768,dtd,sun397,8,7,lora,31,0.5794863104820251,0.5810642838478088,0.010416666666666666,0.476975878700614,0.4774120347574353,0.5690696438153585,0.10251043178141117,0.10365224909037352,0.0,0.10251043178141117
encoder.layers.11.self_attn.q_proj,768,dtd,svhn,8,7,lora,31,0.5844359993934631,0.5858211517333984,0.010416666666666666,0.47260215086862445,0.4737320034764707,0.5740193327267965,0.11183384852483869,0.11208914825692773,0.0,0.11183384852483869
encoder.layers.11.self_attn.q_proj,768,eurosat,gtsrb,8,7,lora,31,0.49184709787368774,0.49553611874580383,0.010416666666666666,0.4756569741293788,0.4773120521567762,0.48143043120702106,0.01619012374430895,0.018224066589027643,0.0,0.01619012374430895
encoder.layers.11.self_attn.q_proj,768,eurosat,mnist,8,7,lora,31,0.434096097946167,0.43584588170051575,0.010416666666666666,0.4721676898188889,0.4724878747947514,0.4236794312795003,-0.03807159187272191,-0.03664199309423566,0.0,-0.03807159187272191
encoder.layers.11.self_attn.q_proj,768,eurosat,resisc45,8,7,lora,31,0.5933585166931152,0.5965272784233093,0.010416666666666666,0.47716114250943065,0.4785507950000465,0.5829418500264486,0.11619737418368459,0.11797648342326283,0.0,0.11619737418368459
encoder.layers.11.self_attn.q_proj,768,eurosat,stanford-cars,8,7,lora,31,0.48286646604537964,0.48874378204345703,0.010416666666666666,0.4702257961034775,0.46988182980567217,0.47244979937871295,0.01264066994190216,0.018861952237784863,0.0,0.01264066994190216
encoder.layers.11.self_attn.q_proj,768,eurosat,sun397,8,7,lora,31,0.4495290517807007,0.4556407928466797,0.010416666666666666,0.4785002232529223,0.4791188156232238,0.439112385114034,-0.028971171472221613,-0.023478022776544094,0.0,-0.028971171472221613
encoder.layers.11.self_attn.q_proj,768,eurosat,svhn,8,7,lora,31,0.5033382177352905,0.5044246315956116,0.010416666666666666,0.4719761204905808,0.4718738468363881,0.49292155106862384,0.03136209724470973,0.03255078475922346,0.0,0.03136209724470973
encoder.layers.11.self_attn.q_proj,768,gtsrb,mnist,8,7,lora,31,0.5130611062049866,0.5139122605323792,0.010416666666666666,0.479210470803082,0.48137630987912416,0.5026444395383199,0.03385063540190458,0.032535950653254986,0.0,0.03385063540190458
encoder.layers.11.self_attn.q_proj,768,gtsrb,resisc45,8,7,lora,31,0.49847590923309326,0.5048083662986755,0.010416666666666666,0.4797905655577779,0.4810231989249587,0.4880592425664266,0.01868534367531538,0.02378516737371683,0.0,0.01868534367531538
encoder.layers.11.self_attn.q_proj,768,gtsrb,stanford-cars,8,7,lora,31,0.44287508726119995,0.4458913505077362,0.010416666666666666,0.46993214916437864,0.4708186509087682,0.43245842059453327,-0.027057061903178692,-0.02492730040103197,0.0,-0.027057061903178692
encoder.layers.11.self_attn.q_proj,768,gtsrb,sun397,8,7,lora,31,0.5842685699462891,0.5917907953262329,0.010416666666666666,0.4742819247767329,0.47443096805363894,0.5738519032796224,0.10998664516955614,0.11735982727259398,0.0,0.10998664516955614
encoder.layers.11.self_attn.q_proj,768,gtsrb,svhn,8,7,lora,31,0.6172028183937073,0.6187219619750977,0.010416666666666666,0.48502725968137383,0.48722208943217993,0.6067861517270406,0.13217555871233344,0.13149987254291773,0.0,0.13217555871233344
encoder.layers.11.self_attn.q_proj,768,mnist,resisc45,8,7,lora,31,0.5408945083618164,0.5409974455833435,0.010416666666666666,0.46535398345440626,0.4659809423610568,0.5304778416951498,0.07554052490741014,0.0750165032222867,0.0,0.07554052490741014
encoder.layers.11.self_attn.q_proj,768,mnist,stanford-cars,8,7,lora,31,0.47121939063072205,0.47828835248947144,0.010416666666666666,0.47393426578491926,0.47474913438782096,0.46080272396405536,-0.002714875154197216,0.0035392181016504765,0.0,-0.002714875154197216
encoder.layers.11.self_attn.q_proj,768,mnist,sun397,8,7,lora,31,0.5010547041893005,0.5029045343399048,0.010416666666666666,0.4817563402466476,0.48093943670392036,0.49063803752263385,0.01929836394265294,0.02196509763598442,0.0,0.01929836394265294
encoder.layers.11.self_attn.q_proj,768,mnist,svhn,8,7,lora,31,0.6615626215934753,0.6634531021118164,0.010416666666666666,0.47758746007457376,0.47829957818612456,0.6511459549268087,0.1839751615189016,0.18515352392569184,0.0,0.1839751615189016
encoder.layers.11.self_attn.q_proj,768,resisc45,stanford-cars,8,7,lora,31,0.4269292950630188,0.44417211413383484,0.010416666666666666,0.45959403924643993,0.46063658921048045,0.4165126283963521,-0.032664744183421135,-0.016464475076645613,0.0,-0.032664744183421135
encoder.layers.11.self_attn.q_proj,768,resisc45,sun397,8,7,lora,31,0.5828573703765869,0.5876511335372925,0.010416666666666666,0.47691068425774574,0.47715638438239694,0.5724407037099203,0.10594668611884117,0.11049474915489554,0.0,0.10594668611884117
encoder.layers.11.self_attn.q_proj,768,resisc45,svhn,8,7,lora,31,0.48550504446029663,0.4859798550605774,0.010416666666666666,0.47964346734806895,0.4796704831533134,0.47508837779362995,0.005861577112227678,0.006309371907263994,0.0,0.005861577112227678
encoder.layers.11.self_attn.q_proj,768,stanford-cars,sun397,8,7,lora,31,0.5871269106864929,0.5899309515953064,0.010416666666666666,0.48272080067545176,0.4849333609454334,0.5767102440198263,0.10440611001104116,0.10499759064987302,0.0,0.10440611001104116
encoder.layers.11.self_attn.q_proj,768,stanford-cars,svhn,8,7,lora,31,0.5035842061042786,0.507439374923706,0.010416666666666666,0.47200086154043674,0.4736319906078279,0.4931675394376119,0.03158334456384182,0.03380738431587815,0.0,0.03158334456384182
encoder.layers.11.self_attn.q_proj,768,sun397,svhn,8,7,lora,31,0.5567633509635925,0.5607337951660156,0.010416666666666666,0.48483345471322536,0.4869632269255817,0.5463466842969259,0.07192989625036716,0.07377056824043393,0.0,0.07192989625036716
encoder.layers.11.self_attn.v_proj,768,dtd,eurosat,8,7,lora,31,0.579316258430481,0.5720726251602173,0.010416666666666666,0.476559832226485,0.47110515739768744,0.5688995917638143,0.10275642620399594,0.10096746776252985,0.0,0.10275642620399594
encoder.layers.11.self_attn.v_proj,768,dtd,gtsrb,8,7,lora,31,0.529303789138794,0.5319864749908447,0.010416666666666666,0.46464833011850715,0.4586634999141097,0.5188871224721273,0.0646554590202868,0.07332297507673502,0.0,0.0646554590202868
encoder.layers.11.self_attn.v_proj,768,dtd,mnist,8,7,lora,31,0.47622331976890564,0.4659208655357361,0.010416666666666666,0.46319682942703366,0.4562093592248857,0.46580665310223895,0.013026490341871977,0.009711506310850382,0.0,0.013026490341871977
encoder.layers.11.self_attn.v_proj,768,dtd,resisc45,8,7,lora,31,0.5190859436988831,0.5169109106063843,0.010416666666666666,0.4607931450009346,0.4559798985719681,0.5086692770322164,0.058292798697948456,0.0609310120344162,0.0,0.058292798697948456
encoder.layers.11.self_attn.v_proj,768,dtd,stanford-cars,8,7,lora,31,0.5923969149589539,0.5771154165267944,0.010416666666666666,0.45907013351097703,0.45275356248021126,0.5819802482922872,0.13332678144797683,0.12436185404658318,0.0,0.13332678144797683
encoder.layers.11.self_attn.v_proj,768,dtd,sun397,8,7,lora,31,0.5892074108123779,0.5873475074768066,0.010416666666666666,0.47979150153696537,0.4756841817870736,0.5787907441457113,0.10941590927541256,0.11166332568973303,0.0,0.10941590927541256
encoder.layers.11.self_attn.v_proj,768,dtd,svhn,8,7,lora,31,0.48287051916122437,0.4834666848182678,0.010416666666666666,0.464811347424984,0.4595861053094268,0.4724538524945577,0.018059171736240387,0.023880579508841038,0.0,0.018059171736240387
encoder.layers.11.self_attn.v_proj,768,eurosat,gtsrb,8,7,lora,31,0.6063824892044067,0.6019726395606995,0.010416666666666666,0.4842795873992145,0.48288021236658096,0.5959658225377401,0.12210290180519223,0.1190924271941185,0.0,0.12210290180519223
encoder.layers.11.self_attn.v_proj,768,eurosat,mnist,8,7,lora,31,0.5350063443183899,0.5278247594833374,0.010416666666666666,0.47686130460351706,0.47608101600781083,0.5245896776517233,0.05814503971487284,0.05174374347552657,0.0,0.05814503971487284
encoder.layers.11.self_attn.v_proj,768,eurosat,resisc45,8,7,lora,31,0.5679442882537842,0.5708575248718262,0.010416666666666666,0.4867200404405594,0.4868079307489097,0.5575276215871176,0.08122424781322479,0.08404959412291646,0.0,0.08122424781322479
encoder.layers.11.self_attn.v_proj,768,eurosat,stanford-cars,8,7,lora,31,0.5192328691482544,0.5210632085800171,0.010416666666666666,0.4835485755465925,0.48342380998656154,0.5088162024815878,0.03568429360166192,0.03763939859345555,0.0,0.03568429360166192
encoder.layers.11.self_attn.v_proj,768,eurosat,sun397,8,7,lora,31,0.5649241805076599,0.5613657832145691,0.010416666666666666,0.47151029808446765,0.4740065895020962,0.5545075138409933,0.09341388242319226,0.08735919371247292,0.0,0.09341388242319226
encoder.layers.11.self_attn.v_proj,768,eurosat,svhn,8,7,lora,31,0.5830007195472717,0.5807918310165405,0.010416666666666666,0.48156849294900894,0.4808269487693906,0.5725840528806051,0.10143222659826279,0.09996488224714994,0.0,0.10143222659826279
encoder.layers.11.self_attn.v_proj,768,gtsrb,mnist,8,7,lora,31,0.5319687724113464,0.5286811590194702,0.010416666666666666,0.4689535815268755,0.46831069700419903,0.5215521057446798,0.06301519088447094,0.06037046201527119,0.0,0.06301519088447094
encoder.layers.11.self_attn.v_proj,768,gtsrb,resisc45,8,7,lora,31,0.4947480857372284,0.4858255684375763,0.010416666666666666,0.4802229548804462,0.47725137416273355,0.4843314190705617,0.014525130856782198,0.008574194274842739,0.0,0.014525130856782198
encoder.layers.11.self_attn.v_proj,768,gtsrb,stanford-cars,8,7,lora,31,0.4977510869503021,0.49323570728302,0.010416666666666666,0.4760537138208747,0.4757813308387995,0.48733442028363544,0.021697373129427433,0.017454376444220543,0.0,0.021697373129427433
encoder.layers.11.self_attn.v_proj,768,gtsrb,sun397,8,7,lora,31,0.5525684356689453,0.5505393743515015,0.010416666666666666,0.4713776661083102,0.4723260565660894,0.5421517690022787,0.08119076956063509,0.07821331778541207,0.0,0.08119076956063509
encoder.layers.11.self_attn.v_proj,768,gtsrb,svhn,8,7,lora,31,0.5221381187438965,0.5239874124526978,0.010416666666666666,0.47761650616303086,0.47651675110682845,0.5117214520772299,0.04452161258086562,0.0474706613458693,0.0,0.04452161258086562
encoder.layers.11.self_attn.v_proj,768,mnist,resisc45,8,7,lora,31,0.4977649450302124,0.49020451307296753,0.010416666666666666,0.4612270938232541,0.4580756057985127,0.4873482783635457,0.036537851206958294,0.03212890727445483,0.0,0.036537851206958294
encoder.layers.11.self_attn.v_proj,768,mnist,stanford-cars,8,7,lora,31,0.5138442516326904,0.5135642886161804,0.010416666666666666,0.4695445322431624,0.4688230869360268,0.5034275849660238,0.044299719389528036,0.04474120168015361,0.0,0.044299719389528036
encoder.layers.11.self_attn.v_proj,768,mnist,sun397,8,7,lora,31,0.5549608469009399,0.5532002449035645,0.010416666666666666,0.46760990703478456,0.4668159387074411,0.5445441802342733,0.08735093986615539,0.08638430619612336,0.0,0.08735093986615539
encoder.layers.11.self_attn.v_proj,768,mnist,svhn,8,7,lora,31,0.6318714022636414,0.6231297254562378,0.010416666666666666,0.4894742062315345,0.4908940428867936,0.6214547355969747,0.14239719603210688,0.13223568256944418,0.0,0.14239719603210688
encoder.layers.11.self_attn.v_proj,768,resisc45,stanford-cars,8,7,lora,31,0.5443891286849976,0.5398993492126465,0.010416666666666666,0.4791695326566696,0.4770893915556371,0.5339724620183309,0.06521959602832794,0.06280995765700936,0.0,0.06521959602832794
encoder.layers.11.self_attn.v_proj,768,resisc45,sun397,8,7,lora,31,0.6127486824989319,0.6122775077819824,0.010416666666666666,0.47730486979708076,0.47969489777460694,0.6023320158322653,0.13544381270185113,0.13258261000737548,0.0,0.13544381270185113
encoder.layers.11.self_attn.v_proj,768,resisc45,svhn,8,7,lora,31,0.4684392213821411,0.45870935916900635,0.010416666666666666,0.476383229251951,0.4744030083529651,0.45802255471547443,-0.007944007869809866,-0.01569364918395877,0.0,-0.007944007869809866
encoder.layers.11.self_attn.v_proj,768,stanford-cars,sun397,8,7,lora,31,0.5211461782455444,0.5178049802780151,0.010416666666666666,0.47415168210864067,0.47542032692581415,0.5107295115788778,0.04699449613690376,0.042384653352200985,0.0,0.04699449613690376
encoder.layers.11.self_attn.v_proj,768,stanford-cars,svhn,8,7,lora,31,0.4511635899543762,0.45491352677345276,0.010416666666666666,0.47664383612573147,0.47695593209937215,0.44074692328770954,-0.025480246171355247,-0.02204240532591939,0.0,-0.025480246171355247
encoder.layers.11.self_attn.v_proj,768,sun397,svhn,8,7,lora,31,0.5213953852653503,0.5241056680679321,0.010416666666666666,0.48321392154321074,0.4849109030328691,0.5109787185986837,0.0381814637221396,0.03919476503506303,0.0,0.0381814637221396
encoder.layers.2.self_attn.q_proj,768,dtd,eurosat,8,26,lora,47,0.6016170978546143,0.6045110821723938,0.010416666666666666,0.49633234879001975,0.4974908418953419,0.5912004311879476,0.10528474906459451,0.10702024027705193,0.0,0.10528474906459451
encoder.layers.2.self_attn.q_proj,768,dtd,gtsrb,8,26,lora,47,0.6675723791122437,0.6724393367767334,0.010416666666666666,0.494245239533484,0.4955451590940356,0.657155712445577,0.17332713957875967,0.17689417768269777,0.0,0.17332713957875967
encoder.layers.2.self_attn.q_proj,768,dtd,mnist,8,26,lora,47,0.5366610288619995,0.5429091453552246,0.010416666666666666,0.5019920552149415,0.5022886139340699,0.5262443621953329,0.03466897364705801,0.04062053142115474,0.0,0.03466897364705801
encoder.layers.2.self_attn.q_proj,768,dtd,resisc45,8,26,lora,47,0.718115508556366,0.7306338548660278,0.010416666666666666,0.5063044894486666,0.5095095932483673,0.7076988418896993,0.2118110191076994,0.22112426161766052,0.0,0.2118110191076994
encoder.layers.2.self_attn.q_proj,768,dtd,stanford-cars,8,26,lora,47,0.7519170641899109,0.7558650970458984,0.010416666666666666,0.5046068499796093,0.5074249249882996,0.7415003975232443,0.24731021421030164,0.24844017205759883,0.0,0.24731021421030164
encoder.layers.2.self_attn.q_proj,768,dtd,sun397,8,26,lora,47,0.7064095139503479,0.7087030410766602,0.010416666666666666,0.5101267979480326,0.5127453887835145,0.6959928472836813,0.19628271600231528,0.19595765229314566,0.0,0.19628271600231528
encoder.layers.2.self_attn.q_proj,768,dtd,svhn,8,26,lora,47,0.6134894490242004,0.6162109971046448,0.010416666666666666,0.5064316759817302,0.5081567778252065,0.6030727823575338,0.10705777304247022,0.10805421927943826,0.0,0.10705777304247022
encoder.layers.2.self_attn.q_proj,768,eurosat,gtsrb,8,26,lora,47,0.6937793493270874,0.6904433965682983,0.010416666666666666,0.4916455829516053,0.49198004184290767,0.6833626826604208,0.20213376637548208,0.19846335472539067,0.0,0.20213376637548208
encoder.layers.2.self_attn.q_proj,768,eurosat,mnist,8,26,lora,47,0.6461828947067261,0.6422634124755859,0.010416666666666666,0.4855873570777476,0.4865951109677553,0.6357662280400594,0.1605955376289785,0.15566830150783062,0.0,0.1605955376289785
encoder.layers.2.self_attn.q_proj,768,eurosat,resisc45,8,26,lora,47,0.6798977255821228,0.6791147589683533,0.010416666666666666,0.5018637282773852,0.501547759398818,0.6694810589154562,0.17803399730473757,0.17756699956953526,0.0,0.17803399730473757
encoder.layers.2.self_attn.q_proj,768,eurosat,stanford-cars,8,26,lora,47,0.6388219594955444,0.6361032128334045,0.010416666666666666,0.49514535069465637,0.49618470948189497,0.6284052928288778,0.14367660880088806,0.13991850335150957,0.0,0.14367660880088806
encoder.layers.2.self_attn.q_proj,768,eurosat,sun397,8,26,lora,47,0.6361117959022522,0.6392278671264648,0.010416666666666666,0.5063063343986869,0.5090361000038683,0.6256951292355856,0.1298054615035653,0.1301917671225965,0.0,0.1298054615035653
encoder.layers.2.self_attn.q_proj,768,eurosat,svhn,8,26,lora,47,0.6595414876937866,0.6565195322036743,0.010416666666666666,0.4908009311184287,0.49151273909956217,0.64912482102712,0.16874055657535791,0.16500679310411215,0.0,0.16874055657535791
encoder.layers.2.self_attn.q_proj,768,gtsrb,mnist,8,26,lora,47,0.7461416721343994,0.744972825050354,0.010416666666666666,0.49854308972135186,0.4992972821928561,0.7357250054677328,0.24759858241304755,0.24567554285749793,0.0,0.24759858241304755
encoder.layers.2.self_attn.q_proj,768,gtsrb,resisc45,8,26,lora,47,0.7261967062950134,0.7292279601097107,0.010416666666666666,0.500709674321115,0.5017765266820788,0.7157800396283468,0.2254870319738984,0.22745143342763186,0.0,0.2254870319738984
encoder.layers.2.self_attn.q_proj,768,gtsrb,stanford-cars,8,26,lora,47,0.7257182598114014,0.731116771697998,0.010416666666666666,0.5080551914870739,0.5092629748396575,0.7153015931447347,0.21766306832432747,0.2218537968583405,0.0,0.21766306832432747
encoder.layers.2.self_attn.q_proj,768,gtsrb,sun397,8,26,lora,47,0.736296534538269,0.7344722747802734,0.010416666666666666,0.4999490650370717,0.5014440608210862,0.7258798678716024,0.23634746950119734,0.23302821395918727,0.0,0.23634746950119734
encoder.layers.2.self_attn.q_proj,768,gtsrb,svhn,8,26,lora,47,0.7729089260101318,0.7664132118225098,0.010416666666666666,0.5113172638230026,0.510078979190439,0.7624922593434652,0.26159166218712926,0.2563342326320708,0.0,0.26159166218712926
encoder.layers.2.self_attn.q_proj,768,mnist,resisc45,8,26,lora,47,0.68000328540802,0.6826818585395813,0.010416666666666666,0.5007427739910781,0.5030445042066276,0.6695866187413534,0.17926051141694188,0.1796373543329537,0.0,0.17926051141694188
encoder.layers.2.self_attn.q_proj,768,mnist,stanford-cars,8,26,lora,47,0.6678445339202881,0.6696219444274902,0.010416666666666666,0.5102806258946657,0.5112334000878036,0.6574278672536215,0.15756390802562237,0.15838854433968663,0.0,0.15756390802562237
encoder.layers.2.self_attn.q_proj,768,mnist,sun397,8,26,lora,47,0.6188976764678955,0.6248189210891724,0.010416666666666666,0.4949955092743039,0.49730376061052084,0.6084810098012289,0.1239021671935916,0.12751516047865152,0.0,0.1239021671935916
encoder.layers.2.self_attn.q_proj,768,mnist,svhn,8,26,lora,47,0.7430768013000488,0.7415159940719604,0.010416666666666666,0.492449558340013,0.4933905419893563,0.7326601346333822,0.2506272429600358,0.24812545208260417,0.0,0.2506272429600358
encoder.layers.2.self_attn.q_proj,768,resisc45,stanford-cars,8,26,lora,47,0.793907880783081,0.8050732612609863,0.010416666666666666,0.510377062484622,0.5112911364994943,0.7834912141164144,0.28353081829845905,0.293782124761492,0.0,0.28353081829845905
encoder.layers.2.self_attn.q_proj,768,resisc45,sun397,8,26,lora,47,0.7472869753837585,0.757540225982666,0.010416666666666666,0.5125098624266684,0.5156631036661565,0.7368703087170919,0.23477711295709014,0.24187712231650949,0.0,0.23477711295709014
encoder.layers.2.self_attn.q_proj,768,resisc45,svhn,8,26,lora,47,0.6496005654335022,0.655331015586853,0.010416666666666666,0.5014334232546389,0.5045570540241897,0.6391838987668356,0.1481671421788633,0.15077396156266332,0.0,0.1481671421788633
encoder.layers.2.self_attn.q_proj,768,stanford-cars,sun397,8,26,lora,47,0.7478034496307373,0.7478843927383423,0.010416666666666666,0.5146536617539823,0.5182202653959394,0.7373867829640707,0.233149787876755,0.22966412734240294,0.0,0.233149787876755
encoder.layers.2.self_attn.q_proj,768,stanford-cars,svhn,8,26,lora,47,0.6618764996528625,0.6631534099578857,0.010416666666666666,0.5067824395373464,0.5091074709780514,0.6514598329861959,0.15509406011551619,0.15404593897983432,0.0,0.15509406011551619
encoder.layers.2.self_attn.q_proj,768,sun397,svhn,8,26,lora,47,0.6954516172409058,0.6982330083847046,0.010416666666666666,0.501240611076355,0.5049403542652726,0.6850349505742391,0.19421100616455078,0.19329265411943197,0.0,0.19421100616455078
encoder.layers.2.self_attn.v_proj,768,dtd,eurosat,8,26,lora,47,0.6325562000274658,0.6309956312179565,0.010416666666666666,0.4771639760583639,0.4769664751365781,0.6221395333607992,0.1553922239691019,0.15402915608137846,0.0,0.1553922239691019
encoder.layers.2.self_attn.v_proj,768,dtd,gtsrb,8,26,lora,47,0.7018530368804932,0.7064324617385864,0.010416666666666666,0.4779590545222163,0.47938546538352966,0.6914363702138265,0.22389398235827684,0.22704699635505676,0.0,0.22389398235827684
encoder.layers.2.self_attn.v_proj,768,dtd,mnist,8,26,lora,47,0.6598429679870605,0.6599453091621399,0.010416666666666666,0.48850839491933584,0.4882504283450544,0.6494263013203939,0.1713345730677247,0.1716948808170855,0.0,0.1713345730677247
encoder.layers.2.self_attn.v_proj,768,dtd,resisc45,8,26,lora,47,0.7231095433235168,0.7189886569976807,0.010416666666666666,0.4963404471054673,0.4961297777481377,0.7126928766568502,0.22676909621804953,0.22285887924954295,0.0,0.22676909621804953
encoder.layers.2.self_attn.v_proj,768,dtd,stanford-cars,8,26,lora,47,0.7144843935966492,0.7099130153656006,0.010416666666666666,0.4911494473926723,0.49173299688845873,0.7040677269299825,0.22333494620397687,0.21818001847714186,0.0,0.22333494620397687
encoder.layers.2.self_attn.v_proj,768,dtd,sun397,8,26,lora,47,0.7690660953521729,0.7669419050216675,0.010416666666666666,0.4914327934384346,0.49124988866969943,0.7586494286855062,0.27763330191373825,0.27569201635196805,0.0,0.27763330191373825
encoder.layers.2.self_attn.v_proj,768,dtd,svhn,8,26,lora,47,0.6304615139961243,0.6333280801773071,0.010416666666666666,0.48288099374622107,0.48374776914715767,0.6200448473294576,0.1475805202499032,0.14958031103014946,0.0,0.1475805202499032
encoder.layers.2.self_attn.v_proj,768,eurosat,gtsrb,8,26,lora,47,0.7068676352500916,0.7119811177253723,0.010416666666666666,0.4838662277907133,0.4846491008065641,0.6964509685834249,0.22300140745937824,0.22733201691880822,0.0,0.22300140745937824
encoder.layers.2.self_attn.v_proj,768,eurosat,mnist,8,26,lora,47,0.6784747242927551,0.678164541721344,0.010416666666666666,0.4886513431556523,0.48862809408456087,0.6680580576260885,0.18982338113710284,0.18953644763678312,0.0,0.18982338113710284
encoder.layers.2.self_attn.v_proj,768,eurosat,resisc45,8,26,lora,47,0.6643655300140381,0.6652207374572754,0.010416666666666666,0.48956966400146484,0.491394663695246,0.6539488633473715,0.17479586601257324,0.1738260737620294,0.0,0.17479586601257324
encoder.layers.2.self_attn.v_proj,768,eurosat,stanford-cars,8,26,lora,47,0.7027502655982971,0.7050177454948425,0.010416666666666666,0.48633207427337766,0.4881831770762801,0.6923335989316305,0.21641819132491946,0.2168345684185624,0.0,0.21641819132491946
encoder.layers.2.self_attn.v_proj,768,eurosat,sun397,8,26,lora,47,0.7861484885215759,0.7885692119598389,0.010416666666666666,0.49155088793486357,0.49220610270276666,0.7757318218549093,0.29459760058671236,0.2963631092570722,0.0,0.29459760058671236
encoder.layers.2.self_attn.v_proj,768,eurosat,svhn,8,26,lora,47,0.724364697933197,0.7275495529174805,0.010416666666666666,0.5019047921523452,0.5014663771726191,0.7139480312665304,0.22245990578085184,0.22608317574486136,0.0,0.22245990578085184
encoder.layers.2.self_attn.v_proj,768,gtsrb,mnist,8,26,lora,47,0.7350856065750122,0.7298863530158997,0.010416666666666666,0.4874082854948938,0.48830576287582517,0.7246689399083456,0.24767732108011842,0.2415805901400745,0.0,0.24767732108011842
encoder.layers.2.self_attn.v_proj,768,gtsrb,resisc45,8,26,lora,47,0.6212636828422546,0.6233301162719727,0.010416666666666666,0.48594020307064056,0.4865372208878398,0.610847016175588,0.13532347977161407,0.13679289538413286,0.0,0.13532347977161407
encoder.layers.2.self_attn.v_proj,768,gtsrb,stanford-cars,8,26,lora,47,0.66733717918396,0.6638320684432983,0.010416666666666666,0.4987003724090755,0.49862996442243457,0.6569205125172933,0.16863680677488446,0.16520210402086377,0.0,0.16863680677488446
encoder.layers.2.self_attn.v_proj,768,gtsrb,sun397,8,26,lora,47,0.7326752543449402,0.7372575998306274,0.010416666666666666,0.4859067127108574,0.48678003065288067,0.7222585876782736,0.2467685416340828,0.2504775691777468,0.0,0.2467685416340828
encoder.layers.2.self_attn.v_proj,768,gtsrb,svhn,8,26,lora,47,0.7298113107681274,0.7302478551864624,0.010416666666666666,0.49530524853616953,0.4961497220210731,0.7193946441014608,0.2345060622319579,0.2340981331653893,0.0,0.2345060622319579
encoder.layers.2.self_attn.v_proj,768,mnist,resisc45,8,26,lora,47,0.6005397439002991,0.6000345349311829,0.010416666666666666,0.48687737016007304,0.4867232362739742,0.5901230772336324,0.11366237374022603,0.11331129865720868,0.0,0.11366237374022603
encoder.layers.2.self_attn.v_proj,768,mnist,stanford-cars,8,26,lora,47,0.6305513978004456,0.6267533302307129,0.010416666666666666,0.49745315266773105,0.4999140137806535,0.6201347311337789,0.1330982451327145,0.12683931645005941,0.0,0.1330982451327145
encoder.layers.2.self_attn.v_proj,768,mnist,sun397,8,26,lora,47,0.6617158055305481,0.6654224395751953,0.010416666666666666,0.49577737459912896,0.4966319273225963,0.6512991388638815,0.16593843093141913,0.168790512252599,0.0,0.16593843093141913
encoder.layers.2.self_attn.v_proj,768,mnist,svhn,8,26,lora,47,0.6527239680290222,0.6512030959129333,0.010416666666666666,0.4900128780864179,0.4907718366011977,0.6423073013623556,0.1627110899426043,0.16043125931173563,0.0,0.1627110899426043
encoder.layers.2.self_attn.v_proj,768,resisc45,stanford-cars,8,26,lora,47,0.7454972267150879,0.7471040487289429,0.010416666666666666,0.5036747502163053,0.5054138326086104,0.7350805600484213,0.24182247649878263,0.24169021612033248,0.0,0.24182247649878263
encoder.layers.2.self_attn.v_proj,768,resisc45,sun397,8,26,lora,47,0.7902560830116272,0.7910017967224121,0.010416666666666666,0.4944151770323515,0.49562080204486847,0.7798394163449606,0.2958409059792757,0.29538099467754364,0.0,0.2958409059792757
encoder.layers.2.self_attn.v_proj,768,resisc45,svhn,8,26,lora,47,0.6738169193267822,0.6734591722488403,0.010416666666666666,0.49038864951580763,0.49202268244698644,0.6634002526601156,0.1834282698109746,0.1814364898018539,0.0,0.1834282698109746
encoder.layers.2.self_attn.v_proj,768,stanford-cars,sun397,8,26,lora,47,0.8406264781951904,0.8487895727157593,0.010416666666666666,0.5007331492379308,0.5032055336050689,0.8302098115285238,0.33989332895725965,0.34558403911069036,0.0,0.33989332895725965
encoder.layers.2.self_attn.v_proj,768,stanford-cars,svhn,8,26,lora,47,0.5860062837600708,0.6026875972747803,0.010416666666666666,0.4942724648863077,0.49653074657544494,0.5755896170934042,0.09173381887376308,0.10615685069933534,0.0,0.09173381887376308
encoder.layers.2.self_attn.v_proj,768,sun397,svhn,8,26,lora,47,0.705070972442627,0.7080796360969543,0.010416666666666666,0.4881307389587164,0.48938100738450885,0.6946543057759603,0.21694023348391056,0.2186986287124455,0.0,0.21694023348391056
encoder.layers.3.self_attn.q_proj,768,dtd,eurosat,8,41,lora,48,0.6934083104133606,0.6854790449142456,0.010416666666666666,0.49829529505223036,0.4978945949114859,0.682991643746694,0.19511301536113024,0.1875844500027597,0.0,0.19511301536113024
encoder.layers.3.self_attn.q_proj,768,dtd,gtsrb,8,41,lora,48,0.6883688569068909,0.6887013912200928,0.010416666666666666,0.4853278724476695,0.48630818678066134,0.6779521902402242,0.20304098445922136,0.20239320443943143,0.0,0.20304098445922136
encoder.layers.3.self_attn.q_proj,768,dtd,mnist,8,41,lora,48,0.7373265027999878,0.7335675358772278,0.010416666666666666,0.49338930239900947,0.49335377011448145,0.7269098361333212,0.24393720040097833,0.24021376576274633,0.0,0.24393720040097833
encoder.layers.3.self_attn.q_proj,768,dtd,resisc45,8,41,lora,48,0.7062556743621826,0.7026469111442566,0.010416666666666666,0.5040399474091828,0.5056383702903986,0.695839007695516,0.20221572695299983,0.197008540853858,0.0,0.20221572695299983
encoder.layers.3.self_attn.q_proj,768,dtd,stanford-cars,8,41,lora,48,0.7319633364677429,0.7257649302482605,0.010416666666666666,0.4998480509966612,0.4997771782800555,0.7215466698010763,0.23211528547108173,0.22598775196820498,0.0,0.23211528547108173
encoder.layers.3.self_attn.q_proj,768,dtd,sun397,8,41,lora,48,0.7603446245193481,0.7633613348007202,0.010416666666666666,0.5096153602935374,0.5107472562231123,0.7499279578526815,0.25072926422581077,0.25261407857760787,0.0,0.25072926422581077
encoder.layers.3.self_attn.q_proj,768,dtd,svhn,8,41,lora,48,0.5895848870277405,0.594678521156311,0.010416666666666666,0.49231576872989535,0.4930093572475016,0.5791682203610738,0.09726911829784513,0.10166916390880942,0.0,0.09726911829784513
encoder.layers.3.self_attn.q_proj,768,eurosat,gtsrb,8,41,lora,48,0.722789466381073,0.7187522649765015,0.010416666666666666,0.4978475207462907,0.4969855071976781,0.7123727997144064,0.22494194563478231,0.22176675777882338,0.0,0.22494194563478231
encoder.layers.3.self_attn.q_proj,768,eurosat,mnist,8,41,lora,48,0.6598494648933411,0.6537075042724609,0.010416666666666666,0.5029166867025197,0.5024130600504577,0.6494327982266744,0.1569327781908214,0.15129444422200322,0.0,0.1569327781908214
encoder.layers.3.self_attn.q_proj,768,eurosat,resisc45,8,41,lora,48,0.7055612802505493,0.7029752135276794,0.010416666666666666,0.4999751471914351,0.49917696276679635,0.6951446135838827,0.20558613305911422,0.2037982507608831,0.0,0.20558613305911422
encoder.layers.3.self_attn.q_proj,768,eurosat,stanford-cars,8,41,lora,48,0.6850889921188354,0.6796247959136963,0.010416666666666666,0.5079467259347439,0.5069341636262834,0.6746723254521688,0.17714226618409157,0.17269063228741288,0.0,0.17714226618409157
encoder.layers.3.self_attn.q_proj,768,eurosat,sun397,8,41,lora,48,0.7014689445495605,0.696711540222168,0.010416666666666666,0.5088957138359547,0.5081410137936473,0.6910522778828939,0.19257323071360588,0.18857052642852068,0.0,0.19257323071360588
encoder.layers.3.self_attn.q_proj,768,eurosat,svhn,8,41,lora,48,0.7009773254394531,0.6965672969818115,0.010416666666666666,0.4981442438438535,0.4969104491174221,0.6905606587727865,0.20283308159559965,0.19965684786438942,0.0,0.20283308159559965
encoder.layers.3.self_attn.q_proj,768,gtsrb,mnist,8,41,lora,48,0.7543271780014038,0.7487152814865112,0.010416666666666666,0.49823234463110566,0.49908984638750553,0.7439105113347372,0.25609483337029815,0.2496254350990057,0.0,0.25609483337029815
encoder.layers.3.self_attn.q_proj,768,gtsrb,resisc45,8,41,lora,48,0.6589213609695435,0.6667330861091614,0.010416666666666666,0.4955702302977443,0.49704489996656775,0.6485046943028768,0.16335113067179918,0.16968818614259362,0.0,0.16335113067179918
encoder.layers.3.self_attn.q_proj,768,gtsrb,stanford-cars,8,41,lora,48,0.6541162133216858,0.6564423441886902,0.010416666666666666,0.4967439565807581,0.49874723330140114,0.6436995466550192,0.1573722567409277,0.15769511088728905,0.0,0.1573722567409277
encoder.layers.3.self_attn.q_proj,768,gtsrb,sun397,8,41,lora,48,0.6575318574905396,0.6627568006515503,0.010416666666666666,0.5001083281822503,0.5035224598832428,0.6471151908238729,0.1574235293082893,0.15923434076830745,0.0,0.1574235293082893
encoder.layers.3.self_attn.q_proj,768,gtsrb,svhn,8,41,lora,48,0.5944983959197998,0.5961814522743225,0.010416666666666666,0.4895907952450216,0.49108795495703816,0.5840817292531332,0.10490760067477822,0.10509349731728435,0.0,0.10490760067477822
encoder.layers.3.self_attn.q_proj,768,mnist,resisc45,8,41,lora,48,0.6522092819213867,0.6509248614311218,0.010416666666666666,0.5076852315105498,0.5068934862501919,0.6417926152547201,0.14452405041083694,0.1440313751809299,0.0,0.14452405041083694
encoder.layers.3.self_attn.q_proj,768,mnist,stanford-cars,8,41,lora,48,0.691371500492096,0.6916409134864807,0.010416666666666666,0.5015739216469228,0.5018325657583773,0.6809548338254293,0.18979757884517312,0.1898083477281034,0.0,0.18979757884517312
encoder.layers.3.self_attn.q_proj,768,mnist,sun397,8,41,lora,48,0.7029657363891602,0.7035203576087952,0.010416666666666666,0.502551709767431,0.5028740814886987,0.6925490697224935,0.20041402662172914,0.20064627612009645,0.0,0.20041402662172914
encoder.layers.3.self_attn.q_proj,768,mnist,svhn,8,41,lora,48,0.6247032880783081,0.6269630193710327,0.010416666666666666,0.4965076637454331,0.4956960277631879,0.6142866214116415,0.128195624332875,0.13126699160784483,0.0,0.128195624332875
encoder.layers.3.self_attn.q_proj,768,resisc45,stanford-cars,8,41,lora,48,0.7380099892616272,0.7351299524307251,0.010416666666666666,0.5131488619372249,0.510639569722116,0.7275933225949606,0.22486112732440233,0.2244903827086091,0.0,0.22486112732440233
encoder.layers.3.self_attn.q_proj,768,resisc45,sun397,8,41,lora,48,0.8000001907348633,0.8023792505264282,0.010416666666666666,0.51725421147421,0.5186292580328882,0.7895835240681967,0.28274597926065326,0.28374999249354005,0.0,0.28274597926065326
encoder.layers.3.self_attn.q_proj,768,resisc45,svhn,8,41,lora,48,0.6678326725959778,0.6691054105758667,0.010416666666666666,0.4939013058319688,0.4945321879349649,0.6574160059293112,0.173931366764009,0.1745732226409018,0.0,0.173931366764009
encoder.layers.3.self_attn.q_proj,768,stanford-cars,sun397,8,41,lora,48,0.7973801493644714,0.7977950572967529,0.010416666666666666,0.507655959110707,0.5094052320346236,0.7869634826978048,0.2897241902537644,0.2883898252621293,0.0,0.2897241902537644
encoder.layers.3.self_attn.q_proj,768,stanford-cars,svhn,8,41,lora,48,0.6108280420303345,0.6097217202186584,0.010416666666666666,0.4955842262133956,0.49580915505066514,0.6004113753636678,0.11524381581693888,0.11391256516799331,0.0,0.11524381581693888
encoder.layers.3.self_attn.q_proj,768,sun397,svhn,8,41,lora,48,0.6651655435562134,0.6735342741012573,0.010416666666666666,0.4992358451709151,0.49890396650880575,0.6547488768895467,0.16592969838529825,0.17463030759245157,0.0,0.16592969838529825
encoder.layers.3.self_attn.v_proj,768,dtd,eurosat,8,41,lora,48,0.5661930441856384,0.5673692226409912,0.010416666666666666,0.487813173327595,0.48700505774468184,0.5557763775189718,0.07837987085804343,0.08036416489630938,0.0,0.07837987085804343
encoder.layers.3.self_attn.v_proj,768,dtd,gtsrb,8,41,lora,48,0.5612303018569946,0.5657196640968323,0.010416666666666666,0.46570253325626254,0.4697409039363265,0.550813635190328,0.09552776860073209,0.09597876016050577,0.0,0.09552776860073209
encoder.layers.3.self_attn.v_proj,768,dtd,mnist,8,41,lora,48,0.6003894209861755,0.6024690270423889,0.010416666666666666,0.48940837336704135,0.48975850781425834,0.5899727543195089,0.11098104761913419,0.11271051922813058,0.0,0.11098104761913419
encoder.layers.3.self_attn.v_proj,768,dtd,resisc45,8,41,lora,48,0.7993185520172119,0.7963383197784424,0.010416666666666666,0.49417901085689664,0.4905724171549082,0.7889018853505453,0.3051395411603153,0.3057659026235342,0.0,0.3051395411603153
encoder.layers.3.self_attn.v_proj,768,dtd,stanford-cars,8,41,lora,48,0.6817747354507446,0.6782154440879822,0.010416666666666666,0.49734355555847287,0.4952979292720556,0.671358068784078,0.18443117989227176,0.18291751481592655,0.0,0.18443117989227176
encoder.layers.3.self_attn.v_proj,768,dtd,sun397,8,41,lora,48,0.7458171844482422,0.7473559379577637,0.010416666666666666,0.50853535765782,0.5076855993829668,0.7354005177815756,0.2372818267904222,0.23967033857479692,0.0,0.2372818267904222
encoder.layers.3.self_attn.v_proj,768,dtd,svhn,8,41,lora,48,0.5165868401527405,0.5157873034477234,0.010416666666666666,0.4766913861967623,0.47800768725574017,0.5061701734860738,0.039895453955978155,0.03777961619198322,0.0,0.039895453955978155
encoder.layers.3.self_attn.v_proj,768,eurosat,gtsrb,8,41,lora,48,0.5815854668617249,0.584351122379303,0.010416666666666666,0.48650452867150307,0.4893821910955012,0.5711688001950582,0.09508093819022179,0.0949689312838018,0.0,0.09508093819022179
encoder.layers.3.self_attn.v_proj,768,eurosat,mnist,8,41,lora,48,0.5600823760032654,0.5634216070175171,0.010416666666666666,0.4887841963209212,0.4922525999136269,0.5496657093365988,0.0712981796823442,0.07116900710389018,0.0,0.0712981796823442
encoder.layers.3.self_attn.v_proj,768,eurosat,resisc45,8,41,lora,48,0.6556265354156494,0.6500711441040039,0.010416666666666666,0.4793191533535719,0.47867775056511164,0.6452098687489828,0.17630738206207752,0.17139339353889227,0.0,0.17630738206207752
encoder.layers.3.self_attn.v_proj,768,eurosat,stanford-cars,8,41,lora,48,0.5731368660926819,0.5715163350105286,0.010416666666666666,0.4855468450114131,0.4858253882266581,0.5627201994260153,0.08759002108126879,0.08569094678387046,0.0,0.08759002108126879
encoder.layers.3.self_attn.v_proj,768,eurosat,sun397,8,41,lora,48,0.5521275997161865,0.5512206554412842,0.010416666666666666,0.49829834373667836,0.4986704299226403,0.5417109330495199,0.05382925597950816,0.052550225518643856,0.0,0.05382925597950816
encoder.layers.3.self_attn.v_proj,768,eurosat,svhn,8,41,lora,48,0.494445264339447,0.49129655957221985,0.010416666666666666,0.4875966380350292,0.4867586027830839,0.48402859767278034,0.006848626304417849,0.004537956789135933,0.0,0.006848626304417849
encoder.layers.3.self_attn.v_proj,768,gtsrb,mnist,8,41,lora,48,0.6747962832450867,0.6746360063552856,0.010416666666666666,0.48870954755693674,0.49235427752137184,0.66437961657842,0.18608673568814993,0.1822817288339138,0.0,0.18608673568814993
encoder.layers.3.self_attn.v_proj,768,gtsrb,resisc45,8,41,lora,48,0.5828273296356201,0.5840292572975159,0.010416666666666666,0.46856138249859214,0.47181833581998944,0.5724106629689535,0.11426594713702798,0.11221092147752643,0.0,0.11426594713702798
encoder.layers.3.self_attn.v_proj,768,gtsrb,stanford-cars,8,41,lora,48,0.6679407954216003,0.6724417209625244,0.010416666666666666,0.48469153232872486,0.488415305968374,0.6575241287549337,0.18324926309287548,0.1840264149941504,0.0,0.18324926309287548
encoder.layers.3.self_attn.v_proj,768,gtsrb,sun397,8,41,lora,48,0.5717788934707642,0.5787280201911926,0.010416666666666666,0.4886867506429553,0.49304065853357315,0.5613622268040975,0.08309214282780886,0.08568736165761948,0.0,0.08309214282780886
encoder.layers.3.self_attn.v_proj,768,gtsrb,svhn,8,41,lora,48,0.6539082527160645,0.650024950504303,0.010416666666666666,0.4926292453892529,0.4930955986492336,0.6434915860493978,0.16127900732681155,0.1569293518550694,0.0,0.16127900732681155
encoder.layers.3.self_attn.v_proj,768,mnist,resisc45,8,41,lora,48,0.6448293328285217,0.6514672636985779,0.010416666666666666,0.48984709242358804,0.49045476503670216,0.6344126661618551,0.1549822404049337,0.16101249866187572,0.0,0.1549822404049337
encoder.layers.3.self_attn.v_proj,768,mnist,stanford-cars,8,41,lora,48,0.6513785123825073,0.6491817235946655,0.010416666666666666,0.4864554419182241,0.48874097969383,0.6409618457158407,0.16492307046428323,0.16044074390083551,0.0,0.16492307046428323
encoder.layers.3.self_attn.v_proj,768,mnist,sun397,8,41,lora,48,0.6913907527923584,0.6908686757087708,0.010416666666666666,0.5006137783639133,0.5025530774146318,0.6809740861256918,0.1907769744284451,0.1883155982941389,0.0,0.1907769744284451
encoder.layers.3.self_attn.v_proj,768,mnist,svhn,8,41,lora,48,0.6150225400924683,0.6149613261222839,0.010416666666666666,0.4811910232529044,0.4836491337046027,0.6046058734258016,0.13383151683956385,0.13131219241768122,0.0,0.13383151683956385
encoder.layers.3.self_attn.v_proj,768,resisc45,stanford-cars,8,41,lora,48,0.7586982250213623,0.7522823810577393,0.010416666666666666,0.49011246813461185,0.48869449412450194,0.7482815583546957,0.26858575688675046,0.2635878869332373,0.0,0.26858575688675046
encoder.layers.3.self_attn.v_proj,768,resisc45,sun397,8,41,lora,48,0.7197716236114502,0.7216562628746033,0.010416666666666666,0.49770813435316086,0.49538960168138146,0.7093549569447836,0.22206348925828934,0.2262666611932218,0.0,0.22206348925828934
encoder.layers.3.self_attn.v_proj,768,resisc45,svhn,8,41,lora,48,0.547730565071106,0.5453225374221802,0.010416666666666666,0.4799607847817242,0.48163146572187543,0.5373138984044393,0.06776978028938174,0.06369107170030475,0.0,0.06776978028938174
encoder.layers.3.self_attn.v_proj,768,stanford-cars,sun397,8,41,lora,48,0.7784206867218018,0.7804995179176331,0.010416666666666666,0.5089735104702413,0.5096294186078012,0.7680040200551351,0.26944717625156045,0.27087009930983186,0.0,0.26944717625156045
encoder.layers.3.self_attn.v_proj,768,stanford-cars,svhn,8,41,lora,48,0.6304309964179993,0.6299088597297668,0.010416666666666666,0.49653552984818816,0.4987020529806614,0.6200143297513326,0.1338954665698111,0.13120680674910545,0.0,0.1338954665698111
encoder.layers.3.self_attn.v_proj,768,sun397,svhn,8,41,lora,48,0.5963224768638611,0.5963175892829895,0.010416666666666666,0.4869669466279447,0.4894045232795179,0.5859058101971945,0.10935553023591638,0.10691306600347161,0.0,0.10935553023591638
encoder.layers.4.self_attn.q_proj,768,dtd,eurosat,8,46,lora,49,0.6531301140785217,0.645269513130188,0.010416666666666666,0.48581759398803115,0.487518937792629,0.6427134474118551,0.16731252009049058,0.15775057533755898,0.0,0.16731252009049058
encoder.layers.4.self_attn.q_proj,768,dtd,gtsrb,8,46,lora,49,0.5607178807258606,0.5514765381813049,0.010416666666666666,0.4939843798056245,0.4975042440928519,0.550301214059194,0.06673350092023611,0.053972294088453054,0.0,0.06673350092023611
encoder.layers.4.self_attn.q_proj,768,dtd,mnist,8,46,lora,49,0.6463794708251953,0.6378445625305176,0.010416666666666666,0.49756671069189906,0.4965516207739711,0.6359628041585287,0.14881276013329625,0.1412929417565465,0.0,0.14881276013329625
encoder.layers.4.self_attn.q_proj,768,dtd,resisc45,8,46,lora,49,0.6931138038635254,0.6884310245513916,0.010416666666666666,0.49828915437683463,0.5003800136037171,0.6826971371968588,0.19482464948669076,0.1880510109476745,0.0,0.19482464948669076
encoder.layers.4.self_attn.q_proj,768,dtd,stanford-cars,8,46,lora,49,0.7080166935920715,0.7143768072128296,0.010416666666666666,0.5106037962250412,0.5127560440450907,0.6976000269254049,0.19741289736703038,0.20162076316773891,0.0,0.19741289736703038
encoder.layers.4.self_attn.q_proj,768,dtd,sun397,8,46,lora,49,0.7590850591659546,0.769611120223999,0.010416666666666666,0.500752245541662,0.5035258382558823,0.748668392499288,0.2583328136242926,0.26608528196811676,0.0,0.2583328136242926
encoder.layers.4.self_attn.q_proj,768,dtd,svhn,8,46,lora,49,0.6177474856376648,0.6047723293304443,0.010416666666666666,0.505553393624723,0.5072447387501597,0.6073308189709982,0.11219409201294184,0.0975275905802846,0.0,0.11219409201294184
encoder.layers.4.self_attn.q_proj,768,eurosat,gtsrb,8,46,lora,49,0.7005628347396851,0.6885571479797363,0.010416666666666666,0.5037477039732039,0.5042645763605833,0.6901461680730184,0.19681513076648116,0.18429257161915302,0.0,0.19681513076648116
encoder.layers.4.self_attn.q_proj,768,eurosat,mnist,8,46,lora,49,0.6550468802452087,0.654283881187439,0.010416666666666666,0.49716263776645064,0.4966573021374643,0.6446302135785421,0.1578842424787581,0.15762657904997468,0.0,0.1578842424787581
encoder.layers.4.self_attn.q_proj,768,eurosat,resisc45,8,46,lora,49,0.6828286647796631,0.6836187839508057,0.010416666666666666,0.4960369551554322,0.4983617211692035,0.6724119981129965,0.18679170962423086,0.18525706278160214,0.0,0.18679170962423086
encoder.layers.4.self_attn.q_proj,768,eurosat,stanford-cars,8,46,lora,49,0.5925043225288391,0.5877543687820435,0.010416666666666666,0.4966489705257118,0.5000815028324723,0.5820876558621725,0.09585535200312734,0.08767286594957113,0.0,0.09585535200312734
encoder.layers.4.self_attn.q_proj,768,eurosat,sun397,8,46,lora,49,0.6801044940948486,0.6782222986221313,0.010416666666666666,0.4990124902687967,0.5011152881197631,0.669687827428182,0.18109200382605195,0.1771070105023682,0.0,0.18109200382605195
encoder.layers.4.self_attn.q_proj,768,eurosat,svhn,8,46,lora,49,0.6418936252593994,0.6252678632736206,0.010416666666666666,0.49413790041580796,0.4924033470451832,0.6314769585927328,0.14775572484359145,0.13286451622843742,0.0,0.14775572484359145
encoder.layers.4.self_attn.q_proj,768,gtsrb,mnist,8,46,lora,49,0.689936637878418,0.6891435384750366,0.010416666666666666,0.4840574054978788,0.4839554410427809,0.6795199712117513,0.20587923238053918,0.20518809743225574,0.0,0.20587923238053918
encoder.layers.4.self_attn.q_proj,768,gtsrb,resisc45,8,46,lora,49,0.5632854104042053,0.5612849593162537,0.010416666666666666,0.4844589298591018,0.48645826149731874,0.5528687437375387,0.07882648054510355,0.07482669781893492,0.0,0.07882648054510355
encoder.layers.4.self_attn.q_proj,768,gtsrb,stanford-cars,8,46,lora,49,0.5988346338272095,0.5959784984588623,0.010416666666666666,0.5022960440255702,0.5052379672415555,0.5884179671605428,0.09653858980163932,0.09074053121730685,0.0,0.09653858980163932
encoder.layers.4.self_attn.q_proj,768,gtsrb,sun397,8,46,lora,49,0.6124512553215027,0.612060546875,0.010416666666666666,0.5027884510345757,0.5044829733669758,0.6020345886548361,0.10966280428692698,0.10757757350802422,0.0,0.10966280428692698
encoder.layers.4.self_attn.q_proj,768,gtsrb,svhn,8,46,lora,49,0.655746340751648,0.6442511081695557,0.010416666666666666,0.49502794770523906,0.49394409684464335,0.6453296740849813,0.1607183930464089,0.1503070113249123,0.0,0.1607183930464089
encoder.layers.4.self_attn.q_proj,768,mnist,resisc45,8,46,lora,49,0.595315158367157,0.5951141715049744,0.010416666666666666,0.4899312821216881,0.4913776470348239,0.5848984917004904,0.10538387624546885,0.10373652447015047,0.0,0.10538387624546885
encoder.layers.4.self_attn.q_proj,768,mnist,stanford-cars,8,46,lora,49,0.6376087665557861,0.629772424697876,0.010416666666666666,0.5074425144121051,0.5089194783940911,0.6271920998891195,0.13016625214368105,0.12085294630378485,0.0,0.13016625214368105
encoder.layers.4.self_attn.q_proj,768,mnist,sun397,8,46,lora,49,0.593497633934021,0.5900275707244873,0.010416666666666666,0.48582272604107857,0.48778675217181444,0.5830809672673544,0.10767490789294243,0.10224081855267286,0.0,0.10767490789294243
encoder.layers.4.self_attn.q_proj,768,mnist,svhn,8,46,lora,49,0.7341760993003845,0.7291842103004456,0.010416666666666666,0.49767472175881267,0.49761368427425623,0.7237594326337179,0.23650137754157186,0.23157052602618933,0.0,0.23650137754157186
encoder.layers.4.self_attn.q_proj,768,resisc45,stanford-cars,8,46,lora,49,0.7043419480323792,0.6991084814071655,0.010416666666666666,0.5031460239551961,0.5051764049567282,0.6939252813657125,0.201195924077183,0.1939320764504373,0.0,0.201195924077183
encoder.layers.4.self_attn.q_proj,768,resisc45,sun397,8,46,lora,49,0.736021101474762,0.7444939017295837,0.010416666666666666,0.5066480147652328,0.5106709729880095,0.7256044348080953,0.22937308670952916,0.2338229287415743,0.0,0.22937308670952916
encoder.layers.4.self_attn.q_proj,768,resisc45,svhn,8,46,lora,49,0.5969066023826599,0.591373860836029,0.010416666666666666,0.48808968299999833,0.4911245433613658,0.5864899357159933,0.10881691938266158,0.10024931747466326,0.0,0.10881691938266158
encoder.layers.4.self_attn.q_proj,768,stanford-cars,sun397,8,46,lora,49,0.7659457921981812,0.7599033713340759,0.010416666666666666,0.5130844293162227,0.5159860835410655,0.7555291255315145,0.2528613628819585,0.24391728779301047,0.0,0.2528613628819585
encoder.layers.4.self_attn.q_proj,768,stanford-cars,svhn,8,46,lora,49,0.6172047257423401,0.6037026047706604,0.010416666666666666,0.4965377044863999,0.4970195987261832,0.6067880590756735,0.1206670212559402,0.10668300604447722,0.0,0.1206670212559402
encoder.layers.4.self_attn.q_proj,768,sun397,svhn,8,46,lora,49,0.6030990481376648,0.6033658385276794,0.010416666666666666,0.4973379406146705,0.49902995862066746,0.5926823814709982,0.10576110752299428,0.10433587990701199,0.0,0.10576110752299428
encoder.layers.4.self_attn.v_proj,768,dtd,eurosat,8,46,lora,49,0.57680344581604,0.5806703567504883,0.010416666666666666,0.48557315580546856,0.4861502000130713,0.5663867791493734,0.09123029001057148,0.09452015673741698,0.0,0.09123029001057148
encoder.layers.4.self_attn.v_proj,768,dtd,gtsrb,8,46,lora,49,0.6114223599433899,0.6071139574050903,0.010416666666666666,0.4883388476446271,0.48965936340391636,0.6010056932767233,0.1230835122987628,0.11745459400117397,0.0,0.1230835122987628
encoder.layers.4.self_attn.v_proj,768,dtd,mnist,8,46,lora,49,0.5167100429534912,0.5099303722381592,0.010416666666666666,0.47783606266602874,0.478102108463645,0.5062933762868246,0.03887398028746247,0.0318282637745142,0.0,0.03887398028746247
encoder.layers.4.self_attn.v_proj,768,dtd,resisc45,8,46,lora,49,0.6800873279571533,0.6693798303604126,0.010416666666666666,0.48514252062886953,0.4844510746188462,0.6696706612904867,0.1949448073282838,0.18492875574156642,0.0,0.1949448073282838
encoder.layers.4.self_attn.v_proj,768,dtd,stanford-cars,8,46,lora,49,0.6100137829780579,0.5938258171081543,0.010416666666666666,0.49929965380579233,0.49826529109850526,0.5995971163113912,0.11071412917226553,0.09556052600964904,0.0,0.11071412917226553
encoder.layers.4.self_attn.v_proj,768,dtd,sun397,8,46,lora,49,0.6884198784828186,0.6777449250221252,0.010416666666666666,0.4937820523045957,0.4932966041378677,0.678003211816152,0.1946378261782229,0.18444832088425756,0.0,0.1946378261782229
encoder.layers.4.self_attn.v_proj,768,dtd,svhn,8,46,lora,49,0.5779660940170288,0.5848857760429382,0.010416666666666666,0.4791209804825485,0.4779434083029628,0.5675494273503622,0.09884511353448033,0.10694236773997545,0.0,0.09884511353448033
encoder.layers.4.self_attn.v_proj,768,eurosat,gtsrb,8,46,lora,49,0.6363259553909302,0.6347291469573975,0.010416666666666666,0.47768765315413475,0.4794165985658765,0.6259092887242635,0.15863830223679543,0.15531254839152098,0.0,0.15863830223679543
encoder.layers.4.self_attn.v_proj,768,eurosat,mnist,8,46,lora,49,0.5477808713912964,0.5492848753929138,0.010416666666666666,0.47327432269230485,0.4748254604637623,0.5373642047246298,0.07450654869899154,0.07445941492915154,0.0,0.07450654869899154
encoder.layers.4.self_attn.v_proj,768,eurosat,resisc45,8,46,lora,49,0.5652945637702942,0.5635449886322021,0.010416666666666666,0.48774308525025845,0.488392585888505,0.5548778971036276,0.07755147852003574,0.07515240274369717,0.0,0.07755147852003574
encoder.layers.4.self_attn.v_proj,768,eurosat,stanford-cars,8,46,lora,49,0.561335027217865,0.5594218373298645,0.010416666666666666,0.49065312184393406,0.49102027574554086,0.5509183605511984,0.07068190537393093,0.06840156158432364,0.0,0.07068190537393093
encoder.layers.4.self_attn.v_proj,768,eurosat,sun397,8,46,lora,49,0.6223323941230774,0.6264980435371399,0.010416666666666666,0.49689634842798114,0.4973164852708578,0.6119157274564108,0.12543604569509625,0.12918155826628208,0.0,0.12543604569509625
encoder.layers.4.self_attn.v_proj,768,eurosat,svhn,8,46,lora,49,0.5952218174934387,0.601310670375824,0.010416666666666666,0.4891975442878902,0.48995862482115626,0.5848051508267721,0.10602427320554852,0.11135204555466771,0.0,0.10602427320554852
encoder.layers.4.self_attn.v_proj,768,gtsrb,mnist,8,46,lora,49,0.6845254302024841,0.6903387308120728,0.010416666666666666,0.4917575875297189,0.4932984779588878,0.6741087635358175,0.19276784267276525,0.19704025285318494,0.0,0.19276784267276525
encoder.layers.4.self_attn.v_proj,768,gtsrb,resisc45,8,46,lora,49,0.5787952542304993,0.5739955902099609,0.010416666666666666,0.4849364417605102,0.4871982731856406,0.5683785875638326,0.09385881246998906,0.08679731702432036,0.0,0.09385881246998906
encoder.layers.4.self_attn.v_proj,768,gtsrb,stanford-cars,8,46,lora,49,0.5939422845840454,0.5839086771011353,0.010416666666666666,0.4813714069314301,0.485328437294811,0.5835256179173788,0.11257087765261531,0.09858023980632424,0.0,0.11257087765261531
encoder.layers.4.self_attn.v_proj,768,gtsrb,sun397,8,46,lora,49,0.5959464907646179,0.5955696105957031,0.010416666666666666,0.4797994801774621,0.4818321717903018,0.5855298240979513,0.11614701058715582,0.11373743880540133,0.0,0.11614701058715582
encoder.layers.4.self_attn.v_proj,768,gtsrb,svhn,8,46,lora,49,0.5825855731964111,0.5817812085151672,0.010416666666666666,0.49474583799019456,0.49342024233192205,0.5721689065297445,0.08783973520621657,0.08836096618324518,0.0,0.08783973520621657
encoder.layers.4.self_attn.v_proj,768,mnist,resisc45,8,46,lora,49,0.5343130826950073,0.5347076654434204,0.010416666666666666,0.48478078935295343,0.4857073868624866,0.5238964160283407,0.04953229334205389,0.04900027858093381,0.0,0.04953229334205389
encoder.layers.4.self_attn.v_proj,768,mnist,stanford-cars,8,46,lora,49,0.5691344738006592,0.5643283724784851,0.010416666666666666,0.4931520586833358,0.4949642480351031,0.5587178071339926,0.0759824151173234,0.06936412444338202,0.0,0.0759824151173234
encoder.layers.4.self_attn.v_proj,768,mnist,sun397,8,46,lora,49,0.5345597863197327,0.5319107174873352,0.010416666666666666,0.5054177613928914,0.5065833195112646,0.524143119653066,0.02914202492684126,0.025327397976070642,0.0,0.02914202492684126
encoder.layers.4.self_attn.v_proj,768,mnist,svhn,8,46,lora,49,0.5777754783630371,0.5840269327163696,0.010416666666666666,0.49073135619983077,0.4916486283764243,0.5673588116963705,0.08704412216320634,0.09237830433994532,0.0,0.08704412216320634
encoder.layers.4.self_attn.v_proj,768,resisc45,stanford-cars,8,46,lora,49,0.6301591992378235,0.6294115781784058,0.010416666666666666,0.4989963020198047,0.4981959043070674,0.6197425325711569,0.13116289721801877,0.13121567387133837,0.0,0.13116289721801877
encoder.layers.4.self_attn.v_proj,768,resisc45,sun397,8,46,lora,49,0.6457419991493225,0.6329213380813599,0.010416666666666666,0.4940965324640274,0.4925943580456078,0.6353253324826559,0.1516454666852951,0.14032698003575206,0.0,0.1516454666852951
encoder.layers.4.self_attn.v_proj,768,resisc45,svhn,8,46,lora,49,0.6041151881217957,0.5997722148895264,0.010416666666666666,0.4946190742775798,0.4944289494305849,0.593698521455129,0.10949611384421587,0.10534326545894146,0.0,0.10949611384421587
encoder.layers.4.self_attn.v_proj,768,stanford-cars,sun397,8,46,lora,49,0.7523735165596008,0.7476769685745239,0.010416666666666666,0.5037188357673585,0.5045303353108466,0.7419568498929342,0.2486546807922423,0.24314663326367736,0.0,0.2486546807922423
encoder.layers.4.self_attn.v_proj,768,stanford-cars,svhn,8,46,lora,49,0.5418696403503418,0.54300457239151,0.010416666666666666,0.48910635244101286,0.48964161006733775,0.5314529736836752,0.05276328790932894,0.05336296232417226,0.0,0.05276328790932894
encoder.layers.4.self_attn.v_proj,768,sun397,svhn,8,46,lora,49,0.6144697666168213,0.6103352904319763,0.010416666666666666,0.48636904964223504,0.4874325436539948,0.6040530999501547,0.12810071697458625,0.12290274677798152,0.0,0.12810071697458625
encoder.layers.5.self_attn.q_proj,768,dtd,eurosat,8,48,lora,50,0.5941450595855713,0.594947099685669,0.010416666666666666,0.4864898850210011,0.4861866510473192,0.5837283929189047,0.10765517456457019,0.10876044863834977,0.0,0.10765517456457019
encoder.layers.5.self_attn.q_proj,768,dtd,gtsrb,8,48,lora,50,0.5890808701515198,0.5970093011856079,0.010416666666666666,0.4918516972102225,0.4925154894590378,0.5786642034848531,0.09722917294129729,0.10449381172657013,0.0,0.09722917294129729
encoder.layers.5.self_attn.q_proj,768,dtd,mnist,8,48,lora,50,0.5970608592033386,0.60164475440979,0.010416666666666666,0.502319642342627,0.5042445128783584,0.586644192536672,0.09474121686071157,0.09740024153143167,0.0,0.09474121686071157
encoder.layers.5.self_attn.q_proj,768,dtd,resisc45,8,48,lora,50,0.6620672941207886,0.6651286482810974,0.010416666666666666,0.5101869134232402,0.508159726858139,0.651650627454122,0.1518803806975484,0.15696892142295837,0.0,0.1518803806975484
encoder.layers.5.self_attn.q_proj,768,dtd,stanford-cars,8,48,lora,50,0.6369234323501587,0.6368021368980408,0.010416666666666666,0.50831318506971,0.507077768445015,0.6265067656834921,0.12861024728044868,0.12972436845302582,0.0,0.12861024728044868
encoder.layers.5.self_attn.q_proj,768,dtd,sun397,8,48,lora,50,0.6440466642379761,0.652176022529602,0.010416666666666666,0.5202153134159744,0.5203118142671883,0.6336299975713094,0.1238313508220017,0.13186420826241374,0.0,0.1238313508220017
encoder.layers.5.self_attn.q_proj,768,dtd,svhn,8,48,lora,50,0.632194459438324,0.6391735672950745,0.010416666666666666,0.49037760542705655,0.49081691447645426,0.6217777927716573,0.14181685401126742,0.1483566528186202,0.0,0.14181685401126742
encoder.layers.5.self_attn.q_proj,768,eurosat,gtsrb,8,48,lora,50,0.480541855096817,0.48252689838409424,0.010416666666666666,0.5101369433104992,0.5109869306907058,0.47012518843015033,-0.029595088213682175,-0.028460032306611538,0.0,-0.029595088213682175
encoder.layers.5.self_attn.q_proj,768,eurosat,mnist,8,48,lora,50,0.43769729137420654,0.44103699922561646,0.010416666666666666,0.4938018419779837,0.4947191597893834,0.42728062470753986,-0.05610455060377717,-0.053682160563766956,0.0,-0.05610455060377717
encoder.layers.5.self_attn.q_proj,768,eurosat,resisc45,8,48,lora,50,0.655886173248291,0.6549837589263916,0.010416666666666666,0.5000980296172202,0.5007985760457814,0.6454695065816244,0.15578814363107085,0.15418518288061023,0.0,0.15578814363107085
encoder.layers.5.self_attn.q_proj,768,eurosat,stanford-cars,8,48,lora,50,0.5574877858161926,0.5536853075027466,0.010416666666666666,0.4991390067152679,0.4997032880783081,0.547071119149526,0.05834877910092473,0.05398201942443848,0.0,0.05834877910092473
encoder.layers.5.self_attn.q_proj,768,eurosat,sun397,8,48,lora,50,0.5978941321372986,0.606168806552887,0.010416666666666666,0.5004779216833413,0.5022804499603808,0.587477465470632,0.09741621045395732,0.10388835659250617,0.0,0.09741621045395732
encoder.layers.5.self_attn.q_proj,768,eurosat,svhn,8,48,lora,50,0.5724638104438782,0.5736466646194458,0.010416666666666666,0.48276566807180643,0.4854166596196592,0.5620471437772115,0.08969814237207174,0.08823000499978662,0.0,0.08969814237207174
encoder.layers.5.self_attn.q_proj,768,gtsrb,mnist,8,48,lora,50,0.6490355134010315,0.6503846645355225,0.010416666666666666,0.49260749109089375,0.4904507673345506,0.6386188467343649,0.15642802231013775,0.15993389720097184,0.0,0.15642802231013775
encoder.layers.5.self_attn.q_proj,768,gtsrb,resisc45,8,48,lora,50,0.5230289697647095,0.5294858813285828,0.010416666666666666,0.5011067511513829,0.5011518462561071,0.5126123030980428,0.02192221861332655,0.028334035072475672,0.0,0.02192221861332655
encoder.layers.5.self_attn.q_proj,768,gtsrb,stanford-cars,8,48,lora,50,0.6033079624176025,0.603598415851593,0.010416666666666666,0.4997032810933888,0.5015559094026685,0.5928912957509359,0.10360468132421374,0.10204250644892454,0.0,0.10360468132421374
encoder.layers.5.self_attn.q_proj,768,gtsrb,sun397,8,48,lora,50,0.6100776791572571,0.6174798607826233,0.010416666666666666,0.49606316443532705,0.49779456900432706,0.5996610124905905,0.11401451472193003,0.11968529177829623,0.0,0.11401451472193003
encoder.layers.5.self_attn.q_proj,768,gtsrb,svhn,8,48,lora,50,0.5385521650314331,0.545289158821106,0.010416666666666666,0.4862739974632859,0.4876720495522022,0.5281354983647665,0.05227816756814718,0.05761710926890373,0.0,0.05227816756814718
encoder.layers.5.self_attn.q_proj,768,mnist,resisc45,8,48,lora,50,0.5414376854896545,0.5471787452697754,0.010416666666666666,0.4955125944688916,0.49633567966520786,0.5310210188229879,0.04592509102076292,0.05084306560456753,0.0,0.04592509102076292
encoder.layers.5.self_attn.q_proj,768,mnist,stanford-cars,8,48,lora,50,0.5716823935508728,0.5703624486923218,0.010416666666666666,0.49842593679204583,0.4976490344852209,0.5612657268842062,0.07325645675882697,0.07271341420710087,0.0,0.07325645675882697
encoder.layers.5.self_attn.q_proj,768,mnist,sun397,8,48,lora,50,0.5637269020080566,0.5691465139389038,0.010416666666666666,0.5120645225979388,0.5111643620766699,0.55331023534139,0.051662379410117865,0.05798215186223388,0.0,0.051662379410117865
encoder.layers.5.self_attn.q_proj,768,mnist,svhn,8,48,lora,50,0.5983821749687195,0.6012856960296631,0.010416666666666666,0.4808234069496393,0.48240539291873574,0.5879655083020529,0.11755876801908016,0.11888030311092734,0.0,0.11755876801908016
encoder.layers.5.self_attn.q_proj,768,resisc45,stanford-cars,8,48,lora,50,0.5700634717941284,0.5701501965522766,0.010416666666666666,0.5053751384839416,0.5064185406081378,0.5596468051274618,0.06468833331018686,0.06373165594413877,0.0,0.06468833331018686
encoder.layers.5.self_attn.q_proj,768,resisc45,sun397,8,48,lora,50,0.6482341289520264,0.6592711210250854,0.010416666666666666,0.5162568762898445,0.5163525082170963,0.6378174622853597,0.13197725266218185,0.14291861280798912,0.0,0.13197725266218185
encoder.layers.5.self_attn.q_proj,768,resisc45,svhn,8,48,lora,50,0.596958339214325,0.6014177203178406,0.010416666666666666,0.49175704224035144,0.4940949366427958,0.5865416725476583,0.10520129697397351,0.10732278367504478,0.0,0.10520129697397351
encoder.layers.5.self_attn.q_proj,768,stanford-cars,sun397,8,48,lora,50,0.7398031949996948,0.7440956830978394,0.010416666666666666,0.5119665330275893,0.5116406250745058,0.7293865283330282,0.2278366619721055,0.23245505802333355,0.0,0.2278366619721055
encoder.layers.5.self_attn.q_proj,768,stanford-cars,svhn,8,48,lora,50,0.5849224925041199,0.5844636559486389,0.010416666666666666,0.4874286665581167,0.4894170481711626,0.5745058258374532,0.0974938259460032,0.09504660777747631,0.0,0.0974938259460032
encoder.layers.5.self_attn.q_proj,768,sun397,svhn,8,48,lora,50,0.6258364915847778,0.6302796602249146,0.010416666666666666,0.49315119767561555,0.496210765093565,0.6154198249181112,0.13268529390916228,0.13406889513134956,0.0,0.13268529390916228
encoder.layers.5.self_attn.v_proj,768,dtd,eurosat,8,48,lora,50,0.6369995474815369,0.6343482136726379,0.010416666666666666,0.4900942463427782,0.48961283918470144,0.6265828808148702,0.14690530113875866,0.1447353744879365,0.0,0.14690530113875866
encoder.layers.5.self_attn.v_proj,768,dtd,gtsrb,8,48,lora,50,0.5736449360847473,0.5707418918609619,0.010416666666666666,0.46339672384783626,0.46399366576224566,0.5632282694180807,0.11024821223691106,0.10674822609871626,0.0,0.11024821223691106
encoder.layers.5.self_attn.v_proj,768,dtd,mnist,8,48,lora,50,0.5332793593406677,0.5340619683265686,0.010416666666666666,0.4855151274241507,0.4853334384970367,0.5228626926740011,0.04776423191651702,0.04872852982953191,0.0,0.04776423191651702
encoder.layers.5.self_attn.v_proj,768,dtd,resisc45,8,48,lora,50,0.6186957359313965,0.616693913936615,0.010416666666666666,0.49482588982209563,0.4948925292119384,0.6082790692647299,0.12386984610930085,0.12180138472467661,0.0,0.12386984610930085
encoder.layers.5.self_attn.v_proj,768,dtd,stanford-cars,8,48,lora,50,0.5990134477615356,0.5978822708129883,0.010416666666666666,0.48440141836181283,0.4836450181901455,0.588596781094869,0.11461202939972281,0.11423725262284279,0.0,0.11461202939972281
encoder.layers.5.self_attn.v_proj,768,dtd,sun397,8,48,lora,50,0.6580824255943298,0.6581874489784241,0.010416666666666666,0.48282502219080925,0.48302620043978095,0.6476657589276632,0.17525740340352058,0.17516124853864312,0.0,0.17525740340352058
encoder.layers.5.self_attn.v_proj,768,dtd,svhn,8,48,lora,50,0.6096692085266113,0.6058160066604614,0.010416666666666666,0.48138898611068726,0.4804607341066003,0.5992525418599447,0.12828022241592407,0.12535527255386114,0.0,0.12828022241592407
encoder.layers.5.self_attn.v_proj,768,eurosat,gtsrb,8,48,lora,50,0.6361958980560303,0.6299549341201782,0.010416666666666666,0.48362975753843784,0.48388779116794467,0.6257792313893636,0.15256614051759243,0.14606714295223355,0.0,0.15256614051759243
encoder.layers.5.self_attn.v_proj,768,eurosat,mnist,8,48,lora,50,0.5621835589408875,0.5546378493309021,0.010416666666666666,0.48039093939587474,0.4809581767767668,0.5517668922742208,0.08179261954501271,0.07367967255413532,0.0,0.08179261954501271
encoder.layers.5.self_attn.v_proj,768,eurosat,resisc45,8,48,lora,50,0.6361250877380371,0.6266919374465942,0.010416666666666666,0.4835625132545829,0.482369979377836,0.6257084210713705,0.15256257448345423,0.14432195806875825,0.0,0.15256257448345423
encoder.layers.5.self_attn.v_proj,768,eurosat,stanford-cars,8,48,lora,50,0.5782021284103394,0.5688206553459167,0.010416666666666666,0.4917594869621098,0.49125904217362404,0.5677854617436727,0.08644264144822955,0.07756161317229271,0.0,0.08644264144822955
encoder.layers.5.self_attn.v_proj,768,eurosat,sun397,8,48,lora,50,0.6105116009712219,0.6088704466819763,0.010416666666666666,0.49989167833700776,0.49879577523097396,0.6000949343045553,0.11061992263421416,0.11007467145100236,0.0,0.11061992263421416
encoder.layers.5.self_attn.v_proj,768,eurosat,svhn,8,48,lora,50,0.6207355856895447,0.6140460968017578,0.010416666666666666,0.4856060529127717,0.4853233373723924,0.610318919022878,0.13512953277677298,0.1287227594293654,0.0,0.13512953277677298
encoder.layers.5.self_attn.v_proj,768,gtsrb,mnist,8,48,lora,50,0.6216492652893066,0.6231611967086792,0.010416666666666666,0.4794488134793937,0.48204911639913917,0.61123259862264,0.14220045180991292,0.14111208030954003,0.0,0.14220045180991292
encoder.layers.5.self_attn.v_proj,768,gtsrb,resisc45,8,48,lora,50,0.6282206773757935,0.625723659992218,0.010416666666666666,0.4771412038244307,0.4772295504808426,0.6178040107091268,0.15107947355136275,0.14849410951137543,0.0,0.15107947355136275
encoder.layers.5.self_attn.v_proj,768,gtsrb,stanford-cars,8,48,lora,50,0.5712683200836182,0.5699793100357056,0.010416666666666666,0.4850961063057184,0.48503872007131577,0.5608516534169515,0.08617221377789974,0.0849405899643898,0.0,0.08617221377789974
encoder.layers.5.self_attn.v_proj,768,gtsrb,sun397,8,48,lora,50,0.5955947637557983,0.5871599912643433,0.010416666666666666,0.4881504592485726,0.4891509236767888,0.5851780970891317,0.10744430450722575,0.09800906758755445,0.0,0.10744430450722575
encoder.layers.5.self_attn.v_proj,768,gtsrb,svhn,8,48,lora,50,0.684951663017273,0.6826995611190796,0.010416666666666666,0.4893723987042904,0.4899661256931722,0.6745349963506063,0.19557926431298256,0.19273343542590737,0.0,0.19557926431298256
encoder.layers.5.self_attn.v_proj,768,mnist,resisc45,8,48,lora,50,0.5497205257415771,0.5456807613372803,0.010416666666666666,0.4785576183348894,0.47851300332695246,0.5393038590749105,0.07116290740668774,0.06716775801032782,0.0,0.07116290740668774
encoder.layers.5.self_attn.v_proj,768,mnist,stanford-cars,8,48,lora,50,0.5834522843360901,0.5836140513420105,0.010416666666666666,0.48209703899919987,0.48218326829373837,0.5730356176694235,0.10135524533689022,0.10143078304827213,0.0,0.10135524533689022
encoder.layers.5.self_attn.v_proj,768,mnist,sun397,8,48,lora,50,0.5495269894599915,0.5448458790779114,0.010416666666666666,0.49621004005894065,0.49454224947839975,0.5391103227933248,0.053316949401050806,0.05030362959951162,0.0,0.053316949401050806
encoder.layers.5.self_attn.v_proj,768,mnist,svhn,8,48,lora,50,0.5918456315994263,0.5834178924560547,0.010416666666666666,0.49344329442828894,0.4952980950474739,0.5814289649327596,0.09840233717113733,0.08811979740858078,0.0,0.09840233717113733
encoder.layers.5.self_attn.v_proj,768,resisc45,stanford-cars,8,48,lora,50,0.5837293863296509,0.578357458114624,0.010416666666666666,0.49592930916696787,0.4939123918302357,0.5733127196629842,0.08780007716268301,0.0844450662843883,0.0,0.08780007716268301
encoder.layers.5.self_attn.v_proj,768,resisc45,sun397,8,48,lora,50,0.6434075832366943,0.6405022144317627,0.010416666666666666,0.4913848927244544,0.48964277002960443,0.6329909165700277,0.15202269051223993,0.15085944440215826,0.0,0.15202269051223993
encoder.layers.5.self_attn.v_proj,768,resisc45,svhn,8,48,lora,50,0.6082108616828918,0.6074313521385193,0.010416666666666666,0.48749455669894814,0.487661877181381,0.5977941950162252,0.1207163049839437,0.1197694749571383,0.0,0.1207163049839437
encoder.layers.5.self_attn.v_proj,768,stanford-cars,sun397,8,48,lora,50,0.6725265383720398,0.6768987774848938,0.010416666666666666,0.5048815608024597,0.5051839295774698,0.6621098717053732,0.16764497756958008,0.17171484790742397,0.0,0.16764497756958008
encoder.layers.5.self_attn.v_proj,768,stanford-cars,svhn,8,48,lora,50,0.5881880521774292,0.5940636396408081,0.010416666666666666,0.4848137591034174,0.4854116919450462,0.5777713855107626,0.1033742930740118,0.10865194769576192,0.0,0.1033742930740118
encoder.layers.5.self_attn.v_proj,768,sun397,svhn,8,48,lora,50,0.6115998029708862,0.6142702698707581,0.010416666666666666,0.48646985413506627,0.4857022752985358,0.6011831363042196,0.12512994883581996,0.12856799457222223,0.0,0.12512994883581996
encoder.layers.6.self_attn.q_proj,768,dtd,eurosat,8,64,lora,44,0.5979180335998535,0.5997084379196167,0.010416666666666666,0.4992918302305043,0.4992681951262057,0.5875013669331869,0.09862620336934924,0.10044024279341102,0.0,0.09862620336934924
encoder.layers.6.self_attn.q_proj,768,dtd,gtsrb,8,64,lora,44,0.5899970531463623,0.5946420431137085,0.010416666666666666,0.4915988827124238,0.4943734388798475,0.5795803864796957,0.0983981704339385,0.10026860423386097,0.0,0.0983981704339385
encoder.layers.6.self_attn.q_proj,768,dtd,mnist,8,64,lora,44,0.5226278901100159,0.5301796793937683,0.010416666666666666,0.4992892234586179,0.5003370130434632,0.5122112234433492,0.023338666651397943,0.02984266635030508,0.0,0.023338666651397943
encoder.layers.6.self_attn.q_proj,768,dtd,resisc45,8,64,lora,44,0.706929087638855,0.7086424827575684,0.010416666666666666,0.49756576865911484,0.4971077688969672,0.6965124209721884,0.20936331897974014,0.2115347138606012,0.0,0.20936331897974014
encoder.layers.6.self_attn.q_proj,768,dtd,stanford-cars,8,64,lora,44,0.5890359878540039,0.5884366631507874,0.010416666666666666,0.4966913843527436,0.5005750288255513,0.5786193211873373,0.09234460350126028,0.08786163432523608,0.0,0.09234460350126028
encoder.layers.6.self_attn.q_proj,768,dtd,sun397,8,64,lora,44,0.6590484380722046,0.6583146452903748,0.010416666666666666,0.5017288466915488,0.5042387670837343,0.648631771405538,0.15731959138065577,0.15407587820664048,0.0,0.15731959138065577
encoder.layers.6.self_attn.q_proj,768,dtd,svhn,8,64,lora,44,0.5361475944519043,0.5408369302749634,0.010416666666666666,0.48192451847717166,0.48428320745006204,0.5257309277852377,0.05422307597473264,0.05655372282490134,0.0,0.05422307597473264
encoder.layers.6.self_attn.q_proj,768,eurosat,gtsrb,8,64,lora,44,0.5691043734550476,0.5688689947128296,0.010416666666666666,0.4842623951844871,0.4858184033073485,0.558687706788381,0.0848419782705605,0.0830505914054811,0.0,0.0848419782705605
encoder.layers.6.self_attn.q_proj,768,eurosat,mnist,8,64,lora,44,0.5322360992431641,0.5315674543380737,0.010416666666666666,0.5067336624488235,0.5078822821378708,0.5218194325764974,0.02550243679434061,0.023685172200202942,0.0,0.02550243679434061
encoder.layers.6.self_attn.q_proj,768,eurosat,resisc45,8,64,lora,44,0.6006202697753906,0.6008627414703369,0.010416666666666666,0.4945074110291898,0.49510760698467493,0.590203603108724,0.1061128587462008,0.10575513448566198,0.0,0.1061128587462008
encoder.layers.6.self_attn.q_proj,768,eurosat,stanford-cars,8,64,lora,44,0.5257336497306824,0.5286885499954224,0.010416666666666666,0.4977014069445431,0.4966592341661453,0.5153169830640157,0.02803224278613925,0.03202931582927704,0.0,0.02803224278613925
encoder.layers.6.self_attn.q_proj,768,eurosat,sun397,8,64,lora,44,0.5684530735015869,0.5681209564208984,0.010416666666666666,0.5120771587826312,0.5141145326197147,0.5580364068349203,0.056375914718955755,0.0540064238011837,0.0,0.056375914718955755
encoder.layers.6.self_attn.q_proj,768,eurosat,svhn,8,64,lora,44,0.5873191356658936,0.5892442464828491,0.010416666666666666,0.48931575613096356,0.4911828860640526,0.5769024689992269,0.09800337953492999,0.09806136041879654,0.0,0.09800337953492999
encoder.layers.6.self_attn.q_proj,768,gtsrb,mnist,8,64,lora,44,0.6324763298034668,0.6302801966667175,0.010416666666666666,0.4797210399992764,0.4806738435290754,0.6220596631368002,0.1527552898041904,0.14960635313764215,0.0,0.1527552898041904
encoder.layers.6.self_attn.q_proj,768,gtsrb,resisc45,8,64,lora,44,0.6758013367652893,0.6749100685119629,0.010416666666666666,0.48409994412213564,0.48527258541435003,0.6653846700986227,0.19170139264315367,0.18963748309761286,0.0,0.19170139264315367
encoder.layers.6.self_attn.q_proj,768,gtsrb,stanford-cars,8,64,lora,44,0.5796675086021423,0.5820446014404297,0.010416666666666666,0.4940009480342269,0.4956143801100552,0.5692508419354757,0.08566656056791544,0.08643022133037448,0.0,0.08566656056791544
encoder.layers.6.self_attn.q_proj,768,gtsrb,sun397,8,64,lora,44,0.5713061690330505,0.5700685977935791,0.010416666666666666,0.49916249839589,0.5011221375316381,0.5608895023663839,0.07214367063716054,0.06894646026194096,0.0,0.07214367063716054
encoder.layers.6.self_attn.q_proj,768,gtsrb,svhn,8,64,lora,44,0.6237342357635498,0.6271960139274597,0.010416666666666666,0.47742413356900215,0.47801450500264764,0.6133175690968832,0.14631010219454765,0.14918150892481208,0.0,0.14631010219454765
encoder.layers.6.self_attn.q_proj,768,mnist,resisc45,8,64,lora,44,0.5606178045272827,0.5606876015663147,0.010416666666666666,0.49799724156036973,0.49886049050837755,0.5502011378606161,0.06262056296691298,0.061827111057937145,0.0,0.06262056296691298
encoder.layers.6.self_attn.q_proj,768,mnist,stanford-cars,8,64,lora,44,0.5262718796730042,0.5232571363449097,0.010416666666666666,0.509679215028882,0.5107629485428333,0.5158552130063375,0.016592664644122124,0.01249418780207634,0.0,0.016592664644122124
encoder.layers.6.self_attn.q_proj,768,mnist,sun397,8,64,lora,44,0.5051087141036987,0.5019960999488831,0.010416666666666666,0.5039609968662262,0.5068351128138602,0.49469204743703205,0.0011477172374725342,-0.004839012864977121,0.0,0.0011477172374725342
encoder.layers.6.self_attn.q_proj,768,mnist,svhn,8,64,lora,44,0.5542213916778564,0.550754725933075,0.010416666666666666,0.48873752169311047,0.49135883478447795,0.5438047250111898,0.06548386998474598,0.059395891148597,0.0,0.06548386998474598
encoder.layers.6.self_attn.q_proj,768,resisc45,stanford-cars,8,64,lora,44,0.6893133521080017,0.6916462779045105,0.010416666666666666,0.5061138621531427,0.5059521137736738,0.6788966854413351,0.18319948995485902,0.18569416413083673,0.0,0.18319948995485902
encoder.layers.6.self_attn.q_proj,768,resisc45,sun397,8,64,lora,44,0.6910201907157898,0.6897533535957336,0.010416666666666666,0.5047983913682401,0.5045699416659772,0.6806035240491232,0.18622179934754968,0.1851834119297564,0.0,0.18622179934754968
encoder.layers.6.self_attn.q_proj,768,resisc45,svhn,8,64,lora,44,0.545843243598938,0.5419486165046692,0.010416666666666666,0.48162728268653154,0.483981607016176,0.5354265769322714,0.06421596091240644,0.057967009488493204,0.0,0.06421596091240644
encoder.layers.6.self_attn.q_proj,768,stanford-cars,sun397,8,64,lora,44,0.6553723216056824,0.6473421454429626,0.010416666666666666,0.5070367744192481,0.5099579221569002,0.6449556549390157,0.14833554718643427,0.13738422328606248,0.0,0.14833554718643427
encoder.layers.6.self_attn.q_proj,768,stanford-cars,svhn,8,64,lora,44,0.5464083552360535,0.5459833741188049,0.010416666666666666,0.48632488399744034,0.4894114318303764,0.5359916885693868,0.06008347123861313,0.056571942288428545,0.0,0.06008347123861313
encoder.layers.6.self_attn.q_proj,768,sun397,svhn,8,64,lora,44,0.5725685358047485,0.566933274269104,0.010416666666666666,0.48838385194540024,0.4920024471357465,0.5621518691380819,0.0841846838593483,0.07493082713335752,0.0,0.0841846838593483
encoder.layers.6.self_attn.v_proj,768,dtd,eurosat,8,64,lora,44,0.5514695048332214,0.545380711555481,0.010416666666666666,0.48087431862950325,0.4798101377673447,0.5410528381665548,0.07059518620371819,0.06557057378813624,0.0,0.07059518620371819
encoder.layers.6.self_attn.v_proj,768,dtd,gtsrb,8,64,lora,44,0.4975503385066986,0.49038463830947876,0.010416666666666666,0.4730020109564066,0.47388184629380703,0.4871336718400319,0.024548327550292015,0.01650279201567173,0.0,0.024548327550292015
encoder.layers.6.self_attn.v_proj,768,dtd,mnist,8,64,lora,44,0.5364086031913757,0.5328437089920044,0.010416666666666666,0.47451277961954474,0.4733273349702358,0.5259919365247091,0.06189582357183099,0.05951637402176857,0.0,0.06189582357183099
encoder.layers.6.self_attn.v_proj,768,dtd,resisc45,8,64,lora,44,0.6370289325714111,0.6254360675811768,0.010416666666666666,0.489171682856977,0.4881175043992698,0.6266122659047445,0.14785724971443415,0.13731856318190694,0.0,0.14785724971443415
encoder.layers.6.self_attn.v_proj,768,dtd,stanford-cars,8,64,lora,44,0.5628829002380371,0.5563282370567322,0.010416666666666666,0.48900074139237404,0.48855945421382785,0.5524662335713705,0.07388215884566307,0.06776878284290433,0.0,0.07388215884566307
encoder.layers.6.self_attn.v_proj,768,dtd,sun397,8,64,lora,44,0.5870498418807983,0.5807589292526245,0.010416666666666666,0.48251075996086,0.4813035964034498,0.5766331752141317,0.10453908191993833,0.09945533284917474,0.0,0.10453908191993833
encoder.layers.6.self_attn.v_proj,768,dtd,svhn,8,64,lora,44,0.45474591851234436,0.4531317353248596,0.010416666666666666,0.49405792402103543,0.4952902547083795,0.4443292518456777,-0.03931200550869107,-0.04215851938351989,0.0,-0.03931200550869107
encoder.layers.6.self_attn.v_proj,768,eurosat,gtsrb,8,64,lora,44,0.6144428849220276,0.614504337310791,0.010416666666666666,0.49187656631693244,0.49152682488784194,0.604026218255361,0.12256631860509515,0.12297751242294908,0.0,0.12256631860509515
encoder.layers.6.self_attn.v_proj,768,eurosat,mnist,8,64,lora,44,0.6048930287361145,0.6077750325202942,0.010416666666666666,0.5027066026814282,0.5032223681919277,0.5944763620694479,0.10218642605468631,0.10455266432836652,0.0,0.10218642605468631
encoder.layers.6.self_attn.v_proj,768,eurosat,resisc45,8,64,lora,44,0.605111837387085,0.6031710505485535,0.010416666666666666,0.4953111265785992,0.4949652059003711,0.5946951707204183,0.10980071080848575,0.10820584464818239,0.0,0.10980071080848575
encoder.layers.6.self_attn.v_proj,768,eurosat,stanford-cars,8,64,lora,44,0.6084518432617188,0.6107885837554932,0.010416666666666666,0.4945342941209674,0.49510705517604947,0.5980351765950521,0.11391754914075136,0.1156815285794437,0.0,0.11391754914075136
encoder.layers.6.self_attn.v_proj,768,eurosat,sun397,8,64,lora,44,0.5601143836975098,0.5543091297149658,0.010416666666666666,0.5034290947951376,0.5030029383487999,0.5496977170308431,0.05668528890237212,0.051306191366165876,0.0,0.05668528890237212
encoder.layers.6.self_attn.v_proj,768,eurosat,svhn,8,64,lora,44,0.6528951525688171,0.6544654369354248,0.010416666666666666,0.49870691262185574,0.4989996780641377,0.6424784859021505,0.1541882399469614,0.1554657588712871,0.0,0.1541882399469614
encoder.layers.6.self_attn.v_proj,768,gtsrb,mnist,8,64,lora,44,0.5826255083084106,0.5854612588882446,0.010416666666666666,0.49239875143393874,0.4920730502344668,0.572208841641744,0.0902267568744719,0.09338820865377784,0.0,0.0902267568744719
encoder.layers.6.self_attn.v_proj,768,gtsrb,resisc45,8,64,lora,44,0.5375654101371765,0.5398283004760742,0.010416666666666666,0.482286021579057,0.48497621761634946,0.5271487434705099,0.055279388558119535,0.05485208285972476,0.0,0.055279388558119535
encoder.layers.6.self_attn.v_proj,768,gtsrb,stanford-cars,8,64,lora,44,0.5210645794868469,0.525248110294342,0.010416666666666666,0.4887429438531399,0.4916735156439245,0.5106479128201803,0.032321635633707047,0.033574594650417566,0.0,0.032321635633707047
encoder.layers.6.self_attn.v_proj,768,gtsrb,sun397,8,64,lora,44,0.5892426371574402,0.5913860201835632,0.010416666666666666,0.49358699517324567,0.494831514544785,0.5788259704907736,0.09565564198419452,0.09655450563877821,0.0,0.09565564198419452
encoder.layers.6.self_attn.v_proj,768,gtsrb,svhn,8,64,lora,44,0.6089470982551575,0.6080334186553955,0.010416666666666666,0.49328080751001835,0.492894284427166,0.5985304315884908,0.11566629074513912,0.11513913422822952,0.0,0.11566629074513912
encoder.layers.6.self_attn.v_proj,768,mnist,resisc45,8,64,lora,44,0.507928192615509,0.5096739530563354,0.010416666666666666,0.4939696239307523,0.49306038906797767,0.49751152594884235,0.013958568684756756,0.016613563988357782,0.0,0.013958568684756756
encoder.layers.6.self_attn.v_proj,768,mnist,stanford-cars,8,64,lora,44,0.5199781060218811,0.5214791297912598,0.010416666666666666,0.4925385140813887,0.49298766581341624,0.5095614393552145,0.02743959194049239,0.028491463977843523,0.0,0.02743959194049239
encoder.layers.6.self_attn.v_proj,768,mnist,sun397,8,64,lora,44,0.5368834733963013,0.5365341305732727,0.010416666666666666,0.49933612532913685,0.4990229173563421,0.5264668067296346,0.03754734806716442,0.03751121321693063,0.0,0.03754734806716442
encoder.layers.6.self_attn.v_proj,768,mnist,svhn,8,64,lora,44,0.6393769383430481,0.6368532776832581,0.010416666666666666,0.49513488868251443,0.4960709339939058,0.6289602716763815,0.14424204966053367,0.14078234368935227,0.0,0.14424204966053367
encoder.layers.6.self_attn.v_proj,768,resisc45,stanford-cars,8,64,lora,44,0.5986608862876892,0.5922257900238037,0.010416666666666666,0.49818757316097617,0.49896820029243827,0.5882442196210226,0.10047331312671304,0.09325758973136544,0.0,0.10047331312671304
encoder.layers.6.self_attn.v_proj,768,resisc45,sun397,8,64,lora,44,0.5992003679275513,0.5888509750366211,0.010416666666666666,0.4945498201996088,0.4942442672327161,0.5887837012608846,0.10465054772794247,0.09460670780390501,0.0,0.10465054772794247
encoder.layers.6.self_attn.v_proj,768,resisc45,svhn,8,64,lora,44,0.5130378007888794,0.5105358958244324,0.010416666666666666,0.4959146515466273,0.4962626132182777,0.5026211341222128,0.01712314924225211,0.01427328260615468,0.0,0.01712314924225211
encoder.layers.6.self_attn.v_proj,768,stanford-cars,sun397,8,64,lora,44,0.6081044673919678,0.6035043001174927,0.010416666666666666,0.4955659876577556,0.49454681714996696,0.5976878007253011,0.11253847973421216,0.10895748296752572,0.0,0.11253847973421216
encoder.layers.6.self_attn.v_proj,768,stanford-cars,svhn,8,64,lora,44,0.5947409868240356,0.6009288430213928,0.010416666666666666,0.48322877706959844,0.48399739479646087,0.584324320157369,0.11151220975443721,0.11693144822493196,0.0,0.11151220975443721
encoder.layers.6.self_attn.v_proj,768,sun397,svhn,8,64,lora,44,0.5010275840759277,0.499301940202713,0.010416666666666666,0.4972805678844452,0.49977563228458166,0.49061091740926105,0.003747016191482544,-0.00047369208186864853,0.0,0.003747016191482544
encoder.layers.7.self_attn.q_proj,768,dtd,eurosat,8,53,lora,38,0.6191052198410034,0.6172051429748535,0.010416666666666666,0.48418588610365987,0.48528370494022965,0.6086885531743368,0.13491933373734355,0.13192143803462386,0.0,0.13491933373734355
encoder.layers.7.self_attn.q_proj,768,dtd,gtsrb,8,53,lora,38,0.5354394316673279,0.5326398611068726,0.010416666666666666,0.4766211495734751,0.47936241468414664,0.5250227650006613,0.05881828209385276,0.053277446422725916,0.0,0.05881828209385276
encoder.layers.7.self_attn.q_proj,768,dtd,mnist,8,53,lora,38,0.5753737688064575,0.5764098167419434,0.010416666666666666,0.4860787861980498,0.48727839905768633,0.5649571021397909,0.08929498260840774,0.08913141768425703,0.0,0.08929498260840774
encoder.layers.7.self_attn.q_proj,768,dtd,resisc45,8,53,lora,38,0.5473694205284119,0.5375219583511353,0.010416666666666666,0.48627491807565093,0.4867928707972169,0.5369527538617452,0.061094502452760935,0.05072908755391836,0.0,0.061094502452760935
encoder.layers.7.self_attn.q_proj,768,dtd,stanford-cars,8,53,lora,38,0.5162864327430725,0.5040527582168579,0.010416666666666666,0.4912349027581513,0.4928167606703937,0.5058697660764059,0.025051529984921217,0.011235997546464205,0.0,0.025051529984921217
encoder.layers.7.self_attn.q_proj,768,dtd,sun397,8,53,lora,38,0.5686843395233154,0.5599852204322815,0.010416666666666666,0.49741948302835226,0.4991702320985496,0.5582676728566488,0.07126485649496317,0.06081498833373189,0.0,0.07126485649496317
encoder.layers.7.self_attn.q_proj,768,dtd,svhn,8,53,lora,38,0.554186224937439,0.5509600639343262,0.010416666666666666,0.4755761120468378,0.47672276105731726,0.5437695582707723,0.07861011289060116,0.07423730287700891,0.0,0.07861011289060116
encoder.layers.7.self_attn.q_proj,768,eurosat,gtsrb,8,53,lora,38,0.5501261353492737,0.5484577417373657,0.010416666666666666,0.4810628555715084,0.4832674856297672,0.539709468682607,0.06906327977776527,0.06519025610759854,0.0,0.06906327977776527
encoder.layers.7.self_attn.q_proj,768,eurosat,mnist,8,53,lora,38,0.4780949652194977,0.47935694456100464,0.010416666666666666,0.4903067979030311,0.49163251323625445,0.467678298552831,-0.01221183268353343,-0.012275568675249815,0.0,-0.01221183268353343
encoder.layers.7.self_attn.q_proj,768,eurosat,resisc45,8,53,lora,38,0.6543179750442505,0.6478353142738342,0.010416666666666666,0.4980564252473414,0.49801068659871817,0.6439013083775839,0.1562615497969091,0.14982462767511606,0.0,0.1562615497969091
encoder.layers.7.self_attn.q_proj,768,eurosat,stanford-cars,8,53,lora,38,0.5552183389663696,0.5568150877952576,0.010416666666666666,0.4910103934817016,0.49262948939576745,0.544801672299703,0.06420794548466802,0.06418559839949012,0.0,0.06420794548466802
encoder.layers.7.self_attn.q_proj,768,eurosat,sun397,8,53,lora,38,0.5570914149284363,0.5575510263442993,0.010416666666666666,0.5034646312706172,0.5062231393530965,0.5466747482617696,0.05362678365781903,0.05132788699120283,0.0,0.05362678365781903
encoder.layers.7.self_attn.q_proj,768,eurosat,svhn,8,53,lora,38,0.5933889746665955,0.5972944498062134,0.010416666666666666,0.48858123552054167,0.48757863556966186,0.5829723079999288,0.10480773914605379,0.10971581423655152,0.0,0.10480773914605379
encoder.layers.7.self_attn.q_proj,768,gtsrb,mnist,8,53,lora,38,0.612533688545227,0.6159470677375793,0.010416666666666666,0.4904390308074653,0.49269484588876367,0.6021170218785604,0.12209465773776174,0.12325222184881568,0.0,0.12209465773776174
encoder.layers.7.self_attn.q_proj,768,gtsrb,resisc45,8,53,lora,38,0.5555908679962158,0.5510562062263489,0.010416666666666666,0.48773447424173355,0.4905011826194823,0.5451742013295492,0.06785639375448227,0.0605550236068666,0.0,0.06785639375448227
encoder.layers.7.self_attn.q_proj,768,gtsrb,stanford-cars,8,53,lora,38,0.5432677865028381,0.5403436422348022,0.010416666666666666,0.494918302167207,0.49644993944093585,0.5328511198361715,0.04834948433563113,0.043893702793866396,0.0,0.04834948433563113
encoder.layers.7.self_attn.q_proj,768,gtsrb,sun397,8,53,lora,38,0.5523842573165894,0.5436881184577942,0.010416666666666666,0.49715572549030185,0.5010571833699942,0.5419675906499227,0.05522853182628751,0.042630935087800026,0.0,0.05522853182628751
encoder.layers.7.self_attn.q_proj,768,gtsrb,svhn,8,53,lora,38,0.6128143668174744,0.6150109767913818,0.010416666666666666,0.4817992807365954,0.4823540570214391,0.6023977001508077,0.13101508608087897,0.13265691976994276,0.0,0.13101508608087897
encoder.layers.7.self_attn.q_proj,768,mnist,resisc45,8,53,lora,38,0.548139750957489,0.5339599251747131,0.010416666666666666,0.489437751006335,0.4915710100904107,0.5377230842908224,0.058701999951153994,0.042388915084302425,0.0,0.058701999951153994
encoder.layers.7.self_attn.q_proj,768,mnist,stanford-cars,8,53,lora,38,0.5226750373840332,0.5173501372337341,0.010416666666666666,0.49715415947139263,0.49849651707336307,0.5122583707173666,0.02552087791264057,0.018853620160371065,0.0,0.02552087791264057
encoder.layers.7.self_attn.q_proj,768,mnist,sun397,8,53,lora,38,0.5677599310874939,0.5695215463638306,0.010416666666666666,0.5083693126216531,0.5125220278277993,0.5573432644208273,0.059390618465840816,0.056999518536031246,0.0,0.059390618465840816
encoder.layers.7.self_attn.q_proj,768,mnist,svhn,8,53,lora,38,0.577666163444519,0.5762765407562256,0.010416666666666666,0.4901763340458274,0.4922962081618607,0.5672494967778524,0.08748982939869165,0.08398033259436488,0.0,0.08748982939869165
encoder.layers.7.self_attn.q_proj,768,resisc45,stanford-cars,8,53,lora,38,0.515837550163269,0.5094214081764221,0.010416666666666666,0.5003282562829554,0.5029172161594033,0.5054208834966024,0.015509293880313635,0.006504192017018795,0.0,0.015509293880313635
encoder.layers.7.self_attn.q_proj,768,resisc45,sun397,8,53,lora,38,0.6134659647941589,0.5991528630256653,0.010416666666666666,0.5066420687362552,0.508694008924067,0.6030492981274923,0.10682389605790377,0.09045885410159826,0.0,0.10682389605790377
encoder.layers.7.self_attn.q_proj,768,resisc45,svhn,8,53,lora,38,0.5784564018249512,0.5735006332397461,0.010416666666666666,0.4854768430814147,0.4847368551418185,0.5680397351582845,0.09297955874353647,0.08876377809792757,0.0,0.09297955874353647
encoder.layers.7.self_attn.q_proj,768,stanford-cars,sun397,8,53,lora,38,0.6020435094833374,0.603204607963562,0.010416666666666666,0.5093156499788165,0.5128059075213969,0.5916268428166708,0.0927278595045209,0.09039870044216514,0.0,0.0927278595045209
encoder.layers.7.self_attn.q_proj,768,stanford-cars,svhn,8,53,lora,38,0.5242497324943542,0.528134286403656,0.010416666666666666,0.4949079887010157,0.49385199416428804,0.5138330658276876,0.029341743793338537,0.03428229223936796,0.0,0.029341743793338537
encoder.layers.7.self_attn.q_proj,768,sun397,svhn,8,53,lora,38,0.5585983395576477,0.5652367472648621,0.010416666666666666,0.4912469433620572,0.4922444182448089,0.5481816728909811,0.0673513961955905,0.07299232902005315,0.0,0.0673513961955905
encoder.layers.7.self_attn.v_proj,768,dtd,eurosat,8,53,lora,38,0.5676499009132385,0.5585505366325378,0.010416666666666666,0.47470759600400925,0.47212981432676315,0.5572332342465719,0.09294230490922928,0.08642072230577469,0.0,0.09294230490922928
encoder.layers.7.self_attn.v_proj,768,dtd,gtsrb,8,53,lora,38,0.5589202642440796,0.5536951422691345,0.010416666666666666,0.47555411234498024,0.4720013099722564,0.548503597577413,0.08336615189909935,0.0816938322968781,0.0,0.08336615189909935
encoder.layers.7.self_attn.v_proj,768,dtd,mnist,8,53,lora,38,0.5304242968559265,0.5266162753105164,0.010416666666666666,0.4815089707262814,0.4796481095254421,0.5200076301892599,0.04891532612964511,0.046968165785074234,0.0,0.04891532612964511
encoder.layers.7.self_attn.v_proj,768,dtd,resisc45,8,53,lora,38,0.5510801076889038,0.5479606986045837,0.010416666666666666,0.48066796688362956,0.4790890892036259,0.5406634410222372,0.07041214080527425,0.06887160940095782,0.0,0.07041214080527425
encoder.layers.7.self_attn.v_proj,768,dtd,stanford-cars,8,53,lora,38,0.5555802583694458,0.5564683079719543,0.010416666666666666,0.47815742064267397,0.4748141118325293,0.5451635917027792,0.07742283772677183,0.08165419613942504,0.0,0.07742283772677183
encoder.layers.7.self_attn.v_proj,768,dtd,sun397,8,53,lora,38,0.584713876247406,0.5809712409973145,0.010416666666666666,0.4770488808862865,0.4713432649150491,0.5742972095807394,0.10766499536111951,0.10962797608226538,0.0,0.10766499536111951
encoder.layers.7.self_attn.v_proj,768,dtd,svhn,8,53,lora,38,0.5446558594703674,0.5389639735221863,0.010416666666666666,0.4772893418557942,0.47569554578512907,0.5342391928037008,0.06736651761457324,0.06326842773705721,0.0,0.06736651761457324
encoder.layers.7.self_attn.v_proj,768,eurosat,gtsrb,8,53,lora,38,0.5132872462272644,0.5088372826576233,0.010416666666666666,0.47974668769165874,0.4815050819888711,0.5028705795605978,0.03354055853560567,0.027332200668752193,0.0,0.03354055853560567
encoder.layers.7.self_attn.v_proj,768,eurosat,mnist,8,53,lora,38,0.5264482498168945,0.5277981162071228,0.010416666666666666,0.48440015129745007,0.4852220742031932,0.5160315831502279,0.042048098519444466,0.042576042003929615,0.0,0.042048098519444466
encoder.layers.7.self_attn.v_proj,768,eurosat,resisc45,8,53,lora,38,0.5945255756378174,0.5948861837387085,0.010416666666666666,0.49434918351471424,0.4935625442303717,0.5841089089711508,0.10017639212310314,0.10132363950833678,0.0,0.10017639212310314
encoder.layers.7.self_attn.v_proj,768,eurosat,stanford-cars,8,53,lora,38,0.5102744102478027,0.5139562487602234,0.010416666666666666,0.48791558435186744,0.4884791523218155,0.49985774358113605,0.022358825895935297,0.025477096438407898,0.0,0.022358825895935297
encoder.layers.7.self_attn.v_proj,768,eurosat,sun397,8,53,lora,38,0.5669937133789062,0.5586769580841064,0.010416666666666666,0.4930385681800544,0.49228318501263857,0.5565770467122396,0.07395514519885182,0.06639377307146788,0.0,0.07395514519885182
encoder.layers.7.self_attn.v_proj,768,eurosat,svhn,8,53,lora,38,0.5111110210418701,0.5118404030799866,0.010416666666666666,0.48671966372057796,0.4873636858537793,0.5006943543752035,0.024391357321292162,0.024476717226207256,0.0,0.024391357321292162
encoder.layers.7.self_attn.v_proj,768,gtsrb,mnist,8,53,lora,38,0.5335103273391724,0.5277137756347656,0.010416666666666666,0.4819001224823296,0.48277949122712016,0.5230936606725057,0.051610204856842756,0.044934284407645464,0.0,0.051610204856842756
encoder.layers.7.self_attn.v_proj,768,gtsrb,resisc45,8,53,lora,38,0.5619944334030151,0.5646467208862305,0.010416666666666666,0.4878653110936284,0.49136650329455733,0.5515777667363485,0.07412912230938673,0.07328021759167314,0.0,0.07412912230938673
encoder.layers.7.self_attn.v_proj,768,gtsrb,stanford-cars,8,53,lora,38,0.5930113792419434,0.586459219455719,0.010416666666666666,0.47903836984187365,0.47899487614631653,0.5825947125752767,0.11397300940006971,0.10746434330940247,0.0,0.11397300940006971
encoder.layers.7.self_attn.v_proj,768,gtsrb,sun397,8,53,lora,38,0.5612252950668335,0.5601750612258911,0.010416666666666666,0.4802198139950633,0.4799052672460675,0.5508086284001669,0.08100548107177019,0.08026979397982359,0.0,0.08100548107177019
encoder.layers.7.self_attn.v_proj,768,gtsrb,svhn,8,53,lora,38,0.5504063963890076,0.5456669330596924,0.010416666666666666,0.48406306421384215,0.48547075875103474,0.5399897297223409,0.06634333217516541,0.060196174308657646,0.0,0.06634333217516541
encoder.layers.7.self_attn.v_proj,768,mnist,resisc45,8,53,lora,38,0.5066332221031189,0.5092083811759949,0.010416666666666666,0.4808407644741237,0.4828839572146535,0.4962165554364522,0.02579245762899518,0.02632442396134138,0.0,0.02579245762899518
encoder.layers.7.self_attn.v_proj,768,mnist,stanford-cars,8,53,lora,38,0.49410390853881836,0.4944755434989929,0.010416666666666666,0.4954386642202735,0.49502712627872825,0.4836872418721517,-0.0013347556814551353,-0.0005515827797353268,0.0,-0.0013347556814551353
encoder.layers.7.self_attn.v_proj,768,mnist,sun397,8,53,lora,38,0.48185569047927856,0.4950135052204132,0.010416666666666666,0.4849387793801725,0.48400154849514365,0.4714390238126119,-0.0030830889008939266,0.011011956725269556,0.0,-0.0030830889008939266
encoder.layers.7.self_attn.v_proj,768,mnist,svhn,8,53,lora,38,0.6316313743591309,0.6302217841148376,0.010416666666666666,0.49120662501081824,0.4915039287880063,0.6212147076924642,0.14042474934831262,0.13871785532683134,0.0,0.14042474934831262
encoder.layers.7.self_attn.v_proj,768,resisc45,stanford-cars,8,53,lora,38,0.5828997492790222,0.5808808207511902,0.010416666666666666,0.4911511102691293,0.49093011766672134,0.5724830826123556,0.09174863900989294,0.08995070308446884,0.0,0.09174863900989294
encoder.layers.7.self_attn.v_proj,768,resisc45,sun397,8,53,lora,38,0.642634391784668,0.6386245489120483,0.010416666666666666,0.49238157738000154,0.49154474027454853,0.6322177251180013,0.15025281440466642,0.1470798086374998,0.0,0.15025281440466642
encoder.layers.7.self_attn.v_proj,768,resisc45,svhn,8,53,lora,38,0.47868627309799194,0.4851441979408264,0.010416666666666666,0.4836196890100837,0.48367797303944826,0.46826960643132526,-0.004933415912091732,0.0014662249013781548,0.0,-0.004933415912091732
encoder.layers.7.self_attn.v_proj,768,stanford-cars,sun397,8,53,lora,38,0.6472974419593811,0.6499528288841248,0.010416666666666666,0.49467338528484106,0.4943020762875676,0.6368807752927145,0.15262405667454004,0.15565075259655714,0.0,0.15262405667454004
encoder.layers.7.self_attn.v_proj,768,stanford-cars,svhn,8,53,lora,38,0.5813995599746704,0.582164466381073,0.010416666666666666,0.48505792999640107,0.4854413797147572,0.5709828933080038,0.09634162997826934,0.0967230866663158,0.0,0.09634162997826934
encoder.layers.7.self_attn.v_proj,768,sun397,svhn,8,53,lora,38,0.501774787902832,0.5093488097190857,0.010416666666666666,0.48279393604025245,0.4819119218736887,0.49135812123616535,0.018980851862579584,0.027436887845396996,0.0,0.018980851862579584
encoder.layers.8.self_attn.q_proj,768,dtd,eurosat,8,48,lora,37,0.5285237431526184,0.5310759544372559,0.010416666666666666,0.49315078603103757,0.49469205597415566,0.5181070764859518,0.03537295712158084,0.036383898463100195,0.0,0.03537295712158084
encoder.layers.8.self_attn.q_proj,768,dtd,gtsrb,8,48,lora,37,0.5437750220298767,0.543803870677948,0.010416666666666666,0.4852383080869913,0.4867059332318604,0.5333583553632101,0.0585367139428854,0.0570979374460876,0.0,0.0585367139428854
encoder.layers.8.self_attn.q_proj,768,dtd,mnist,8,48,lora,37,0.5276685953140259,0.5319602489471436,0.010416666666666666,0.4878603513352573,0.48846489982679486,0.5172519286473592,0.03980824397876859,0.04349534912034869,0.0,0.03980824397876859
encoder.layers.8.self_attn.q_proj,768,dtd,resisc45,8,48,lora,37,0.5865156054496765,0.5855340361595154,0.010416666666666666,0.4947023428976536,0.496561577077955,0.5760989387830099,0.09181326255202293,0.08897245908156037,0.0,0.09181326255202293
encoder.layers.8.self_attn.q_proj,768,dtd,stanford-cars,8,48,lora,37,0.5077669620513916,0.5017208456993103,0.010416666666666666,0.4895446146838367,0.4904207941144705,0.4973502953847249,0.018222347367554903,0.01130005158483982,0.0,0.018222347367554903
encoder.layers.8.self_attn.q_proj,768,dtd,sun397,8,48,lora,37,0.6483801603317261,0.6505976915359497,0.010416666666666666,0.498028049711138,0.500217332970351,0.6379634936650594,0.15035211062058806,0.15038035856559873,0.0,0.15035211062058806
encoder.layers.8.self_attn.q_proj,768,dtd,svhn,8,48,lora,37,0.47268980741500854,0.48008036613464355,0.010416666666666666,0.4775670892558992,0.4800781812518835,0.46227314074834186,-0.004877281840890646,2.1848827600479126e-06,0.0,-0.004877281840890646
encoder.layers.8.self_attn.q_proj,768,eurosat,gtsrb,8,48,lora,37,0.5135788917541504,0.5180679559707642,0.010416666666666666,0.49041186459362507,0.49120723316445947,0.5031622250874838,0.023167027160525322,0.026860722806304693,0.0,0.023167027160525322
encoder.layers.8.self_attn.q_proj,768,eurosat,mnist,8,48,lora,37,0.5223163962364197,0.5294153690338135,0.010416666666666666,0.49172200122848153,0.4930205913260579,0.511899729569753,0.030594395007938147,0.036394777707755566,0.0,0.030594395007938147
encoder.layers.8.self_attn.q_proj,768,eurosat,resisc45,8,48,lora,37,0.6311773061752319,0.6317876577377319,0.010416666666666666,0.500522461719811,0.5006979363970459,0.6207606395085653,0.13065484445542097,0.13108972134068608,0.0,0.13065484445542097
encoder.layers.8.self_attn.q_proj,768,eurosat,stanford-cars,8,48,lora,37,0.5175097584724426,0.5229851007461548,0.010416666666666666,0.4960557399317622,0.4966658763587475,0.507093091805776,0.02145401854068041,0.026319224387407303,0.0,0.02145401854068041
encoder.layers.8.self_attn.q_proj,768,eurosat,sun397,8,48,lora,37,0.5923396348953247,0.5948757529258728,0.010416666666666666,0.4995601372793317,0.49860299099236727,0.5819229682286581,0.09277949761599302,0.09627276193350554,0.0,0.09277949761599302
encoder.layers.8.self_attn.q_proj,768,eurosat,svhn,8,48,lora,37,0.4727057218551636,0.4759010970592499,0.010416666666666666,0.480999746825546,0.4818447446450591,0.4622890551884969,-0.008294024970382452,-0.005943647585809231,0.0,-0.008294024970382452
encoder.layers.8.self_attn.q_proj,768,gtsrb,mnist,8,48,lora,37,0.6158519983291626,0.6148437261581421,0.010416666666666666,0.4866792904213071,0.48756022192537785,0.605435331662496,0.1291727079078555,0.12728350423276424,0.0,0.1291727079078555
encoder.layers.8.self_attn.q_proj,768,gtsrb,resisc45,8,48,lora,37,0.5227788686752319,0.5260058045387268,0.010416666666666666,0.49474507523700595,0.4967101654037833,0.5123622020085653,0.028033793438225985,0.029295639134943485,0.0,0.028033793438225985
encoder.layers.8.self_attn.q_proj,768,gtsrb,stanford-cars,8,48,lora,37,0.5364983081817627,0.5422148704528809,0.010416666666666666,0.4877664656378329,0.48903119238093495,0.5260816415150961,0.048731842543929815,0.053183678071945906,0.0,0.048731842543929815
encoder.layers.8.self_attn.q_proj,768,gtsrb,sun397,8,48,lora,37,0.5424576997756958,0.543490469455719,0.010416666666666666,0.4850794947706163,0.4865917759016156,0.5320410331090292,0.05737820500507951,0.056898693554103374,0.0,0.05737820500507951
encoder.layers.8.self_attn.q_proj,768,gtsrb,svhn,8,48,lora,37,0.4992438554763794,0.5015056729316711,0.010416666666666666,0.48247174033895135,0.4830765505321324,0.4888271888097127,0.016772115137428045,0.018429122399538755,0.0,0.016772115137428045
encoder.layers.8.self_attn.q_proj,768,mnist,resisc45,8,48,lora,37,0.5195227265357971,0.5280089974403381,0.010416666666666666,0.49314672965556383,0.4944929168559611,0.5091060598691305,0.026375996880233288,0.03351608058437705,0.0,0.026375996880233288
encoder.layers.8.self_attn.q_proj,768,mnist,stanford-cars,8,48,lora,37,0.5350350141525269,0.5373386144638062,0.010416666666666666,0.500483657233417,0.5007442911155522,0.5246183474858602,0.03455135691910982,0.036594323348253965,0.0,0.03455135691910982
encoder.layers.8.self_attn.q_proj,768,mnist,sun397,8,48,lora,37,0.5308976173400879,0.5351604223251343,0.010416666666666666,0.5056314375251532,0.5068917591124773,0.5204809506734213,0.02526617981493473,0.028268663212656975,0.0,0.02526617981493473
encoder.layers.8.self_attn.q_proj,768,mnist,svhn,8,48,lora,37,0.5406164526939392,0.5449803471565247,0.010416666666666666,0.4959395518526435,0.4977258304134011,0.5301997860272726,0.04467690084129572,0.04725451674312353,0.0,0.04467690084129572
encoder.layers.8.self_attn.q_proj,768,resisc45,stanford-cars,8,48,lora,37,0.5310393571853638,0.5351816415786743,0.010416666666666666,0.4922770503908396,0.49354489194229245,0.5206226905186971,0.03876230679452419,0.041636749636381865,0.0,0.03876230679452419
encoder.layers.8.self_attn.q_proj,768,resisc45,sun397,8,48,lora,37,0.5539757013320923,0.5561487674713135,0.010416666666666666,0.5004365392960608,0.5013617682270706,0.5435590346654257,0.053539162036031485,0.05478699924424291,0.0,0.053539162036031485
encoder.layers.8.self_attn.q_proj,768,resisc45,svhn,8,48,lora,37,0.5285952091217041,0.5312701463699341,0.010416666666666666,0.48606670601293445,0.48728624172508717,0.5181785424550375,0.042528503108769655,0.043983904644846916,0.0,0.042528503108769655
encoder.layers.8.self_attn.q_proj,768,stanford-cars,sun397,8,48,lora,37,0.5922145843505859,0.5938282012939453,0.010416666666666666,0.5069593219086528,0.5078946654684842,0.5817979176839193,0.08525526244193316,0.08593353582546115,0.0,0.08525526244193316
encoder.layers.8.self_attn.q_proj,768,stanford-cars,svhn,8,48,lora,37,0.4924452602863312,0.48699066042900085,0.010416666666666666,0.49353598337620497,0.49430575827136636,0.4820285936196645,-0.0010907230898737907,-0.007315097842365503,0.0,-0.0010907230898737907
encoder.layers.8.self_attn.q_proj,768,sun397,svhn,8,48,lora,37,0.48538559675216675,0.4939696490764618,0.010416666666666666,0.4910564813762903,0.4925619657151401,0.47496893008550006,-0.005670884624123573,0.0014076833613216877,0.0,-0.005670884624123573
encoder.layers.8.self_attn.v_proj,768,dtd,eurosat,8,48,lora,37,0.5249893665313721,0.5203019976615906,0.010416666666666666,0.47464946331456304,0.47544496646150947,0.5145726998647054,0.050339903216809034,0.04485703120008111,0.0,0.050339903216809034
encoder.layers.8.self_attn.v_proj,768,dtd,gtsrb,8,48,lora,37,0.46557506918907166,0.46691417694091797,0.010416666666666666,0.4745960012078285,0.4754485306330025,0.45515840252240497,-0.009020932018756866,-0.00853435369208455,0.0,-0.009020932018756866
encoder.layers.8.self_attn.v_proj,768,dtd,mnist,8,48,lora,37,0.5499207377433777,0.5414459109306335,0.010416666666666666,0.4637506236322224,0.46288019558414817,0.5395040710767111,0.08617011411115527,0.07856571534648538,0.0,0.08617011411115527
encoder.layers.8.self_attn.v_proj,768,dtd,resisc45,8,48,lora,37,0.5092908143997192,0.5151079893112183,0.010416666666666666,0.47261994797736406,0.47362975450232625,0.49887414773305255,0.036670866422355175,0.04147823480889201,0.0,0.036670866422355175
encoder.layers.8.self_attn.v_proj,768,dtd,stanford-cars,8,48,lora,37,0.5327807068824768,0.5287919044494629,0.010416666666666666,0.4741862090304494,0.4724010373465717,0.5223640402158102,0.058594497852027416,0.05639086710289121,0.0,0.058594497852027416
encoder.layers.8.self_attn.v_proj,768,dtd,sun397,8,48,lora,37,0.4358658194541931,0.44266074895858765,0.010416666666666666,0.4785772985778749,0.4768162602558732,0.42544915278752643,-0.042711479123681784,-0.03415551129728556,0.0,-0.042711479123681784
encoder.layers.8.self_attn.v_proj,768,dtd,svhn,8,48,lora,37,0.44703415036201477,0.446800172328949,0.010416666666666666,0.4638617900200188,0.4635237120091915,0.4366174836953481,-0.016827639658004045,-0.01672353968024254,0.0,-0.016827639658004045
encoder.layers.8.self_attn.v_proj,768,eurosat,gtsrb,8,48,lora,37,0.4710443615913391,0.47246479988098145,0.010416666666666666,0.4742465363815427,0.475660951808095,0.4606276949246724,-0.0032021747902035713,-0.003196151927113533,0.0,-0.0032021747902035713
encoder.layers.8.self_attn.v_proj,768,eurosat,mnist,8,48,lora,37,0.5779768228530884,0.5752955675125122,0.010416666666666666,0.4761367351748049,0.4762523006647825,0.5675601561864217,0.10184008767828345,0.09904326684772968,0.0,0.10184008767828345
encoder.layers.8.self_attn.v_proj,768,eurosat,resisc45,8,48,lora,37,0.6660503149032593,0.6678241491317749,0.010416666666666666,0.5041309618391097,0.5045451633632183,0.6556336482365926,0.16191935306414962,0.1632789857685566,0.0,0.16191935306414962
encoder.layers.8.self_attn.v_proj,768,eurosat,stanford-cars,8,48,lora,37,0.5885157585144043,0.5934807062149048,0.010416666666666666,0.48425950296223164,0.483733540866524,0.5780990918477377,0.10425625555217266,0.1097471653483808,0.0,0.10425625555217266
encoder.layers.8.self_attn.v_proj,768,eurosat,sun397,8,48,lora,37,0.48600050806999207,0.4859490394592285,0.010416666666666666,0.4877561987377703,0.48820433719083667,0.4755838414033254,-0.0017556906677782536,-0.0022552977316081524,0.0,-0.0017556906677782536
encoder.layers.8.self_attn.v_proj,768,eurosat,svhn,8,48,lora,37,0.5072792768478394,0.5070706605911255,0.010416666666666666,0.48573218612000346,0.4859173237346113,0.49686261018117267,0.021547090727835894,0.021153336856514215,0.0,0.021547090727835894
encoder.layers.8.self_attn.v_proj,768,gtsrb,mnist,8,48,lora,37,0.61325603723526,0.6105867624282837,0.010416666666666666,0.4827722110785544,0.4833978074602783,0.6028393705685934,0.13048382615670562,0.12718895496800542,0.0,0.13048382615670562
encoder.layers.8.self_attn.v_proj,768,gtsrb,resisc45,8,48,lora,37,0.5029793977737427,0.4993996024131775,0.010416666666666666,0.46806704020127654,0.4686022838577628,0.492562731107076,0.034912357572466135,0.030797318555414677,0.0,0.034912357572466135
encoder.layers.8.self_attn.v_proj,768,gtsrb,stanford-cars,8,48,lora,37,0.41894078254699707,0.4223574995994568,0.010416666666666666,0.4776216149330139,0.4793764757923782,0.4085241158803304,-0.058680832386016846,-0.0570189761929214,0.0,-0.058680832386016846
encoder.layers.8.self_attn.v_proj,768,gtsrb,sun397,8,48,lora,37,0.4922923743724823,0.4892730414867401,0.010416666666666666,0.48617170052602887,0.48722661286592484,0.4818757077058156,0.006120673846453428,0.002046428620815277,0.0,0.006120673846453428
encoder.layers.8.self_attn.v_proj,768,gtsrb,svhn,8,48,lora,37,0.5881914496421814,0.582875669002533,0.010416666666666666,0.4932479839771986,0.4942588275298476,0.5777747829755148,0.0949434656649828,0.08861684147268534,0.0,0.0949434656649828
encoder.layers.8.self_attn.v_proj,768,mnist,resisc45,8,48,lora,37,0.48366686701774597,0.48287564516067505,0.010416666666666666,0.48419799376279116,0.4846809837035835,0.4732502003510793,-0.0005311267450451851,-0.00180533854290843,0.0,-0.0005311267450451851
encoder.layers.8.self_attn.v_proj,768,mnist,stanford-cars,8,48,lora,37,0.47286832332611084,0.47048240900039673,0.010416666666666666,0.48626050958409905,0.4870542990975082,0.46245165665944415,-0.013392186257988214,-0.016571890097111464,0.0,-0.013392186257988214
encoder.layers.8.self_attn.v_proj,768,mnist,sun397,8,48,lora,37,0.4922122359275818,0.488377183675766,0.010416666666666666,0.49230390042066574,0.4925864147953689,0.4817955692609151,-9.166449308395386e-05,-0.004209231119602919,0.0,-9.166449308395386e-05
encoder.layers.8.self_attn.v_proj,768,mnist,svhn,8,48,lora,37,0.6524212956428528,0.6508434414863586,0.010416666666666666,0.49933282332494855,0.49996104137972,0.6420046289761862,0.15308847231790423,0.15088240010663867,0.0,0.15308847231790423
encoder.layers.8.self_attn.v_proj,768,resisc45,stanford-cars,8,48,lora,37,0.5175695419311523,0.5187637805938721,0.010416666666666666,0.48354823840782046,0.4838579408824444,0.5071528752644857,0.03402130352333188,0.03490583971142769,0.0,0.03402130352333188
encoder.layers.8.self_attn.v_proj,768,resisc45,sun397,8,48,lora,37,0.5579432845115662,0.5581381320953369,0.010416666666666666,0.47940608439967036,0.4798112246207893,0.5475266178448995,0.0785372001118958,0.07832690747454762,0.0,0.0785372001118958
encoder.layers.8.self_attn.v_proj,768,resisc45,svhn,8,48,lora,37,0.5197760462760925,0.5203433632850647,0.010416666666666666,0.4820260521955788,0.4823861257173121,0.5093593796094259,0.037749994080513716,0.0379572375677526,0.0,0.037749994080513716
encoder.layers.8.self_attn.v_proj,768,stanford-cars,sun397,8,48,lora,37,0.5685685873031616,0.568570077419281,0.010416666666666666,0.500126582570374,0.5002031354233623,0.558151920636495,0.06844200473278761,0.06836694199591875,0.0,0.06844200473278761
encoder.layers.8.self_attn.v_proj,768,stanford-cars,svhn,8,48,lora,37,0.434020072221756,0.4395395815372467,0.010416666666666666,0.48276505107060075,0.48415371030569077,0.4236034055550893,-0.04874497884884477,-0.04461412876844406,0.0,-0.04874497884884477
encoder.layers.8.self_attn.v_proj,768,sun397,svhn,8,48,lora,37,0.5076383352279663,0.5070040822029114,0.010416666666666666,0.4930966612882912,0.49307570746168494,0.4972216685612996,0.014541673939675093,0.013928374741226435,0.0,0.014541673939675093
encoder.layers.9.self_attn.q_proj,768,dtd,eurosat,8,35,lora,34,0.613214373588562,0.6141582131385803,0.010416666666666666,0.4785430682823062,0.47733644722029567,0.6027977069218954,0.13467130530625582,0.13682176591828465,0.0,0.13467130530625582
encoder.layers.9.self_attn.q_proj,768,dtd,gtsrb,8,35,lora,34,0.5849041938781738,0.5841593146324158,0.010416666666666666,0.46808889461681247,0.4674312025308609,0.5744875272115072,0.11681529926136136,0.11672811210155487,0.0,0.11681529926136136
encoder.layers.9.self_attn.q_proj,768,dtd,mnist,8,35,lora,34,0.5554784536361694,0.5559419989585876,0.010416666666666666,0.485174045432359,0.48488874873146415,0.5450617869695028,0.07030440820381045,0.0710532502271235,0.0,0.07030440820381045
encoder.layers.9.self_attn.q_proj,768,dtd,resisc45,8,35,lora,34,0.5191145539283752,0.52316814661026,0.010416666666666666,0.4817773923277855,0.48101107170805335,0.5086978872617086,0.03733716160058975,0.04215707490220666,0.0,0.03733716160058975
encoder.layers.9.self_attn.q_proj,768,dtd,stanford-cars,8,35,lora,34,0.5325467586517334,0.5333158373832703,0.010416666666666666,0.4799187337048352,0.4783720406703651,0.5221300919850668,0.05262802494689822,0.05494379671290517,0.0,0.05262802494689822
encoder.layers.9.self_attn.q_proj,768,dtd,sun397,8,35,lora,34,0.5494216084480286,0.5461946725845337,0.010416666666666666,0.4932217374444008,0.49453098606318235,0.5390049417813619,0.05619987100362778,0.05166368652135134,0.0,0.05619987100362778
encoder.layers.9.self_attn.q_proj,768,dtd,svhn,8,35,lora,34,0.5343529582023621,0.5322456359863281,0.010416666666666666,0.48355951299890876,0.4816334508359432,0.5239362915356954,0.0507934452034533,0.0506121851503849,0.0,0.0507934452034533
encoder.layers.9.self_attn.q_proj,768,eurosat,gtsrb,8,35,lora,34,0.5415529608726501,0.5422669649124146,0.010416666666666666,0.48388472478836775,0.4845165009610355,0.5311362942059835,0.0576682360842824,0.05775046395137906,0.0,0.0576682360842824
encoder.layers.9.self_attn.q_proj,768,eurosat,mnist,8,35,lora,34,0.516037106513977,0.5170575976371765,0.010416666666666666,0.4886769335716963,0.48841708479449153,0.5056204398473104,0.02736017294228077,0.028640512842684984,0.0,0.02736017294228077
encoder.layers.9.self_attn.q_proj,768,eurosat,resisc45,8,35,lora,34,0.6631093621253967,0.6599299907684326,0.010416666666666666,0.49857644364237785,0.49783466290682554,0.6526926954587301,0.16453291848301888,0.16209532786160707,0.0,0.16453291848301888
encoder.layers.9.self_attn.q_proj,768,eurosat,stanford-cars,8,35,lora,34,0.5791107416152954,0.5781001448631287,0.010416666666666666,0.49048428051173687,0.4886764669790864,0.5686940749486288,0.08862646110355854,0.08942367788404226,0.0,0.08862646110355854
encoder.layers.9.self_attn.q_proj,768,eurosat,sun397,8,35,lora,34,0.5886918902397156,0.5827870965003967,0.010416666666666666,0.4998375396244228,0.4971666927449405,0.578275223573049,0.08885435061529279,0.08562040375545621,0.0,0.08885435061529279
encoder.layers.9.self_attn.q_proj,768,eurosat,svhn,8,35,lora,34,0.5196105241775513,0.5175409317016602,0.010416666666666666,0.49511658074334264,0.4941751239821315,0.5091938575108846,0.02449394343420863,0.023365807719528675,0.0,0.02449394343420863
encoder.layers.9.self_attn.q_proj,768,gtsrb,mnist,8,35,lora,34,0.4995231628417969,0.5091412663459778,0.010416666666666666,0.478830105625093,0.47966232523322105,0.4891064961751302,0.020693057216703892,0.02947894111275673,0.0,0.020693057216703892
encoder.layers.9.self_attn.q_proj,768,gtsrb,resisc45,8,35,lora,34,0.5300125479698181,0.5362984538078308,0.010416666666666666,0.476538822054863,0.47716488176956773,0.5195958813031515,0.05347372591495514,0.05913357203826308,0.0,0.05347372591495514
encoder.layers.9.self_attn.q_proj,768,gtsrb,stanford-cars,8,35,lora,34,0.5700118541717529,0.5720224976539612,0.010416666666666666,0.47122682398185134,0.47315467335283756,0.5595951875050863,0.09878503018990159,0.09886782430112362,0.0,0.09878503018990159
encoder.layers.9.self_attn.q_proj,768,gtsrb,sun397,8,35,lora,34,0.5727571845054626,0.5779285430908203,0.010416666666666666,0.4871559692546725,0.4897366273216903,0.562340517838796,0.08560121525079012,0.08819191576912999,0.0,0.08560121525079012
encoder.layers.9.self_attn.q_proj,768,gtsrb,svhn,8,35,lora,34,0.5979804396629333,0.5992194414138794,0.010416666666666666,0.4841442150063813,0.48387756757438183,0.5875637729962667,0.11383622465655208,0.11534187383949757,0.0,0.11383622465655208
encoder.layers.9.self_attn.q_proj,768,mnist,resisc45,8,35,lora,34,0.4895860254764557,0.4942193627357483,0.010416666666666666,0.4822949464432895,0.48283154191449285,0.479169358809789,0.00729107903316617,0.011387820821255445,0.0,0.00729107903316617
encoder.layers.9.self_attn.q_proj,768,mnist,stanford-cars,8,35,lora,34,0.5140380859375,0.5144093632698059,0.010416666666666666,0.49358349246904254,0.4933819519355893,0.5036214192708334,0.02045459346845746,0.021027411334216595,0.0,0.02045459346845746
encoder.layers.9.self_attn.q_proj,768,mnist,sun397,8,35,lora,34,0.4978090524673462,0.491385281085968,0.010416666666666666,0.49439245322719216,0.4938313737511635,0.4873923858006795,0.003416599240154028,-0.002446092665195465,0.0,0.003416599240154028
encoder.layers.9.self_attn.q_proj,768,mnist,svhn,8,35,lora,34,0.601442813873291,0.6075212359428406,0.010416666666666666,0.49474109476432204,0.4940075050108135,0.5910261472066244,0.10670171910896897,0.1135137309320271,0.0,0.10670171910896897
encoder.layers.9.self_attn.q_proj,768,resisc45,stanford-cars,8,35,lora,34,0.5497721433639526,0.5493095517158508,0.010416666666666666,0.48931693378835917,0.48785262927412987,0.539355476697286,0.06045520957559347,0.06145692244172096,0.0,0.06045520957559347
encoder.layers.9.self_attn.q_proj,768,resisc45,sun397,8,35,lora,34,0.5324802994728088,0.5374991297721863,0.010416666666666666,0.49632490146905184,0.49630384147167206,0.5220636328061422,0.036155398003757,0.04119528830051422,0.0,0.036155398003757
encoder.layers.9.self_attn.q_proj,768,resisc45,svhn,8,35,lora,34,0.5314762592315674,0.5287702679634094,0.010416666666666666,0.49420242523774505,0.49448366928845644,0.5210595925649008,0.037273833993822336,0.034286598674952984,0.0,0.037273833993822336
encoder.layers.9.self_attn.q_proj,768,stanford-cars,sun397,8,35,lora,34,0.5988817811012268,0.5866986513137817,0.010416666666666666,0.5049476260319352,0.5067502749152482,0.5884651144345602,0.09393415506929159,0.07994837639853358,0.0,0.09393415506929159
encoder.layers.9.self_attn.q_proj,768,stanford-cars,svhn,8,35,lora,34,0.5310556888580322,0.5303363800048828,0.010416666666666666,0.4929579636082053,0.49235488334670663,0.5206390221913656,0.03809772524982691,0.037981496658176184,0.0,0.03809772524982691
encoder.layers.9.self_attn.q_proj,768,sun397,svhn,8,35,lora,34,0.4677966237068176,0.46816545724868774,0.010416666666666666,0.4981700382195413,0.4979806407354772,0.45737995704015094,-0.030373414512723684,-0.029815183486789465,0.0,-0.030373414512723684
encoder.layers.9.self_attn.v_proj,768,dtd,eurosat,8,35,lora,34,0.6150628328323364,0.6064652800559998,0.010416666666666666,0.4713112046010792,0.4713510209694505,0.6046461661656698,0.1437516282312572,0.13511425908654928,0.0,0.1437516282312572
encoder.layers.9.self_attn.v_proj,768,dtd,gtsrb,8,35,lora,34,0.58461594581604,0.5945624113082886,0.010416666666666666,0.4598843748681247,0.4644410368055105,0.5741992791493734,0.12473157094791532,0.13012137450277805,0.0,0.12473157094791532
encoder.layers.9.self_attn.v_proj,768,dtd,mnist,8,35,lora,34,0.5936671495437622,0.5942863821983337,0.010416666666666666,0.466122685931623,0.46661745104938745,0.5832504828770956,0.12754446361213923,0.12766893114894629,0.0,0.12754446361213923
encoder.layers.9.self_attn.v_proj,768,dtd,resisc45,8,35,lora,34,0.5688368678092957,0.5644935965538025,0.010416666666666666,0.4680841965600848,0.4663595980964601,0.558420201142629,0.10075267124921083,0.09813399845734239,0.0,0.10075267124921083
encoder.layers.9.self_attn.v_proj,768,dtd,stanford-cars,8,35,lora,34,0.5350587964057922,0.5419471263885498,0.010416666666666666,0.46343899238854647,0.46253008022904396,0.5246421297391256,0.07161980401724577,0.07941704615950584,0.0,0.07161980401724577
encoder.layers.9.self_attn.v_proj,768,dtd,sun397,8,35,lora,34,0.6332825422286987,0.6304341554641724,0.010416666666666666,0.4666624222882092,0.4675705125555396,0.6228658755620321,0.16662011994048953,0.16286364290863276,0.0,0.16662011994048953
encoder.layers.9.self_attn.v_proj,768,dtd,svhn,8,35,lora,34,0.6309655904769897,0.6277478933334351,0.010416666666666666,0.46069138729944825,0.46095684776082635,0.6205489238103231,0.1702742031775415,0.1667910455726087,0.0,0.1702742031775415
encoder.layers.9.self_attn.v_proj,768,eurosat,gtsrb,8,35,lora,34,0.5914896726608276,0.595636785030365,0.010416666666666666,0.48372169444337487,0.48741912422701716,0.581073005994161,0.10776797821745276,0.10821766080334783,0.0,0.10776797821745276
encoder.layers.9.self_attn.v_proj,768,eurosat,mnist,8,35,lora,34,0.6186392903327942,0.6153440475463867,0.010416666666666666,0.47706190263852477,0.4767814907245338,0.6082226236661276,0.14157738769426942,0.13856255682185292,0.0,0.14157738769426942
encoder.layers.9.self_attn.v_proj,768,eurosat,resisc45,8,35,lora,34,0.7276788949966431,0.7200935482978821,0.010416666666666666,0.47771701496094465,0.4771066876128316,0.7172622283299764,0.2499618800356984,0.2429868606850505,0.0,0.2499618800356984
encoder.layers.9.self_attn.v_proj,768,eurosat,stanford-cars,8,35,lora,34,0.5679060220718384,0.5628796219825745,0.010416666666666666,0.485315109603107,0.4842463359236717,0.5574893554051717,0.0825909124687314,0.07863328605890274,0.0,0.0825909124687314
encoder.layers.9.self_attn.v_proj,768,eurosat,sun397,8,35,lora,34,0.5689601302146912,0.5688514113426208,0.010416666666666666,0.48640064848586917,0.48600120935589075,0.5585434635480245,0.08255948172882199,0.0828502019867301,0.0,0.08255948172882199
encoder.layers.9.self_attn.v_proj,768,eurosat,svhn,8,35,lora,34,0.5297389626502991,0.5282989144325256,0.010416666666666666,0.4780903263017535,0.4785985494963825,0.5193222959836324,0.05164863634854555,0.04970036493614316,0.0,0.05164863634854555
encoder.layers.9.self_attn.v_proj,768,gtsrb,mnist,8,35,lora,34,0.6139793992042542,0.6229805946350098,0.010416666666666666,0.4778828867711127,0.4795373920351267,0.6035627325375875,0.13609651243314147,0.14344320259988308,0.0,0.13609651243314147
encoder.layers.9.self_attn.v_proj,768,gtsrb,resisc45,8,35,lora,34,0.5932645201683044,0.6011755466461182,0.010416666666666666,0.4697929183021188,0.47324733808636665,0.5828478535016378,0.12347160186618567,0.1279282085597515,0.0,0.12347160186618567
encoder.layers.9.self_attn.v_proj,768,gtsrb,stanford-cars,8,35,lora,34,0.46798184514045715,0.4771970510482788,0.010416666666666666,0.48859029449522495,0.49122714437544346,0.45756517847379047,-0.0206084493547678,-0.01403009332716465,0.0,-0.0206084493547678
encoder.layers.9.self_attn.v_proj,768,gtsrb,sun397,8,35,lora,34,0.5689657330513,0.582135796546936,0.010416666666666666,0.46703019831329584,0.47130947932600975,0.5585490663846334,0.10193553473800421,0.11082631722092628,0.0,0.10193553473800421
encoder.layers.9.self_attn.v_proj,768,gtsrb,svhn,8,35,lora,34,0.6421234011650085,0.647567629814148,0.010416666666666666,0.4745118604041636,0.4771611103788018,0.6317067344983419,0.16761154076084495,0.17040651943534613,0.0,0.16761154076084495
encoder.layers.9.self_attn.v_proj,768,mnist,resisc45,8,35,lora,34,0.6175850629806519,0.6132423877716064,0.010416666666666666,0.4773129024542868,0.47703829500824213,0.6071683963139852,0.14027216052636504,0.13620409276336432,0.0,0.14027216052636504
encoder.layers.9.self_attn.v_proj,768,mnist,stanford-cars,8,35,lora,34,0.5498303771018982,0.5421826243400574,0.010416666666666666,0.4773225267417729,0.47776587307453156,0.5394137104352316,0.0725078503601253,0.06441675126552582,0.0,0.0725078503601253
encoder.layers.9.self_attn.v_proj,768,mnist,sun397,8,35,lora,34,0.590874969959259,0.5922894477844238,0.010416666666666666,0.48769771261140704,0.4883033405058086,0.5804583032925924,0.10317725734785199,0.10398610727861524,0.0,0.10317725734785199
encoder.layers.9.self_attn.v_proj,768,mnist,svhn,8,35,lora,34,0.7506327033042908,0.7542513608932495,0.010416666666666666,0.4939361698925495,0.4950504396110773,0.7402160366376241,0.25669653341174126,0.2592009212821722,0.0,0.25669653341174126
encoder.layers.9.self_attn.v_proj,768,resisc45,stanford-cars,8,35,lora,34,0.4804457128047943,0.4744108319282532,0.010416666666666666,0.47776699159294367,0.474643109831959,0.4700290461381276,0.002678721211850643,-0.00023227790370583534,0.0,0.002678721211850643
encoder.layers.9.self_attn.v_proj,768,resisc45,sun397,8,35,lora,34,0.5705046653747559,0.5680526494979858,0.010416666666666666,0.4916960150003433,0.4903132296167314,0.5600879987080892,0.07880865037441254,0.07773941988125443,0.0,0.07880865037441254
encoder.layers.9.self_attn.v_proj,768,resisc45,svhn,8,35,lora,34,0.5554976463317871,0.5564366579055786,0.010416666666666666,0.4869490498676896,0.48718020180240273,0.5450809796651205,0.0685485964640975,0.06925645610317588,0.0,0.0685485964640975
encoder.layers.9.self_attn.v_proj,768,stanford-cars,sun397,8,35,lora,34,0.6020470857620239,0.603094220161438,0.010416666666666666,0.4836286175996065,0.4839268992654979,0.5916304190953573,0.11841846816241741,0.11916732089594007,0.0,0.11841846816241741
encoder.layers.9.self_attn.v_proj,768,stanford-cars,svhn,8,35,lora,34,0.5440462231636047,0.5468063354492188,0.010416666666666666,0.48124649142846465,0.48193534091115,0.5336295564969381,0.06279973173514009,0.06487099453806877,0.0,0.06279973173514009
encoder.layers.9.self_attn.v_proj,768,sun397,svhn,8,35,lora,34,0.5972795486450195,0.5965676307678223,0.010416666666666666,0.48848270904272795,0.48902940144762397,0.5868628819783529,0.10879683960229158,0.1075382293201983,0.0,0.10879683960229158
