module,d_in,a,b,k,m,null_kind,n_blocks,raw,cond,null_iso,null_act_raw,null_act_cond,excess_over_iso,excess_raw,excess_cond,h0_excess,excess_raw_corrected
encoder.layers.0.self_attn.q_proj,768,dtd,eurosat,8,18,coupling,24,0.24822184443473816,0.3350542187690735,0.010416666666666666,0.02661849946404497,0.07874813458571832,0.2378051777680715,0.2216033449706932,0.25630608418335515,-0.005011044442653656,0.22661438941334686
encoder.layers.0.self_attn.q_proj,768,dtd,gtsrb,8,18,coupling,24,0.23924916982650757,0.3518425524234772,0.010416666666666666,0.02885389296958844,0.10421509544054668,0.2288325031598409,0.21039527685691914,0.24762745698293048,-0.005011044442653656,0.2154063212995728
encoder.layers.0.self_attn.q_proj,768,dtd,mnist,8,18,coupling,24,0.23803158104419708,0.2798735499382019,0.010416666666666666,0.027408559030542772,0.07470861946543057,0.22761491437753043,0.21062302201365432,0.20516493047277135,-0.005011044442653656,0.21563406645630798
encoder.layers.0.self_attn.q_proj,768,dtd,resisc45,8,18,coupling,24,0.24023084342479706,0.24802620708942413,0.010416666666666666,0.018035786769663293,0.044702839106321335,0.2298141767581304,0.22219505665513375,0.2033233679831028,-0.005011044442653656,0.2272061010977874
encoder.layers.0.self_attn.q_proj,768,dtd,stanford-cars,8,18,coupling,24,0.23744088411331177,0.2617585062980652,0.010416666666666666,0.018073158416276176,0.04970079536239306,0.2270242174466451,0.21936772569703558,0.21205771093567213,-0.005011044442653656,0.22437877013968924
encoder.layers.0.self_attn.q_proj,768,dtd,sun397,8,18,coupling,24,0.23096127808094025,0.2492324262857437,0.010416666666666666,0.016666066289568942,0.0475113553305467,0.2205446114142736,0.21429521179137132,0.201721070955197,-0.005011044442653656,0.21930625623402497
encoder.layers.0.self_attn.q_proj,768,dtd,svhn,8,18,coupling,24,0.2414798140525818,0.32974666357040405,0.010416666666666666,0.028190434910357,0.10802709062894185,0.23106314738591513,0.2132893791422248,0.22171957294146222,-0.005011044442653656,0.21830042358487844
encoder.layers.0.self_attn.q_proj,768,eurosat,gtsrb,8,18,coupling,24,0.2612376809120178,0.3945292830467224,0.010416666666666666,0.05843387730419636,0.1459418727705876,0.25082101424535114,0.20280380360782146,0.24858741027613482,-0.005011044442653656,0.20781484805047512
encoder.layers.0.self_attn.q_proj,768,eurosat,mnist,8,18,coupling,24,0.24132850766181946,0.2688228189945221,0.010416666666666666,0.03922083415091038,0.08395540217558543,0.2309118409951528,0.20210767351090908,0.18486741681893665,-0.005011044442653656,0.20711871795356274
encoder.layers.0.self_attn.q_proj,768,eurosat,resisc45,8,18,coupling,24,0.1844615787267685,0.20588886737823486,0.010416666666666666,0.02198098289469878,0.05615409774084886,0.17404491206010184,0.16248059583206972,0.149734769637386,-0.005011044442653656,0.16749164027472338
encoder.layers.0.self_attn.q_proj,768,eurosat,stanford-cars,8,18,coupling,24,0.2387256622314453,0.2668042778968811,0.010416666666666666,0.02366756306340297,0.06909965816885233,0.22830899556477866,0.21505809916804233,0.19770461972802877,-0.005011044442653656,0.220069143610696
encoder.layers.0.self_attn.q_proj,768,eurosat,sun397,8,18,coupling,24,0.2182234525680542,0.23366427421569824,0.010416666666666666,0.020033601904287934,0.053707282058894634,0.20780678590138754,0.19818985066376626,0.1799569921568036,-0.005011044442653656,0.20320089510641992
encoder.layers.0.self_attn.q_proj,768,eurosat,svhn,8,18,coupling,24,0.312729150056839,0.4067718982696533,0.010416666666666666,0.04867438257982334,0.130638487637043,0.3023124833901723,0.2640547674770157,0.2761334106326103,-0.005011044442653656,0.26906581191966933
encoder.layers.0.self_attn.q_proj,768,gtsrb,mnist,8,18,coupling,24,0.22986319661140442,0.2760929465293884,0.010416666666666666,0.04148084608217081,0.10303380837043126,0.21944652994473776,0.1883823505292336,0.17305913815895718,-0.005011044442653656,0.19339339497188726
encoder.layers.0.self_attn.q_proj,768,gtsrb,resisc45,8,18,coupling,24,0.2231534868478775,0.2512798011302948,0.010416666666666666,0.022275980096310377,0.06288865022361279,0.21273682018121085,0.20087750675156713,0.18839115090668201,-0.005011044442653656,0.20588855119422078
encoder.layers.0.self_attn.q_proj,768,gtsrb,stanford-cars,8,18,coupling,24,0.23999975621700287,0.29092371463775635,0.010416666666666666,0.02188615035265684,0.0724917184561491,0.2295830895503362,0.21811360586434603,0.21843199618160725,-0.005011044442653656,0.22312465030699968
encoder.layers.0.self_attn.q_proj,768,gtsrb,sun397,8,18,coupling,24,0.20753690600395203,0.25329917669296265,0.010416666666666666,0.019190985864649217,0.06353699695318937,0.19712023933728537,0.18834592013930282,0.18976217973977327,-0.005011044442653656,0.19335696458195648
encoder.layers.0.self_attn.q_proj,768,gtsrb,svhn,8,18,coupling,24,0.33287113904953003,0.4501476585865021,0.010416666666666666,0.0560519319648544,0.16070076947410902,0.32245447238286334,0.2768192070846756,0.289446889112393,-0.005011044442653656,0.28183025152732927
encoder.layers.0.self_attn.q_proj,768,mnist,resisc45,8,18,coupling,24,0.18386027216911316,0.20385727286338806,0.010416666666666666,0.017903654758508008,0.04270205864061912,0.1734436055024465,0.16595661741060516,0.16115521422276893,-0.005011044442653656,0.17096766185325882
encoder.layers.0.self_attn.q_proj,768,mnist,stanford-cars,8,18,coupling,24,0.24472761154174805,0.28316229581832886,0.010416666666666666,0.024944044494380552,0.0608474425971508,0.2343109448750814,0.21978356704736748,0.22231485322117805,-0.005011044442653656,0.22479461149002114
encoder.layers.0.self_attn.q_proj,768,mnist,sun397,8,18,coupling,24,0.21063700318336487,0.2480749636888504,0.010416666666666666,0.018377671328683693,0.050623206266512476,0.2002203365166982,0.19225933185468116,0.19745175742233792,-0.005011044442653656,0.19727037629733482
encoder.layers.0.self_attn.q_proj,768,mnist,svhn,8,18,coupling,24,0.3327917754650116,0.3740537166595459,0.010416666666666666,0.05149457883089781,0.11072274545828502,0.3223751087983449,0.2812971966341138,0.26333097120126087,-0.005011044442653656,0.28630824107676744
encoder.layers.0.self_attn.q_proj,768,resisc45,stanford-cars,8,18,coupling,24,0.20837190747261047,0.22229823470115662,0.010416666666666666,0.017169921891763806,0.03169530676677823,0.19795524080594382,0.19120198558084667,0.19060292793437839,-0.005011044442653656,0.19621303002350032
encoder.layers.0.self_attn.q_proj,768,resisc45,sun397,8,18,coupling,24,0.19632591307163239,0.19562308490276337,0.010416666666666666,0.01681177814801534,0.0317005569425722,0.18590924640496573,0.17951413492361704,0.16392252796019116,-0.005011044442653656,0.1845251793662707
encoder.layers.0.self_attn.q_proj,768,resisc45,svhn,8,18,coupling,24,0.21212002635002136,0.23518720269203186,0.010416666666666666,0.018369401339441538,0.05614963918924332,0.2017033596833547,0.19375062501057982,0.17903756350278854,-0.005011044442653656,0.19876166945323348
encoder.layers.0.self_attn.q_proj,768,stanford-cars,sun397,8,18,coupling,24,0.239328071475029,0.2506445646286011,0.010416666666666666,0.017360299515227478,0.04193084749082724,0.22891140480836233,0.22196777195980152,0.20871371713777384,-0.005011044442653656,0.22697881640245518
encoder.layers.0.self_attn.q_proj,768,stanford-cars,svhn,8,18,coupling,24,0.2178855538368225,0.26627427339553833,0.010416666666666666,0.022453026458000142,0.07793037872761488,0.20746888717015585,0.19543252737882236,0.18834389466792345,-0.005011044442653656,0.200443571821476
encoder.layers.0.self_attn.q_proj,768,sun397,svhn,8,18,coupling,24,0.19960986077785492,0.24696044623851776,0.010416666666666666,0.01621206911901633,0.06567099659393232,0.18919319411118826,0.1833977916588386,0.18128944964458543,-0.005011044442653656,0.18840883610149226
encoder.layers.0.self_attn.v_proj,768,dtd,eurosat,8,18,coupling,24,0.3813472092151642,0.46112728118896484,0.010416666666666666,0.018890682142227888,0.09179538084814946,0.3709305425484975,0.3624565270729363,0.36933190034081537,0.0003293231129646301,0.36212720395997167
encoder.layers.0.self_attn.v_proj,768,dtd,gtsrb,8,18,coupling,24,0.2773652672767639,0.36636146903038025,0.010416666666666666,0.013385262029866377,0.08865202032029629,0.26694860061009723,0.2639800052468975,0.27770944871008396,0.0003293231129646301,0.2636506821339329
encoder.layers.0.self_attn.v_proj,768,dtd,mnist,8,18,coupling,24,0.2572776973247528,0.27907541394233704,0.010416666666666666,0.02704630116932094,0.08491673382620017,0.24686103065808615,0.23023139615543187,0.19415868011613685,0.0003293231129646301,0.22990207304246724
encoder.layers.0.self_attn.v_proj,768,dtd,resisc45,8,18,coupling,24,0.3339272141456604,0.41038426756858826,0.010416666666666666,0.01964227723268171,0.06330223940312862,0.3235105474789937,0.3142849369129787,0.34708202816545963,0.0003293231129646301,0.3139556138000141
encoder.layers.0.self_attn.v_proj,768,dtd,stanford-cars,8,18,coupling,24,0.36674317717552185,0.4056890308856964,0.010416666666666666,0.01629592237683634,0.0918063757320245,0.35632651050885517,0.3504472547986855,0.3138826551536719,0.0003293231129646301,0.35011793168572086
encoder.layers.0.self_attn.v_proj,768,dtd,sun397,8,18,coupling,24,0.39968448877334595,0.45335569977760315,0.010416666666666666,0.014596511765072743,0.05697687063366175,0.38926782210667926,0.3850879770082732,0.3963788291439414,0.0003293231129646301,0.38475865389530856
encoder.layers.0.self_attn.v_proj,768,dtd,svhn,8,18,coupling,24,0.368253618478775,0.392524778842926,0.010416666666666666,0.027899871114641428,0.08369812959184249,0.35783695181210834,0.3403537473641336,0.30882664925108355,0.0003293231129646301,0.34002442425116897
encoder.layers.0.self_attn.v_proj,768,eurosat,gtsrb,8,18,coupling,24,0.23597204685211182,0.3218652606010437,0.010416666666666666,0.013689885226388773,0.07985691695163648,0.22555538018544516,0.22228216162572303,0.2420083436494072,0.0003293231129646301,0.2219528385127584
encoder.layers.0.self_attn.v_proj,768,eurosat,mnist,8,18,coupling,24,0.28452572226524353,0.3303713798522949,0.010416666666666666,0.024778311451276142,0.07875018039097388,0.27410905559857685,0.2597474108139674,0.25162119946132105,0.0003293231129646301,0.2594180877010028
encoder.layers.0.self_attn.v_proj,768,eurosat,resisc45,8,18,coupling,24,0.31705138087272644,0.3717649579048157,0.010416666666666666,0.017878470088665683,0.05275863595306873,0.30663471420605976,0.2991729107840608,0.31900632195174694,0.0003293231129646301,0.29884358767109614
encoder.layers.0.self_attn.v_proj,768,eurosat,stanford-cars,8,18,coupling,24,0.32138949632644653,0.3803459405899048,0.010416666666666666,0.01700873509980738,0.09726538819571336,0.31097282965977985,0.30438076122663915,0.28308055239419144,0.0003293231129646301,0.3040514381136745
encoder.layers.0.self_attn.v_proj,768,eurosat,sun397,8,18,coupling,24,0.32288235425949097,0.35522186756134033,0.010416666666666666,0.013648270862177014,0.05481276738767823,0.3124656875928243,0.30923408339731395,0.3004091001736621,0.0003293231129646301,0.3089047602843493
encoder.layers.0.self_attn.v_proj,768,eurosat,svhn,8,18,coupling,24,0.3593001067638397,0.3962744176387787,0.010416666666666666,0.017497440489629906,0.06337845977395773,0.34888344009717304,0.3418026662742098,0.33289595786482096,0.0003293231129646301,0.34147334316124517
encoder.layers.0.self_attn.v_proj,768,gtsrb,mnist,8,18,coupling,24,0.2390679568052292,0.3456761837005615,0.010416666666666666,0.015172921198730668,0.08924394597609837,0.22865129013856253,0.2238950356064985,0.25643223772446316,0.0003293231129646301,0.22356571249353388
encoder.layers.0.self_attn.v_proj,768,gtsrb,resisc45,8,18,coupling,24,0.270995557308197,0.3502262234687805,0.010416666666666666,0.013487904332578182,0.06791689557333787,0.26057889064153034,0.25750765297561884,0.28230932789544266,0.0003293231129646301,0.2571783298626542
encoder.layers.0.self_attn.v_proj,768,gtsrb,stanford-cars,8,18,coupling,24,0.2855280041694641,0.3335896134376526,0.010416666666666666,0.013313707895576954,0.07083587100108464,0.2751113375027974,0.27221429627388716,0.26275374243656796,0.0003293231129646301,0.2718849731609225
encoder.layers.0.self_attn.v_proj,768,gtsrb,sun397,8,18,coupling,24,0.2670055627822876,0.3060787618160248,0.010416666666666666,0.012338879130159816,0.039257390114168324,0.2565888961156209,0.2546666836521278,0.26682137170185644,0.0003293231129646301,0.25433736053916317
encoder.layers.0.self_attn.v_proj,768,gtsrb,svhn,8,18,coupling,24,0.26730361580848694,0.3470134139060974,0.010416666666666666,0.013199313931788007,0.08813012515505154,0.25688694914182025,0.2541043018766989,0.2588832887510459,0.0003293231129646301,0.2537749787637343
encoder.layers.0.self_attn.v_proj,768,mnist,resisc45,8,18,coupling,24,0.26947829127311707,0.3026391863822937,0.010416666666666666,0.023193886193136375,0.06133266972998778,0.2590616246064504,0.2462844050799807,0.24130651665230593,0.0003293231129646301,0.24595508196701607
encoder.layers.0.self_attn.v_proj,768,mnist,stanford-cars,8,18,coupling,24,0.2688695192337036,0.3401157259941101,0.010416666666666666,0.015258268918842077,0.07826305460184813,0.25845285256703693,0.25361125031486154,0.261852671392262,0.0003293231129646301,0.2532819272018969
encoder.layers.0.self_attn.v_proj,768,mnist,sun397,8,18,coupling,24,0.2599047124385834,0.2719396650791168,0.010416666666666666,0.013997505341346065,0.04425297553340594,0.24948804577191672,0.24590720709723732,0.2276866895457109,0.0003293231129646301,0.2455778839842727
encoder.layers.0.self_attn.v_proj,768,mnist,svhn,8,18,coupling,24,0.2999098300933838,0.34025299549102783,0.010416666666666666,0.032902369586129986,0.09285412852962811,0.2894931634267171,0.2670074605072538,0.24739886696139973,0.0003293231129646301,0.2666781373942892
encoder.layers.0.self_attn.v_proj,768,resisc45,stanford-cars,8,18,coupling,24,0.30839434266090393,0.3213527798652649,0.010416666666666666,0.01385350509857138,0.05124847932408253,0.29797767599423725,0.29454083756233257,0.27010430054118234,0.0003293231129646301,0.29421151444936794
encoder.layers.0.self_attn.v_proj,768,resisc45,sun397,8,18,coupling,24,0.3179854452610016,0.3666553199291229,0.010416666666666666,0.012705330892155567,0.03009681139762203,0.3075687785943349,0.305280114368846,0.3365585085315009,0.0003293231129646301,0.30495079125588137
encoder.layers.0.self_attn.v_proj,768,resisc45,svhn,8,18,coupling,24,0.2904491424560547,0.34595349431037903,0.010416666666666666,0.02130285060654084,0.06106948076436917,0.280032475789388,0.26914629184951383,0.28488401354600984,0.0003293231129646301,0.2688169687365492
encoder.layers.0.self_attn.v_proj,768,stanford-cars,sun397,8,18,coupling,24,0.400165855884552,0.44067585468292236,0.010416666666666666,0.01325703893477718,0.06178019971897205,0.3897491892178853,0.3869088169497748,0.37889565496395033,0.0003293231129646301,0.3865794938368102
encoder.layers.0.self_attn.v_proj,768,stanford-cars,svhn,8,18,coupling,24,0.27050700783729553,0.2925153374671936,0.010416666666666666,0.013831765546152988,0.05134674875686566,0.26009034117062885,0.2566752422911425,0.24116858871032795,0.0003293231129646301,0.2563459191781779
encoder.layers.0.self_attn.v_proj,768,sun397,svhn,8,18,coupling,24,0.3120831251144409,0.29361823201179504,0.010416666666666666,0.01392731947513918,0.03945451338465015,0.30166645844777423,0.2981558056393017,0.2541637186271449,0.0003293231129646301,0.2978264825263371
encoder.layers.1.self_attn.q_proj,768,dtd,eurosat,8,26,coupling,29,0.06528955698013306,0.10915437340736389,0.010416666666666666,0.027805777577062447,0.09324234537780285,0.05487289031346639,0.03748377940307061,0.015912028029561043,-0.00921466201543808,0.04669844141850869
encoder.layers.1.self_attn.q_proj,768,dtd,gtsrb,8,26,coupling,29,0.052585139870643616,0.10237444192171097,0.010416666666666666,0.028032763705899317,0.10024736759563287,0.04216847320397695,0.0245523761647443,0.0021270743260781017,-0.00921466201543808,0.03376703818018238
encoder.layers.1.self_attn.q_proj,768,dtd,mnist,8,26,coupling,29,0.050052206963300705,0.10972006618976593,0.010416666666666666,0.0224585037988921,0.07850521927078564,0.03963554029663404,0.027593703164408605,0.031214846918980285,-0.00921466201543808,0.03680836517984669
encoder.layers.1.self_attn.q_proj,768,dtd,resisc45,8,26,coupling,29,0.07175453752279282,0.12534388899803162,0.010416666666666666,0.020662049297243357,0.0776359864200155,0.06133787085612615,0.05109248822554946,0.04770790257801612,-0.00921466201543808,0.06030715024098754
encoder.layers.1.self_attn.q_proj,768,dtd,stanford-cars,8,26,coupling,29,0.060912493616342545,0.11308203637599945,0.010416666666666666,0.020934110740199685,0.07268456680079301,0.05049582694967588,0.03997838287614286,0.04039746957520644,-0.00921466201543808,0.04919304489158094
encoder.layers.1.self_attn.q_proj,768,dtd,sun397,8,26,coupling,29,0.07995207607746124,0.14045965671539307,0.010416666666666666,0.020894053081671398,0.08853889877597491,0.06953540941079457,0.05905802299578984,0.05192075793941815,-0.00921466201543808,0.06827268501122792
encoder.layers.1.self_attn.q_proj,768,dtd,svhn,8,26,coupling,29,0.04637062922120094,0.1007266417145729,0.010416666666666666,0.026170382897059124,0.08087682475646336,0.03595396255453428,0.02020024632414182,0.019849816958109542,-0.00921466201543808,0.0294149083395799
encoder.layers.1.self_attn.q_proj,768,eurosat,gtsrb,8,26,coupling,29,0.11757849901914597,0.19246572256088257,0.010416666666666666,0.035374488681554794,0.14294438809156418,0.1071618323524793,0.08220401033759117,0.04952133446931839,-0.00921466201543808,0.09141867235302925
encoder.layers.1.self_attn.q_proj,768,eurosat,mnist,8,26,coupling,29,0.06801481544971466,0.1279892474412918,0.010416666666666666,0.02852300942565004,0.09087103170653184,0.057598148783047996,0.039491806024064616,0.03711821573475997,-0.00921466201543808,0.048706468039502696
encoder.layers.1.self_attn.q_proj,768,eurosat,resisc45,8,26,coupling,29,0.055161066353321075,0.08409425616264343,0.010416666666666666,0.022535535506904125,0.08007034038503964,0.04474439968665441,0.03262553084641695,0.00402391577760379,-0.00921466201543808,0.04184019286185503
encoder.layers.1.self_attn.q_proj,768,eurosat,stanford-cars,8,26,coupling,29,0.043304163962602615,0.0965687558054924,0.010416666666666666,0.026233132928609848,0.08072212090094884,0.03288749729593595,0.017071031033992767,0.015846634904543563,-0.00921466201543808,0.026285693049430847
encoder.layers.1.self_attn.q_proj,768,eurosat,sun397,8,26,coupling,29,0.06178416311740875,0.10570840537548065,0.010416666666666666,0.021486139080176752,0.09054842467109363,0.05136749645074209,0.040298024037232,0.015159980704387024,-0.00921466201543808,0.04951268605267008
encoder.layers.1.self_attn.q_proj,768,eurosat,svhn,8,26,coupling,29,0.12286197394132614,0.18022985756397247,0.010416666666666666,0.031288133623699345,0.11855664538840453,0.11244530727465947,0.0915738403176268,0.06167321217556794,-0.00921466201543808,0.10078850233306488
encoder.layers.1.self_attn.q_proj,768,gtsrb,mnist,8,26,coupling,29,0.16720762848854065,0.21426624059677124,0.010416666666666666,0.03482127143070102,0.10704652840892474,0.156790961821874,0.13238635705783963,0.1072197121878465,-0.00921466201543808,0.1416010190732777
encoder.layers.1.self_attn.q_proj,768,gtsrb,resisc45,8,26,coupling,29,0.05240520462393761,0.10887178778648376,0.010416666666666666,0.0225691858989497,0.08589583449065685,0.04198853795727094,0.029836018724987905,0.022975953295826912,-0.00921466201543808,0.03905068074042599
encoder.layers.1.self_attn.q_proj,768,gtsrb,stanford-cars,8,26,coupling,29,0.05306054279208183,0.11787409335374832,0.010416666666666666,0.027901072055101395,0.10713537906606992,0.04264387612541517,0.025159470736980438,0.010738714287678405,-0.00921466201543808,0.03437413275241852
encoder.layers.1.self_attn.q_proj,768,gtsrb,sun397,8,26,coupling,29,0.0682428777217865,0.1373709738254547,0.010416666666666666,0.02557375996063153,0.11364566410581271,0.057826211055119835,0.042669117761154965,0.023725309719642,-0.00921466201543808,0.051883779776593045
encoder.layers.1.self_attn.q_proj,768,gtsrb,svhn,8,26,coupling,29,0.18327634036540985,0.23364120721817017,0.010416666666666666,0.04375738433251778,0.13109936813513437,0.1728596736987432,0.13951895603289208,0.1025418390830358,-0.00921466201543808,0.14873361804833016
encoder.layers.1.self_attn.q_proj,768,mnist,resisc45,8,26,coupling,29,0.05172130838036537,0.09481401741504669,0.010416666666666666,0.019096460736667115,0.07220586203038692,0.04130464171369871,0.03262484764369826,0.022608155384659767,-0.00921466201543808,0.04183950965913634
encoder.layers.1.self_attn.q_proj,768,mnist,stanford-cars,8,26,coupling,29,0.06485246866941452,0.12079067528247833,0.010416666666666666,0.027528398515035708,0.09140556181470554,0.054435802002747856,0.037324070154378816,0.029385113467772797,-0.00921466201543808,0.046538732169816896
encoder.layers.1.self_attn.q_proj,768,mnist,sun397,8,26,coupling,29,0.05764473229646683,0.11928042769432068,0.010416666666666666,0.021691756478200357,0.0892636018494765,0.04722806562980016,0.03595297581826647,0.030016825844844178,-0.00921466201543808,0.045167637833704546
encoder.layers.1.self_attn.q_proj,768,mnist,svhn,8,26,coupling,29,0.11730311065912247,0.18432192504405975,0.010416666666666666,0.04525957815349102,0.1171239943554004,0.1068864439924558,0.07204353250563145,0.06719793068865935,-0.00921466201543808,0.08125819452106953
encoder.layers.1.self_attn.q_proj,768,resisc45,stanford-cars,8,26,coupling,29,0.07325858622789383,0.12673866748809814,0.010416666666666666,0.019669360636423033,0.06983516396333773,0.06284191956122716,0.05358922559147079,0.05690350352476041,-0.00921466201543808,0.06280388760690887
encoder.layers.1.self_attn.q_proj,768,resisc45,sun397,8,26,coupling,29,0.06116224452853203,0.12716692686080933,0.010416666666666666,0.02071065005535881,0.08049587967495124,0.050745577861865364,0.040451594473173216,0.046671047185858086,-0.00921466201543808,0.049666256488611296
encoder.layers.1.self_attn.q_proj,768,resisc45,svhn,8,26,coupling,29,0.04645486921072006,0.08319291472434998,0.010416666666666666,0.02291300908351938,0.06795434405406316,0.0360382025440534,0.023541860127200682,0.015238570670286819,-0.00921466201543808,0.03275652214263876
encoder.layers.1.self_attn.q_proj,768,stanford-cars,sun397,8,26,coupling,29,0.085650235414505,0.15605154633522034,0.010416666666666666,0.020216475008055568,0.08639484457671642,0.07523356874783833,0.06543376040644944,0.06965670175850391,-0.00921466201543808,0.07464842242188752
encoder.layers.1.self_attn.q_proj,768,stanford-cars,svhn,8,26,coupling,29,0.047874704003334045,0.09007246792316437,0.010416666666666666,0.028264142262438934,0.0860166462759177,0.03745803733666738,0.01961056174089511,0.004055821647246674,-0.00921466201543808,0.02882522375633319
encoder.layers.1.self_attn.q_proj,768,sun397,svhn,8,26,coupling,29,0.04630828648805618,0.08936244249343872,0.010416666666666666,0.02059358699868123,0.0751825391004483,0.03589161982138952,0.025714699489374954,0.014179903392990426,-0.00921466201543808,0.03492936150481303
encoder.layers.1.self_attn.v_proj,768,dtd,eurosat,8,26,coupling,29,0.11115623265504837,0.1396787315607071,0.010416666666666666,0.024501115704576176,0.06176579650491476,0.1007395659883817,0.08665511695047219,0.07791293505579233,-0.007104814052581787,0.09375993100305398
encoder.layers.1.self_attn.v_proj,768,dtd,gtsrb,8,26,coupling,29,0.09873473644256592,0.1549118161201477,0.010416666666666666,0.022910102115323145,0.07182567442456882,0.08831806977589925,0.07582463432724278,0.08308614169557889,-0.007104814052581787,0.08292944837982456
encoder.layers.1.self_attn.v_proj,768,dtd,mnist,8,26,coupling,29,0.10231613367795944,0.13803432881832123,0.010416666666666666,0.017828199934835236,0.05807863951971134,0.09189946701129277,0.0844879337431242,0.07995568929860988,-0.007104814052581787,0.09159274779570599
encoder.layers.1.self_attn.v_proj,768,dtd,resisc45,8,26,coupling,29,0.20356397330760956,0.24566273391246796,0.010416666666666666,0.027919464511796832,0.07884728163480759,0.1931473066409429,0.17564450879581273,0.16681545227766037,-0.007104814052581787,0.1827493228483945
encoder.layers.1.self_attn.v_proj,768,dtd,stanford-cars,8,26,coupling,29,0.22073733806610107,0.29739469289779663,0.010416666666666666,0.02735278693338235,0.09032639519621928,0.21032067139943442,0.1933845511327187,0.20706829770157736,-0.007104814052581787,0.2004893651853005
encoder.layers.1.self_attn.v_proj,768,dtd,sun397,8,26,coupling,29,0.26199212670326233,0.3402148187160492,0.010416666666666666,0.03599110276748737,0.11167323403060436,0.25157546003659564,0.22600102393577495,0.22854158468544483,-0.007104814052581787,0.23310583798835674
encoder.layers.1.self_attn.v_proj,768,dtd,svhn,8,26,coupling,29,0.08412349969148636,0.13557833433151245,0.010416666666666666,0.023074601776897907,0.06863848151018222,0.07370683302481969,0.06104889791458845,0.06693985282133023,-0.007104814052581787,0.06815371196717024
encoder.layers.1.self_attn.v_proj,768,eurosat,gtsrb,8,26,coupling,29,0.10253940522670746,0.13761432468891144,0.010416666666666666,0.017870048837115366,0.042200634876887,0.09212273856004079,0.0846693563895921,0.09541368981202444,-0.007104814052581787,0.09177417044217388
encoder.layers.1.self_attn.v_proj,768,eurosat,mnist,8,26,coupling,29,0.06376861035823822,0.08721433579921722,0.010416666666666666,0.01376522813613216,0.039170917278776564,0.053351943691571556,0.05000338222210606,0.04804341852044066,-0.007104814052581787,0.05710819627468785
encoder.layers.1.self_attn.v_proj,768,eurosat,resisc45,8,26,coupling,29,0.10190808027982712,0.13222019374370575,0.010416666666666666,0.0206534704969575,0.05011621986826261,0.09149141361316045,0.08125460978286962,0.08210397387544313,-0.007104814052581787,0.08835942383545141
encoder.layers.1.self_attn.v_proj,768,eurosat,stanford-cars,8,26,coupling,29,0.10717497766017914,0.14193829894065857,0.010416666666666666,0.023557532113045454,0.061141785544653736,0.09675831099351247,0.08361744554713368,0.08079651339600483,-0.007104814052581787,0.09072225959971547
encoder.layers.1.self_attn.v_proj,768,eurosat,sun397,8,26,coupling,29,0.12224753201007843,0.14333009719848633,0.010416666666666666,0.025905172961453598,0.06415230873972178,0.11183086534341176,0.09634235904862483,0.07917778845876455,-0.007104814052581787,0.10344717310120662
encoder.layers.1.self_attn.v_proj,768,eurosat,svhn,8,26,coupling,29,0.1799333691596985,0.19961228966712952,0.010416666666666666,0.02446618676185608,0.05278505912671486,0.16951670249303183,0.1554671823978424,0.14682723054041466,-0.007104814052581787,0.1625719964504242
encoder.layers.1.self_attn.v_proj,768,gtsrb,mnist,8,26,coupling,29,0.17642752826213837,0.22930124402046204,0.010416666666666666,0.016734050664429862,0.054200453062852226,0.1660108615954717,0.1596934775977085,0.1751007909576098,-0.007104814052581787,0.16679829165029028
encoder.layers.1.self_attn.v_proj,768,gtsrb,resisc45,8,26,coupling,29,0.08857543021440506,0.12801633775234222,0.010416666666666666,0.017006240785121918,0.05129874094078938,0.07815876354773839,0.07156918942928314,0.07671759681155285,-0.007104814052581787,0.07867400348186493
encoder.layers.1.self_attn.v_proj,768,gtsrb,stanford-cars,8,26,coupling,29,0.13489270210266113,0.18619200587272644,0.010416666666666666,0.018330187303945422,0.06007372463742892,0.12447603543599446,0.11656251479871571,0.12611828123529753,-0.007104814052581787,0.1236673288512975
encoder.layers.1.self_attn.v_proj,768,gtsrb,sun397,8,26,coupling,29,0.13875219225883484,0.16563887894153595,0.010416666666666666,0.02159057029833396,0.0750941913574934,0.12833552559216818,0.11716162196050088,0.09054468758404255,-0.007104814052581787,0.12426643601308267
encoder.layers.1.self_attn.v_proj,768,gtsrb,svhn,8,26,coupling,29,0.156097412109375,0.22275923192501068,0.010416666666666666,0.01851314996990065,0.06327700552841027,0.14568074544270834,0.13758426213947436,0.15948222639660042,-0.007104814052581787,0.14468907619205615
encoder.layers.1.self_attn.v_proj,768,mnist,resisc45,8,26,coupling,29,0.07640887051820755,0.11112405359745026,0.010416666666666666,0.014177389210090041,0.03822716667006413,0.06599220385154088,0.06223148130811751,0.07289688692738613,-0.007104814052581787,0.0693362953606993
encoder.layers.1.self_attn.v_proj,768,mnist,stanford-cars,8,26,coupling,29,0.15564143657684326,0.21988579630851746,0.010416666666666666,0.027121336199343204,0.08288731301824252,0.1452247699101766,0.12852010037750006,0.13699848329027492,-0.007104814052581787,0.13562491443008184
encoder.layers.1.self_attn.v_proj,768,mnist,sun397,8,26,coupling,29,0.1243857592344284,0.14839746057987213,0.010416666666666666,0.01870809014265736,0.06386508699506521,0.11396909256776173,0.10567766909177105,0.08453237358480692,-0.007104814052581787,0.11278248314435284
encoder.layers.1.self_attn.v_proj,768,mnist,svhn,8,26,coupling,29,0.13625772297382355,0.20888815820217133,0.010416666666666666,0.03449009840066234,0.0917176076521476,0.1258410563071569,0.10176762457316121,0.11717055055002372,-0.007104814052581787,0.108872438625743
encoder.layers.1.self_attn.v_proj,768,resisc45,stanford-cars,8,26,coupling,29,0.17471890151500702,0.23401223123073578,0.010416666666666666,0.021483151242136955,0.06228926436354717,0.16430223484834036,0.15323575027287006,0.1717229668671886,-0.007104814052581787,0.16034056432545185
encoder.layers.1.self_attn.v_proj,768,resisc45,sun397,8,26,coupling,29,0.17417143285274506,0.22280478477478027,0.010416666666666666,0.02783978885660569,0.0836754593377312,0.1637547661860784,0.14633164399613938,0.1391293254370491,-0.007104814052581787,0.15343645804872116
encoder.layers.1.self_attn.v_proj,768,resisc45,svhn,8,26,coupling,29,0.09792676568031311,0.1313277631998062,0.010416666666666666,0.017978664099549253,0.04518480164309343,0.08751009901364644,0.07994810158076386,0.08614296155671278,-0.007104814052581787,0.08705291563334565
encoder.layers.1.self_attn.v_proj,768,stanford-cars,sun397,8,26,coupling,29,0.2724970281124115,0.34009307622909546,0.010416666666666666,0.025077180471271276,0.08524356844524543,0.2620803614457448,0.24741984764114022,0.25484950778385,-0.007104814052581787,0.254524661693722
encoder.layers.1.self_attn.v_proj,768,stanford-cars,svhn,8,26,coupling,29,0.09843313694000244,0.15986864268779755,0.010416666666666666,0.03514561243355274,0.0877245223770539,0.08801647027333577,0.0632875245064497,0.07214412031074365,-0.007104814052581787,0.07039233855903149
encoder.layers.1.self_attn.v_proj,768,sun397,svhn,8,26,coupling,29,0.10918618738651276,0.14724574983119965,0.010416666666666666,0.020626979336763423,0.05968897851804892,0.09876952071984609,0.08855920804974933,0.08755677131315073,-0.007104814052581787,0.09566402210233112
encoder.layers.10.self_attn.q_proj,768,dtd,eurosat,8,18,coupling,32,0.04217921942472458,0.06886595487594604,0.010416666666666666,0.021881554430971544,0.051321232691407204,0.031762552758057915,0.020297664993753035,0.01754472218453884,-0.014883629977703094,0.035181294971456126
encoder.layers.10.self_attn.q_proj,768,dtd,gtsrb,8,18,coupling,32,0.03579521179199219,0.046215325593948364,0.010416666666666666,0.013809582140917579,0.02509838466842969,0.025378545125325523,0.02198562965107461,0.021116940925518673,-0.014883629977703094,0.036869259628777705
encoder.layers.10.self_attn.q_proj,768,dtd,mnist,8,18,coupling,32,0.030265554785728455,0.03315027430653572,0.010416666666666666,0.011371743748895824,0.015995623543858528,0.01984888811906179,0.01889381103683263,0.017154650762677193,-0.014883629977703094,0.033777441014535725
encoder.layers.10.self_attn.q_proj,768,dtd,resisc45,8,18,coupling,32,0.03979102894663811,0.06545685231685638,0.010416666666666666,0.01877012476325035,0.05099201140304407,0.029374362279971443,0.021020904183387756,0.014464840913812317,-0.014883629977703094,0.03590453416109085
encoder.layers.10.self_attn.q_proj,768,dtd,stanford-cars,8,18,coupling,32,0.02898077294230461,0.035465627908706665,0.010416666666666666,0.012137425985808173,0.020252351338664692,0.018564106275637947,0.01684334695649644,0.015213276570041973,-0.014883629977703094,0.031726976934199534
encoder.layers.10.self_attn.q_proj,768,dtd,sun397,8,18,coupling,32,0.0626179426908493,0.07971041649580002,0.010416666666666666,0.016741764498874545,0.05007958443214496,0.05220127602418264,0.04587617819197476,0.029630832063655056,-0.014883629977703094,0.060759808169677854
encoder.layers.10.self_attn.q_proj,768,dtd,svhn,8,18,coupling,32,0.031127484515309334,0.03225134685635567,0.010416666666666666,0.011646143781642119,0.018930778217812378,0.02071081784864267,0.019481340733667217,0.013320568638543289,-0.014883629977703094,0.03436497071137031
encoder.layers.10.self_attn.q_proj,768,eurosat,gtsrb,8,18,coupling,32,0.03164088353514671,0.03650784492492676,0.010416666666666666,0.01837731944397092,0.03354439123844107,0.02122421686848005,0.013263564091175795,0.0029634536864856856,-0.014883629977703094,0.02814719406887889
encoder.layers.10.self_attn.q_proj,768,eurosat,mnist,8,18,coupling,32,0.013710438273847103,0.017763400450348854,0.010416666666666666,0.013188077680145701,0.01928108596863846,0.003293771607180437,0.0005223605937014018,-0.001517685518289607,-0.014883629977703094,0.015405990571404496
encoder.layers.10.self_attn.q_proj,768,eurosat,resisc45,8,18,coupling,32,0.3064436912536621,0.37905213236808777,0.010416666666666666,0.03884005934620897,0.08275118408103783,0.2960270245869954,0.2676036319074531,0.29630094828704995,-0.014883629977703094,0.2824872618851562
encoder.layers.10.self_attn.q_proj,768,eurosat,stanford-cars,8,18,coupling,32,0.015373410657048225,0.022276340052485466,0.010416666666666666,0.013632279122248292,0.0258285376864175,0.004956743990381559,0.0017411315347999334,-0.0035521976339320353,-0.014883629977703094,0.016624761512503028
encoder.layers.10.self_attn.q_proj,768,eurosat,sun397,8,18,coupling,32,0.05009639635682106,0.11427043378353119,0.010416666666666666,0.02322126009191076,0.07706109496454398,0.039679729690154396,0.0268751362649103,0.037209338818987206,-0.014883629977703094,0.04175876624261339
encoder.layers.10.self_attn.q_proj,768,eurosat,svhn,8,18,coupling,32,0.018048971891403198,0.02176431193947792,0.010416666666666666,0.014289027623211345,0.02142698923125863,0.007632305224736532,0.0037599442681918536,0.0003373227082192898,-0.014883629977703094,0.018643574245894946
encoder.layers.10.self_attn.q_proj,768,gtsrb,mnist,8,18,coupling,32,0.12123219668865204,0.1333867609500885,0.010416666666666666,0.016672824509441853,0.030536016604552668,0.11081553002198537,0.10455937217921019,0.10285074434553583,-0.014883629977703094,0.11944300215691328
encoder.layers.10.self_attn.q_proj,768,gtsrb,resisc45,8,18,coupling,32,0.022997960448265076,0.03144163638353348,0.010416666666666666,0.023154619770745438,0.040508909771839775,0.01258129378159841,-0.00015665932248036182,-0.009067273388306298,-0.014883629977703094,0.014726970655222733
encoder.layers.10.self_attn.q_proj,768,gtsrb,stanford-cars,8,18,coupling,32,0.02773478999733925,0.03463198244571686,0.010416666666666666,0.01152246775260816,0.016616727458313107,0.017318123330672584,0.01621232224473109,0.01801525498740375,-0.014883629977703094,0.031095952222434185
encoder.layers.10.self_attn.q_proj,768,gtsrb,sun397,8,18,coupling,32,0.024096403270959854,0.03478861600160599,0.010416666666666666,0.017183850519359112,0.03464629982287685,0.013679736604293188,0.006912552751600742,0.0001423161787291391,-0.014883629977703094,0.021796182729303837
encoder.layers.10.self_attn.q_proj,768,gtsrb,svhn,8,18,coupling,32,0.14876849949359894,0.16376425325870514,0.010416666666666666,0.02105157814609508,0.04226879309862852,0.13835183282693228,0.12771692134750387,0.12149546016007662,-0.014883629977703094,0.14260055132520696
encoder.layers.10.self_attn.q_proj,768,mnist,resisc45,8,18,coupling,32,0.018256952986121178,0.023759569972753525,0.010416666666666666,0.013328440797825655,0.020613099293162424,0.007840286319454512,0.004928512188295523,0.0031464706795911006,-0.014883629977703094,0.019812142165998615
encoder.layers.10.self_attn.q_proj,768,mnist,stanford-cars,8,18,coupling,32,0.01644100621342659,0.018651343882083893,0.010416666666666666,0.011197330973421534,0.013115141463155547,0.006024339546759924,0.0052436752400050555,0.005536202418928346,-0.014883629977703094,0.020127305217708148
encoder.layers.10.self_attn.q_proj,768,mnist,sun397,8,18,coupling,32,0.016504744067788124,0.018574588000774384,0.010416666666666666,0.011873729449386397,0.018341038453703124,0.006088077401121458,0.004631014618401727,0.00023354954707125938,-0.014883629977703094,0.019514644596104823
encoder.layers.10.self_attn.q_proj,768,mnist,svhn,8,18,coupling,32,0.48347944021224976,0.4852679371833801,0.010416666666666666,0.016598885723700125,0.030477985739707947,0.47306277354558307,0.46688055448854965,0.4547899514436722,-0.014883629977703094,0.48176418446625274
encoder.layers.10.self_attn.q_proj,768,resisc45,stanford-cars,8,18,coupling,32,0.01892814412713051,0.027136903256177902,0.010416666666666666,0.0141577054746449,0.027120412637790043,0.008511477460463842,0.004770438652485609,1.649061838785923e-05,-0.014883629977703094,0.019654068630188704
encoder.layers.10.self_attn.q_proj,768,resisc45,sun397,8,18,coupling,32,0.1103130429983139,0.20075176656246185,0.010416666666666666,0.02211250419107576,0.0795495059962074,0.09989637633164723,0.08820053880723815,0.12120226056625445,-0.014883629977703094,0.10308416878494124
encoder.layers.10.self_attn.q_proj,768,resisc45,svhn,8,18,coupling,32,0.019468436017632484,0.026458099484443665,0.010416666666666666,0.01410109456628561,0.02385112860550483,0.009051769350965818,0.005367341451346874,0.002606970878938835,-0.014883629977703094,0.02025097142904997
encoder.layers.10.self_attn.q_proj,768,stanford-cars,sun397,8,18,coupling,32,0.039240527898073196,0.05039021372795105,0.010416666666666666,0.01242114114575088,0.029711807146668434,0.028823861231406532,0.026819386752322316,0.020678406581282616,-0.014883629977703094,0.04170301673002541
encoder.layers.10.self_attn.q_proj,768,stanford-cars,svhn,8,18,coupling,32,0.0191781185567379,0.02090124785900116,0.010416666666666666,0.010978032058725754,0.013661305730541548,0.008761451890071234,0.008200086498012146,0.007239942128459612,-0.014883629977703094,0.023083716475715242
encoder.layers.10.self_attn.q_proj,768,sun397,svhn,8,18,coupling,32,0.015270468778908253,0.021548859775066376,0.010416666666666666,0.013825582340359688,0.021756612230092287,0.004853802112241587,0.001444886438548565,-0.00020775245502591133,-0.014883629977703094,0.01632851641625166
encoder.layers.10.self_attn.v_proj,768,dtd,eurosat,8,18,coupling,32,0.05335705354809761,0.06457042694091797,0.010416666666666666,0.01826339983381331,0.04211623811473449,0.042940386881430946,0.0350936537142843,0.022454188826183476,-0.0029480010271072388,0.03804165474139154
encoder.layers.10.self_attn.v_proj,768,dtd,gtsrb,8,18,coupling,32,0.03438357636332512,0.046740736812353134,0.010416666666666666,0.012480453588068485,0.023961038639148075,0.023966909696658455,0.021903122775256634,0.02277969817320506,-0.0029480010271072388,0.024851123802363873
encoder.layers.10.self_attn.v_proj,768,dtd,mnist,8,18,coupling,32,0.03840197995305061,0.04972904175519943,0.010416666666666666,0.010827814151222507,0.01723684013510744,0.02798531328638395,0.02757416580182811,0.03249220162009199,-0.0029480010271072388,0.030522166828935347
encoder.layers.10.self_attn.v_proj,768,dtd,resisc45,8,18,coupling,32,0.04239874705672264,0.05943308025598526,0.010416666666666666,0.020879452272007864,0.05591622026016315,0.03198208039005598,0.021519294784714777,0.0035168599958221095,-0.0029480010271072388,0.024467295811822016
encoder.layers.10.self_attn.v_proj,768,dtd,stanford-cars,8,18,coupling,32,0.01781294122338295,0.0291269663721323,0.010416666666666666,0.011835675686597824,0.022219587272653978,0.007396274556716284,0.005977265536785126,0.006907379099478323,-0.0029480010271072388,0.008925266563892365
encoder.layers.10.self_attn.v_proj,768,dtd,sun397,8,18,coupling,32,0.07349575310945511,0.1302787959575653,0.010416666666666666,0.01687286957167089,0.0686857458204031,0.06307908644278844,0.05662288353778422,0.06159305013716221,-0.0029480010271072388,0.05957088456489146
encoder.layers.10.self_attn.v_proj,768,dtd,svhn,8,18,coupling,32,0.04899720102548599,0.061143677681684494,0.010416666666666666,0.011859686657165488,0.02123233039552967,0.03858053435881933,0.0371375143683205,0.03991134728615482,-0.0029480010271072388,0.04008551539542774
encoder.layers.10.self_attn.v_proj,768,eurosat,gtsrb,8,18,coupling,32,0.026964658871293068,0.030700180679559708,0.010416666666666666,0.018463128712028265,0.029882711358368397,0.016547992204626404,0.008501530159264803,0.0008174693211913109,-0.0029480010271072388,0.011449531186372042
encoder.layers.10.self_attn.v_proj,768,eurosat,mnist,8,18,coupling,32,0.025551626458764076,0.030762067064642906,0.010416666666666666,0.013335300997520486,0.019360893483584125,0.01513495979209741,0.01221632546124359,0.011401173581058782,-0.0029480010271072388,0.015164326488350829
encoder.layers.10.self_attn.v_proj,768,eurosat,resisc45,8,18,coupling,32,0.2521442770957947,0.326149046421051,0.010416666666666666,0.03625706133122245,0.08541483090569575,0.24172761042912802,0.21588721576457223,0.2407342155153553,-0.0029480010271072388,0.21883521679167947
encoder.layers.10.self_attn.v_proj,768,eurosat,stanford-cars,8,18,coupling,32,0.013747758232057095,0.025356467813253403,0.010416666666666666,0.012116328657915195,0.024873323893795412,0.0033310915653904285,0.0016314295741418992,0.00048314391945799076,-0.0029480010271072388,0.004579430601249138
encoder.layers.10.self_attn.v_proj,768,eurosat,sun397,8,18,coupling,32,0.052367955446243286,0.10900847613811493,0.010416666666666666,0.018602260388433933,0.07216277501235406,0.04195128877957662,0.03376569505780935,0.03684570112576087,-0.0029480010271072388,0.03671369608491659
encoder.layers.10.self_attn.v_proj,768,eurosat,svhn,8,18,coupling,32,0.03327314928174019,0.0372781902551651,0.010416666666666666,0.01363860109510521,0.020599807612597942,0.022856482615073524,0.01963454818663498,0.016678382642567158,-0.0029480010271072388,0.02258254921374222
encoder.layers.10.self_attn.v_proj,768,gtsrb,mnist,8,18,coupling,32,0.09985679388046265,0.11798885464668274,0.010416666666666666,0.015456376674895486,0.033828448969870806,0.08944012721379598,0.08440041720556717,0.08416040567681193,-0.0029480010271072388,0.0873484182326744
encoder.layers.10.self_attn.v_proj,768,gtsrb,resisc45,8,18,coupling,32,0.029010675847530365,0.03393440321087837,0.010416666666666666,0.017541054636240005,0.033645142801105976,0.0185940091808637,0.01146962121129036,0.0002892604097723961,-0.0029480010271072388,0.014417622238397598
encoder.layers.10.self_attn.v_proj,768,gtsrb,stanford-cars,8,18,coupling,32,0.029577502980828285,0.034786421805620193,0.010416666666666666,0.012957666302099824,0.016588930040597916,0.01916083631416162,0.01661983667872846,0.018197491765022278,-0.0029480010271072388,0.0195678377058357
encoder.layers.10.self_attn.v_proj,768,gtsrb,sun397,8,18,coupling,32,0.02361396513879299,0.037267036736011505,0.010416666666666666,0.014053618535399437,0.03314126251886288,0.013197298472126326,0.009560346603393555,0.004125774217148624,-0.0029480010271072388,0.012508347630500793
encoder.layers.10.self_attn.v_proj,768,gtsrb,svhn,8,18,coupling,32,0.11548982560634613,0.1309717893600464,0.010416666666666666,0.017068991515164573,0.03555196415012082,0.10507315893967946,0.09842083409118156,0.09541982520992556,-0.0029480010271072388,0.1013688351182888
encoder.layers.10.self_attn.v_proj,768,mnist,resisc45,8,18,coupling,32,0.020330650731921196,0.02075929380953312,0.010416666666666666,0.013773967201511065,0.023314742526660364,0.00991398406525453,0.006556683530410131,-0.002555448717127245,-0.0029480010271072388,0.00950468455751737
encoder.layers.10.self_attn.v_proj,768,mnist,stanford-cars,8,18,coupling,32,0.01274122390896082,0.01809564046561718,0.010416666666666666,0.011091809370554984,0.014126842531065146,0.002324557242294153,0.0016494145384058356,0.003968797934552034,-0.0029480010271072388,0.004597415565513074
encoder.layers.10.self_attn.v_proj,768,mnist,sun397,8,18,coupling,32,0.025043893605470657,0.040367599576711655,0.010416666666666666,0.010972652273873488,0.02246132252427439,0.014627226938803991,0.01407124133159717,0.017906277052437265,-0.0029480010271072388,0.01701924235870441
encoder.layers.10.self_attn.v_proj,768,mnist,svhn,8,18,coupling,32,0.5118077397346497,0.522382378578186,0.010416666666666666,0.016974584199488163,0.030633498992150027,0.501391073067983,0.4948331555351615,0.491748879586036,-0.0029480010271072388,0.49778115656226873
encoder.layers.10.self_attn.v_proj,768,resisc45,stanford-cars,8,18,coupling,32,0.02173682302236557,0.03936106711626053,0.010416666666666666,0.014319363593434295,0.030277146492153406,0.011320156355698904,0.007417459428931275,0.009083920624107122,-0.0029480010271072388,0.010365460456038514
encoder.layers.10.self_attn.v_proj,768,resisc45,sun397,8,18,coupling,32,0.09753463417291641,0.19253601133823395,0.010416666666666666,0.025072799374659855,0.09625126359363396,0.08711796750624974,0.07246183479825656,0.09628474774459998,-0.0029480010271072388,0.0754098358253638
encoder.layers.10.self_attn.v_proj,768,resisc45,svhn,8,18,coupling,32,0.025311579927802086,0.02030053548514843,0.010416666666666666,0.01369030928860108,0.024727736599743366,0.01489491326113542,0.011621270639201006,-0.004427201114594936,-0.0029480010271072388,0.014569271666308245
encoder.layers.10.self_attn.v_proj,768,stanford-cars,sun397,8,18,coupling,32,0.020387189462780952,0.04916037991642952,0.010416666666666666,0.012886592885479331,0.03524644703914722,0.009970522796114286,0.0075005965773016214,0.0139139328772823,-0.0029480010271072388,0.01044859760440886
encoder.layers.10.self_attn.v_proj,768,stanford-cars,svhn,8,18,coupling,32,0.01425021979957819,0.0189980398863554,0.010416666666666666,0.011494770413264632,0.01452534249983728,0.0038335531329115238,0.0027554493863135576,0.004472697386518121,-0.0029480010271072388,0.005703450413420796
encoder.layers.10.self_attn.v_proj,768,sun397,svhn,8,18,coupling,32,0.03466377407312393,0.046424493193626404,0.010416666666666666,0.011433582364891967,0.025335395087798435,0.024247107406457268,0.023230191708231963,0.02108909810582797,-0.0029480010271072388,0.026178192735339202
encoder.layers.11.self_attn.q_proj,768,dtd,eurosat,8,7,coupling,31,0.044093817472457886,0.05397913232445717,0.010416666666666666,0.01100992908080419,0.016414949980874855,0.03367715080579122,0.033083888391653694,0.03756418234358232,0.0021866559982299805,0.030897232393423714
encoder.layers.11.self_attn.q_proj,768,dtd,gtsrb,8,7,coupling,31,0.04070260748267174,0.04736601933836937,0.010416666666666666,0.010641829498733083,0.01440701043854157,0.030285940816005073,0.030060777983938657,0.0329590088998278,0.0021866559982299805,0.027874121985708676
encoder.layers.11.self_attn.q_proj,768,dtd,mnist,8,7,coupling,31,0.044320281594991684,0.04526600241661072,0.010416666666666666,0.009585406243180236,0.011129266737649838,0.03390361492832502,0.034734875351811446,0.03413673567896088,0.0021866559982299805,0.032548219353581466
encoder.layers.11.self_attn.q_proj,768,dtd,resisc45,8,7,coupling,31,0.0363285206258297,0.04240034520626068,0.010416666666666666,0.010879559791646898,0.016844397798801463,0.025911853959163032,0.0254489608341828,0.025555947407459218,0.0021866559982299805,0.02326230483595282
encoder.layers.11.self_attn.q_proj,768,dtd,stanford-cars,8,7,coupling,31,0.027384785935282707,0.03025706484913826,0.010416666666666666,0.009086179663427174,0.010260716080665588,0.016968119268616043,0.018298606271855533,0.01999634876847267,0.0021866559982299805,0.016111950273625553
encoder.layers.11.self_attn.q_proj,768,dtd,sun397,8,7,coupling,31,0.06246059760451317,0.06711316108703613,0.010416666666666666,0.011933731924121579,0.019175092224031687,0.052043930937846504,0.05052686568039159,0.047938068863004446,0.0021866559982299805,0.04834020968216161
encoder.layers.11.self_attn.q_proj,768,dtd,svhn,8,7,coupling,31,0.05482417345046997,0.05811704322695732,0.010416666666666666,0.009996185661293566,0.011940829999124011,0.044407506783803306,0.044827987789176404,0.04617621322783331,0.0021866559982299805,0.042641331790946424
encoder.layers.11.self_attn.q_proj,768,eurosat,gtsrb,8,7,coupling,31,0.0489635206758976,0.053517844527959824,0.010416666666666666,0.011062544227267304,0.014479860585803786,0.038546854009230934,0.037900976448630296,0.03903798394215604,0.0021866559982299805,0.035714320450400315
encoder.layers.11.self_attn.q_proj,768,eurosat,mnist,8,7,coupling,31,0.028183428570628166,0.03287149965763092,0.010416666666666666,0.009417477529495955,0.01130489733380576,0.017766761903961502,0.01876595104113221,0.02156660232382516,0.0021866559982299805,0.01657929504290223
encoder.layers.11.self_attn.q_proj,768,eurosat,resisc45,8,7,coupling,31,0.17408666014671326,0.18548326194286346,0.010416666666666666,0.01096697881196936,0.017188726381088298,0.1636699934800466,0.1631196813347439,0.16829453556177518,0.0021866559982299805,0.1609330253365139
encoder.layers.11.self_attn.q_proj,768,eurosat,stanford-cars,8,7,coupling,31,0.015579484403133392,0.018556546419858932,0.010416666666666666,0.009994595932463804,0.011234156787395477,0.005162817736466726,0.005584888470669588,0.007322389632463455,0.0021866559982299805,0.0033982324724396076
encoder.layers.11.self_attn.q_proj,768,eurosat,sun397,8,7,coupling,31,0.04309084266424179,0.057389359921216965,0.010416666666666666,0.010578941321000457,0.016489143172899883,0.032674175997575126,0.032511901343241334,0.04090021674831708,0.0021866559982299805,0.030325245345011353
encoder.layers.11.self_attn.q_proj,768,eurosat,svhn,8,7,coupling,31,0.03969094157218933,0.044026970863342285,0.010416666666666666,0.010408009635284543,0.011915155531217655,0.029274274905522667,0.029282931936904788,0.03211181533212463,0.0021866559982299805,0.027096275938674808
encoder.layers.11.self_attn.q_proj,768,gtsrb,mnist,8,7,coupling,31,0.0781603753566742,0.08316356688737869,0.010416666666666666,0.010627333462859193,0.012294672662392259,0.06774370869000752,0.067533041893815,0.07086889422498643,0.0021866559982299805,0.06534638589558502
encoder.layers.11.self_attn.q_proj,768,gtsrb,resisc45,8,7,coupling,31,0.026980210095643997,0.0339360274374485,0.010416666666666666,0.009971556331341466,0.013153843271235624,0.016563543428977333,0.01700865376430253,0.02078218416621288,0.0021866559982299805,0.014821997766072549
encoder.layers.11.self_attn.q_proj,768,gtsrb,stanford-cars,8,7,coupling,31,0.022367436438798904,0.023362889885902405,0.010416666666666666,0.00997389736585319,0.011400980254014334,0.011950769772132238,0.012393539072945714,0.011961909631888071,0.0021866559982299805,0.010206883074715734
encoder.layers.11.self_attn.q_proj,768,gtsrb,sun397,8,7,coupling,31,0.019445832818746567,0.024152332916855812,0.010416666666666666,0.011021807867412766,0.015067399091397723,0.0090291661520799,0.0084240249513338,0.009084933825458089,0.0021866559982299805,0.00623736895310382
encoder.layers.11.self_attn.q_proj,768,gtsrb,svhn,8,7,coupling,31,0.1376805156469345,0.1424938142299652,0.010416666666666666,0.011120601557195187,0.012726539745926857,0.12726384898026785,0.12655991408973932,0.12976727448403835,0.0021866559982299805,0.12437325809150934
encoder.layers.11.self_attn.q_proj,768,mnist,resisc45,8,7,coupling,31,0.01925227791070938,0.025147831067442894,0.010416666666666666,0.010022088109205166,0.011682755469034115,0.008835611244042715,0.009230189801504215,0.013465075598408779,0.0021866559982299805,0.007043533803274235
encoder.layers.11.self_attn.q_proj,768,mnist,stanford-cars,8,7,coupling,31,0.016055336222052574,0.018104834482073784,0.010416666666666666,0.010172144742682576,0.010820512194186449,0.005638669555385908,0.005883191479369998,0.007284322287887335,0.0021866559982299805,0.0036965354811400175
encoder.layers.11.self_attn.q_proj,768,mnist,sun397,8,7,coupling,31,0.01914292946457863,0.024195076897740364,0.010416666666666666,0.010557764597857991,0.013495221501216292,0.008726262797911962,0.008585164866720637,0.010699855396524072,0.0021866559982299805,0.006398508868490657
encoder.layers.11.self_attn.q_proj,768,mnist,svhn,8,7,coupling,31,0.24444271624088287,0.24763737618923187,0.010416666666666666,0.00988470483571291,0.011133712638790408,0.23402604957421622,0.23455801140516996,0.23650366355044147,0.0021866559982299805,0.23237135540693998
encoder.layers.11.self_attn.q_proj,768,resisc45,stanford-cars,8,7,coupling,31,0.020151996985077858,0.021399997174739838,0.010416666666666666,0.010121000154564777,0.011986677767708898,0.009735330318411192,0.01003099683051308,0.00941331940703094,0.0021866559982299805,0.0078443408322831
encoder.layers.11.self_attn.q_proj,768,resisc45,sun397,8,7,coupling,31,0.08112490922212601,0.09395307302474976,0.010416666666666666,0.011373644384245077,0.01917290718605121,0.07070824255545934,0.06975126483788092,0.07478016583869855,0.0021866559982299805,0.06756460883965094
encoder.layers.11.self_attn.q_proj,768,resisc45,svhn,8,7,coupling,31,0.025199340656399727,0.028307849541306496,0.010416666666666666,0.011131069778154293,0.012634507923697432,0.01478267398973306,0.014068270878245434,0.01567334161760906,0.0021866559982299805,0.011881614880015453
encoder.layers.11.self_attn.q_proj,768,stanford-cars,sun397,8,7,coupling,31,0.045375533401966095,0.05024769902229309,0.010416666666666666,0.011106947514538964,0.012998456445833048,0.03495886673529943,0.03426858588742713,0.03724924257646004,0.0021866559982299805,0.03208192988919715
encoder.layers.11.self_attn.q_proj,768,stanford-cars,svhn,8,7,coupling,31,0.026366455480456352,0.029469896107912064,0.010416666666666666,0.011187932376439372,0.012122191023081541,0.015949788813789688,0.01517852310401698,0.017347705084830523,0.0021866559982299805,0.012991867105787
encoder.layers.11.self_attn.q_proj,768,sun397,svhn,8,7,coupling,31,0.01828692853450775,0.023418357595801353,0.010416666666666666,0.010360065304363767,0.01231069560162723,0.007870261867841085,0.007926863230143985,0.011107661994174123,0.0021866559982299805,0.005740207231914004
encoder.layers.11.self_attn.v_proj,768,dtd,eurosat,8,7,coupling,31,0.047644343227148056,0.09582332521677017,0.010416666666666666,0.015660345476741593,0.05188898276537657,0.03722767656048139,0.03198399775040646,0.043934342451393604,0.0019232481718063354,0.030060749578600124
encoder.layers.11.self_attn.v_proj,768,dtd,gtsrb,8,7,coupling,31,0.03111201897263527,0.04865984618663788,0.010416666666666666,0.010949982019762198,0.025354650647689898,0.020695352305968605,0.020162036952873073,0.02330519553894798,0.0019232481718063354,0.018238788781066738
encoder.layers.11.self_attn.v_proj,768,dtd,mnist,8,7,coupling,31,0.022449916228652,0.029562726616859436,0.010416666666666666,0.009536387980915606,0.016338491657127936,0.012033249561985334,0.012913528247736394,0.0132242349597315,0.0019232481718063354,0.010990280075930059
encoder.layers.11.self_attn.v_proj,768,dtd,resisc45,8,7,coupling,31,0.04164807125926018,0.08302141726016998,0.010416666666666666,0.014666354361300668,0.049250115640461445,0.031231404592593513,0.026981716897959508,0.03377130161970854,0.0019232481718063354,0.025058468726153173
encoder.layers.11.self_attn.v_proj,768,dtd,stanford-cars,8,7,coupling,31,0.024306757375597954,0.03481873869895935,0.010416666666666666,0.01158173312433064,0.019697221073632438,0.013890090708931288,0.012725024251267314,0.015121517625326913,0.0019232481718063354,0.010801776079460979
encoder.layers.11.self_attn.v_proj,768,dtd,sun397,8,7,coupling,31,0.07353511452674866,0.12093900144100189,0.010416666666666666,0.014021964045241475,0.050015876069664955,0.06311844786008199,0.05951315048150718,0.07092312537133694,0.0019232481718063354,0.05758990230970085
encoder.layers.11.self_attn.v_proj,768,dtd,svhn,8,7,coupling,31,0.01976943388581276,0.03487648442387581,0.010416666666666666,0.011103154703353843,0.020853755219529074,0.009352767219146093,0.008666279182458917,0.014022729204346735,0.0019232481718063354,0.006743031010652581
encoder.layers.11.self_attn.v_proj,768,eurosat,gtsrb,8,7,coupling,31,0.019364509731531143,0.038414858281612396,0.010416666666666666,0.012857208494096994,0.028817227731148403,0.008947843064864477,0.006507301237434149,0.009597630550463993,0.0019232481718063354,0.004584053065627813
encoder.layers.11.self_attn.v_proj,768,eurosat,mnist,8,7,coupling,31,0.016163192689418793,0.023119717836380005,0.010416666666666666,0.011297564875955382,0.019640351335207622,0.005746526022752127,0.00486562781346341,0.0034793665011723825,0.0019232481718063354,0.002942379641657075
encoder.layers.11.self_attn.v_proj,768,eurosat,resisc45,8,7,coupling,31,0.09645673632621765,0.1677229255437851,0.010416666666666666,0.014526451394582788,0.07357422169297934,0.08604006965955098,0.08193028493163486,0.09414870385080576,0.0019232481718063354,0.08000703675982852
encoder.layers.11.self_attn.v_proj,768,eurosat,stanford-cars,8,7,coupling,31,0.01695825718343258,0.024913962930440903,0.010416666666666666,0.012571524751062194,0.023670332816739876,0.006541590516765913,0.004386732432370385,0.0012436301137010268,0.0019232481718063354,0.0024634842605640497
encoder.layers.11.self_attn.v_proj,768,eurosat,sun397,8,7,coupling,31,0.039248041808605194,0.11229749023914337,0.010416666666666666,0.013115840731188655,0.06477713802208503,0.02883137514193853,0.02613220107741654,0.047520352217058345,0.0019232481718063354,0.024208952905610204
encoder.layers.11.self_attn.v_proj,768,eurosat,svhn,8,7,coupling,31,0.017373640090227127,0.029904650524258614,0.010416666666666666,0.01226981085104247,0.02357518145193656,0.006956973423560461,0.005103829239184657,0.006329469072322052,0.0019232481718063354,0.0031805810673783217
encoder.layers.11.self_attn.v_proj,768,gtsrb,mnist,8,7,coupling,31,0.1159694492816925,0.12265855073928833,0.010416666666666666,0.011460903178279599,0.016908565380920965,0.10555278261502583,0.10450854610341291,0.10574998535836737,0.0019232481718063354,0.10258529793160658
encoder.layers.11.self_attn.v_proj,768,gtsrb,resisc45,8,7,coupling,31,0.020911281928420067,0.04175872728228569,0.010416666666666666,0.011279554028684894,0.031553890400876604,0.0104946152617534,0.009631727899735173,0.010204836881409086,0.0019232481718063354,0.007708479727928838
encoder.layers.11.self_attn.v_proj,768,gtsrb,stanford-cars,8,7,coupling,31,0.026742873713374138,0.032402727752923965,0.010416666666666666,0.011556319970016679,0.018470511849348743,0.016326207046707474,0.015186553743357459,0.013932215903575223,0.0019232481718063354,0.013263305571551124
encoder.layers.11.self_attn.v_proj,768,gtsrb,sun397,8,7,coupling,31,0.03433748334646225,0.05513181537389755,0.010416666666666666,0.011297005073477825,0.026118900161236525,0.023920816679795585,0.023040478272984423,0.029012915212661028,0.0019232481718063354,0.021117230101178087
encoder.layers.11.self_attn.v_proj,768,gtsrb,svhn,8,7,coupling,31,0.10711675882339478,0.11358961462974548,0.010416666666666666,0.01083702741501232,0.01716455180818836,0.0967000921567281,0.09627973140838246,0.09642506282155712,0.0019232481718063354,0.09435648323657612
encoder.layers.11.self_attn.v_proj,768,mnist,resisc45,8,7,coupling,31,0.018078479915857315,0.026993509382009506,0.010416666666666666,0.011275348253548145,0.021503949848314125,0.007661813249190649,0.00680313166230917,0.005489559533695381,0.0019232481718063354,0.004879883490502834
encoder.layers.11.self_attn.v_proj,768,mnist,stanford-cars,8,7,coupling,31,0.014248337596654892,0.017199618741869926,0.010416666666666666,0.011230642208829522,0.0141614293679595,0.003831670929988226,0.00301769538782537,0.003038189373910427,0.0019232481718063354,0.0010944472160190344
encoder.layers.11.self_attn.v_proj,768,mnist,sun397,8,7,coupling,31,0.02521255612373352,0.03596379607915878,0.010416666666666666,0.01111492506849269,0.018593325822924573,0.014795889457066854,0.01409763105524083,0.01737047025623421,0.0019232481718063354,0.012174382883434495
encoder.layers.11.self_attn.v_proj,768,mnist,svhn,8,7,coupling,31,0.4973818063735962,0.4986032545566559,0.010416666666666666,0.013380496064200997,0.01679400261491537,0.4869651397069295,0.4840013103093952,0.4818092519417405,0.0019232481718063354,0.48207806213758886
encoder.layers.11.self_attn.v_proj,768,resisc45,stanford-cars,8,7,coupling,31,0.02461153455078602,0.03617594763636589,0.010416666666666666,0.01169275538995862,0.021702052870144446,0.014194867884119352,0.012918779160827398,0.014473894766221445,0.0019232481718063354,0.010995530989021063
encoder.layers.11.self_attn.v_proj,768,resisc45,sun397,8,7,coupling,31,0.0632256492972374,0.15791431069374084,0.010416666666666666,0.011612507204214731,0.06953619047999382,0.05280898263057073,0.05161314209302267,0.08837812021374702,0.0019232481718063354,0.04968989392121633
encoder.layers.11.self_attn.v_proj,768,resisc45,svhn,8,7,coupling,31,0.01822696067392826,0.03811129927635193,0.010416666666666666,0.009855474422996243,0.022620066069066525,0.007810294007261595,0.008371486250932017,0.015491233207285404,0.0019232481718063354,0.006448238079125682
encoder.layers.11.self_attn.v_proj,768,stanford-cars,sun397,8,7,coupling,31,0.039875805377960205,0.054450538009405136,0.010416666666666666,0.012266771091769138,0.021215231623500586,0.02945913871129354,0.02760903428619107,0.03323530638590455,0.0019232481718063354,0.025685786114384733
encoder.layers.11.self_attn.v_proj,768,stanford-cars,svhn,8,7,coupling,31,0.016626078635454178,0.024232689291238785,0.010416666666666666,0.010003810903678337,0.013385454503198465,0.006209411968787512,0.006622267731775841,0.01084723478804032,0.0019232481718063354,0.004699019559969505
encoder.layers.11.self_attn.v_proj,768,sun397,svhn,8,7,coupling,31,0.023589573800563812,0.045341309159994125,0.010416666666666666,0.011418491679554185,0.02291338037078579,0.013172907133897146,0.012171082121009627,0.022427928789208334,0.0019232481718063354,0.010247833949203292
encoder.layers.2.self_attn.q_proj,768,dtd,eurosat,8,26,coupling,47,0.046854082494974136,0.14215390384197235,0.010416666666666666,0.03141203476116061,0.11449968628585339,0.03643741582830747,0.015442047733813524,0.027654217556118965,-0.0014776214957237244,0.01691966922953725
encoder.layers.2.self_attn.q_proj,768,dtd,gtsrb,8,26,coupling,47,0.04525868594646454,0.11352807283401489,0.010416666666666666,0.03045923076570034,0.10535669513046741,0.034842019279797874,0.014799455180764198,0.008171377703547478,-0.0014776214957237244,0.016277076676487923
encoder.layers.2.self_attn.q_proj,768,dtd,mnist,8,26,coupling,47,0.04608422890305519,0.14356061816215515,0.010416666666666666,0.028782770192871492,0.10829271003603935,0.03566756223638853,0.0173014587101837,0.0352679081261158,-0.0014776214957237244,0.018779080205907423
encoder.layers.2.self_attn.q_proj,768,dtd,resisc45,8,26,coupling,47,0.08423440903425217,0.18281929194927216,0.010416666666666666,0.025338808074593544,0.09595089219510555,0.0738177423675855,0.05889560095965862,0.0868683997541666,-0.0014776214957237244,0.06037322245538235
encoder.layers.2.self_attn.q_proj,768,dtd,stanford-cars,8,26,coupling,47,0.05015015974640846,0.14136333763599396,0.010416666666666666,0.02660379729544123,0.11264147174855073,0.0397334930797418,0.023546362450967234,0.02872186588744323,-0.0014776214957237244,0.025023983946690958
encoder.layers.2.self_attn.q_proj,768,dtd,sun397,8,26,coupling,47,0.06277702003717422,0.13888800144195557,0.010416666666666666,0.02386253063256542,0.09354133903980255,0.05236035337050756,0.0389144894046088,0.045346662402153015,-0.0014776214957237244,0.040392110900332526
encoder.layers.2.self_attn.q_proj,768,dtd,svhn,8,26,coupling,47,0.05529724806547165,0.11942832916975021,0.010416666666666666,0.029413331610461075,0.08285276281336944,0.044880581398804985,0.025883916455010574,0.036575566356380776,-0.0014776214957237244,0.0273615379507343
encoder.layers.2.self_attn.q_proj,768,eurosat,gtsrb,8,26,coupling,47,0.15727496147155762,0.2346988022327423,0.010416666666666666,0.048583809907237686,0.1461262305577596,0.14685829480489096,0.10869115156431994,0.0885725716749827,-0.0014776214957237244,0.11016877306004366
encoder.layers.2.self_attn.q_proj,768,eurosat,mnist,8,26,coupling,47,0.14536410570144653,0.23911495506763458,0.010416666666666666,0.04666521493345499,0.1473944882551829,0.13494743903477988,0.09869889076799154,0.09172046681245169,-0.0014776214957237244,0.10017651226371527
encoder.layers.2.self_attn.q_proj,768,eurosat,resisc45,8,26,coupling,47,0.0729544535279274,0.16228331625461578,0.010416666666666666,0.031139574944972992,0.11361286292473476,0.06253778686126073,0.04181487858295441,0.04867045332988103,-0.0014776214957237244,0.04329250007867813
encoder.layers.2.self_attn.q_proj,768,eurosat,stanford-cars,8,26,coupling,47,0.042020950466394424,0.106076180934906,0.010416666666666666,0.03306796634569764,0.11495229415595531,0.03160428379972776,0.008952984120696783,-0.008876113221049309,-0.0014776214957237244,0.010430605616420507
encoder.layers.2.self_attn.q_proj,768,eurosat,sun397,8,26,coupling,47,0.05926123261451721,0.12551257014274597,0.010416666666666666,0.03245962721606096,0.11239949055016041,0.04884456594785055,0.026801605398456253,0.013113079592585564,-0.0014776214957237244,0.028279226894179978
encoder.layers.2.self_attn.q_proj,768,eurosat,svhn,8,26,coupling,47,0.181040421128273,0.2692771255970001,0.010416666666666666,0.05062907375395298,0.1279605527718862,0.17062375446160635,0.13041134737432003,0.14131657282511392,-0.0014776214957237244,0.13188896887004375
encoder.layers.2.self_attn.q_proj,768,gtsrb,mnist,8,26,coupling,47,0.21829642355442047,0.26084351539611816,0.010416666666666666,0.04372692108154297,0.13272393681108952,0.2078797568877538,0.1745695024728775,0.12811957858502865,-0.0014776214957237244,0.17604712396860123
encoder.layers.2.self_attn.q_proj,768,gtsrb,resisc45,8,26,coupling,47,0.05221760272979736,0.14225149154663086,0.010416666666666666,0.030524205261220533,0.10852583063145478,0.0418009360631307,0.02169339746857683,0.03372566091517608,-0.0014776214957237244,0.023171018964300554
encoder.layers.2.self_attn.q_proj,768,gtsrb,stanford-cars,8,26,coupling,47,0.03950643911957741,0.11329573392868042,0.010416666666666666,0.029050158181538183,0.09258849856754144,0.029089772452910743,0.010456280938039225,0.020707235361138984,-0.0014776214957237244,0.011933902433762949
encoder.layers.2.self_attn.q_proj,768,gtsrb,sun397,8,26,coupling,47,0.05007701367139816,0.12232271581888199,0.010416666666666666,0.030508233544727165,0.11546376347541809,0.0396603470047315,0.019568780126670998,0.006858952343463898,-0.0014776214957237244,0.021046401622394722
encoder.layers.2.self_attn.q_proj,768,gtsrb,svhn,8,26,coupling,47,0.23567646741867065,0.27433258295059204,0.010416666666666666,0.04775224750240644,0.12076520423094432,0.225259800752004,0.1879242199162642,0.1535673787196477,-0.0014776214957237244,0.18940184141198793
encoder.layers.2.self_attn.q_proj,768,mnist,resisc45,8,26,coupling,47,0.03968178480863571,0.12749436497688293,0.010416666666666666,0.024504769127815962,0.10509649043281873,0.029265118141969047,0.01517701568081975,0.02239787454406421,-0.0014776214957237244,0.016654637176543474
encoder.layers.2.self_attn.q_proj,768,mnist,stanford-cars,8,26,coupling,47,0.04550735279917717,0.1533370018005371,0.010416666666666666,0.025468184767911833,0.11083144011596839,0.035090686132510505,0.020039168031265337,0.04250556168456872,-0.0014776214957237244,0.02151678952698906
encoder.layers.2.self_attn.q_proj,768,mnist,sun397,8,26,coupling,47,0.05096551030874252,0.14021706581115723,0.010416666666666666,0.026908312148104113,0.10984681236247222,0.04054884364207586,0.02405719816063841,0.030370253448685006,-0.0014776214957237244,0.025534819656362135
encoder.layers.2.self_attn.q_proj,768,mnist,svhn,8,26,coupling,47,0.2251187562942505,0.3228945732116699,0.010416666666666666,0.049454616072277226,0.1409668599565824,0.21470208962758383,0.17566414022197327,0.18192771325508753,-0.0014776214957237244,0.177141761717697
encoder.layers.2.self_attn.q_proj,768,resisc45,stanford-cars,8,26,coupling,47,0.05423787608742714,0.16848772764205933,0.010416666666666666,0.02298423834145069,0.10032908990979195,0.043821209420760475,0.03125363774597645,0.06815863773226738,-0.0014776214957237244,0.03273125924170017
encoder.layers.2.self_attn.q_proj,768,resisc45,sun397,8,26,coupling,47,0.061975978314876556,0.1627865731716156,0.010416666666666666,0.02487695620705684,0.09896897400418918,0.05155931164820989,0.03709902210781972,0.06381759916742642,-0.0014776214957237244,0.038576643603543445
encoder.layers.2.self_attn.q_proj,768,resisc45,svhn,8,26,coupling,47,0.04022541269659996,0.09677109122276306,0.010416666666666666,0.028634874150156975,0.08804779686033726,0.029808746029933296,0.011590538546442986,0.008723294362425804,-0.0014776214957237244,0.01306816004216671
encoder.layers.2.self_attn.q_proj,768,stanford-cars,sun397,8,26,coupling,47,0.062228668481111526,0.17397020757198334,0.010416666666666666,0.02618650874743859,0.09871131181716919,0.05181200181444486,0.03604215973367293,0.07525889575481415,-0.0014776214957237244,0.037519781229396656
encoder.layers.2.self_attn.q_proj,768,stanford-cars,svhn,8,26,coupling,47,0.028700588271021843,0.09633514285087585,0.010416666666666666,0.028984511426339548,0.0838662392149369,0.01828392160435518,-0.00028392315531770504,0.012468903635938958,-0.0014776214957237244,0.0011936983404060193
encoder.layers.2.self_attn.q_proj,768,sun397,svhn,8,26,coupling,47,0.041989490389823914,0.11694766581058502,0.010416666666666666,0.030721092441429693,0.09834811339775722,0.03157282372315725,0.01126839794839422,0.018599552412827805,-0.0014776214957237244,0.012746019444117945
encoder.layers.2.self_attn.v_proj,768,dtd,eurosat,8,26,coupling,47,0.12320219725370407,0.26705852150917053,0.010416666666666666,0.04412529508893689,0.16108406210939089,0.1127855305870374,0.07907690216476718,0.10597445939977965,-0.007524624466896057,0.08660152663166323
encoder.layers.2.self_attn.v_proj,768,dtd,gtsrb,8,26,coupling,47,0.11327410489320755,0.19815640151500702,0.010416666666666666,0.038180827939261995,0.12192186837395032,0.10285743822654088,0.07509327695394555,0.0762345331410567,-0.007524624466896057,0.0826179014208416
encoder.layers.2.self_attn.v_proj,768,dtd,mnist,8,26,coupling,47,0.10272645950317383,0.1930222064256668,0.010416666666666666,0.039611498514811196,0.14094882706801096,0.09230979283650716,0.06311496098836264,0.05207337935765585,-0.007524624466896057,0.0706395854552587
encoder.layers.2.self_attn.v_proj,768,dtd,resisc45,8,26,coupling,47,0.15287472307682037,0.2859715521335602,0.010416666666666666,0.031738582998514175,0.1280655898153782,0.14245805641015372,0.1211361400783062,0.157905962318182,-0.007524624466896057,0.12866076454520226
encoder.layers.2.self_attn.v_proj,768,dtd,stanford-cars,8,26,coupling,47,0.15639041364192963,0.329515278339386,0.010416666666666666,0.04282194282859564,0.18052771190802255,0.14597374697526297,0.11356847081333399,0.14898756643136343,-0.007524624466896057,0.12109309528023005
encoder.layers.2.self_attn.v_proj,768,dtd,sun397,8,26,coupling,47,0.23286794126033783,0.4118609130382538,0.010416666666666666,0.04780240667363008,0.1813142200311025,0.22245127459367117,0.18506553458670774,0.23054669300715128,-0.007524624466896057,0.1925901590536038
encoder.layers.2.self_attn.v_proj,768,dtd,svhn,8,26,coupling,47,0.07836199551820755,0.1587700992822647,0.010416666666666666,0.03734687125931183,0.12344193831086159,0.06794532885154088,0.04101512425889572,0.03532816097140312,-0.007524624466896057,0.048539748725791775
encoder.layers.2.self_attn.v_proj,768,eurosat,gtsrb,8,26,coupling,47,0.20466774702072144,0.27911293506622314,0.010416666666666666,0.03781945879260699,0.11990118585526943,0.19425108035405478,0.16684828822811446,0.1592117492109537,-0.007524624466896057,0.1743729126950105
encoder.layers.2.self_attn.v_proj,768,eurosat,mnist,8,26,coupling,47,0.10795971751213074,0.20458877086639404,0.010416666666666666,0.03403797124822935,0.1146607877065738,0.09754305084546407,0.07392174626390138,0.08992798315982024,-0.007524624466896057,0.08144637073079744
encoder.layers.2.self_attn.v_proj,768,eurosat,resisc45,8,26,coupling,47,0.10007326304912567,0.22114525735378265,0.010416666666666666,0.03916764569779237,0.12423627947767575,0.089656596382459,0.0609056173513333,0.0969089778761069,-0.007524624466896057,0.06843024181822935
encoder.layers.2.self_attn.v_proj,768,eurosat,stanford-cars,8,26,coupling,47,0.09986560791730881,0.2679399847984314,0.010416666666666666,0.04346941830590367,0.16435524945457777,0.08944894125064214,0.056396189611405134,0.10358473534385362,-0.007524624466896057,0.06392081407830119
encoder.layers.2.self_attn.v_proj,768,eurosat,sun397,8,26,coupling,47,0.11897432804107666,0.28478699922561646,0.010416666666666666,0.045859868017335735,0.1762702912092209,0.10855766137440999,0.07311446002374092,0.10851670801639557,-0.007524624466896057,0.08063908449063698
encoder.layers.2.self_attn.v_proj,768,eurosat,svhn,8,26,coupling,47,0.19495676457881927,0.2695569097995758,0.010416666666666666,0.0407943072107931,0.11507720065613587,0.18454009791215262,0.15416245736802617,0.15447970914343995,-0.007524624466896057,0.16168708183492222
encoder.layers.2.self_attn.v_proj,768,gtsrb,mnist,8,26,coupling,47,0.25358447432518005,0.3246237635612488,0.010416666666666666,0.0458389592046539,0.13836712886889777,0.2431678076585134,0.20774551512052616,0.18625663469235101,-0.007524624466896057,0.21527013958742222
encoder.layers.2.self_attn.v_proj,768,gtsrb,resisc45,8,26,coupling,47,0.060889072716236115,0.1371346116065979,0.010416666666666666,0.03082463936880231,0.09396150521934032,0.05047240604956945,0.030064433347433805,0.043173106387257576,-0.007524624466896057,0.03758905781432986
encoder.layers.2.self_attn.v_proj,768,gtsrb,stanford-cars,8,26,coupling,47,0.1132548525929451,0.21479350328445435,0.010416666666666666,0.04358095427354177,0.12906324615081152,0.10283818592627843,0.06967389831940332,0.08573025713364282,-0.007524624466896057,0.07719852278629938
encoder.layers.2.self_attn.v_proj,768,gtsrb,sun397,8,26,coupling,47,0.09854567795991898,0.20328809320926666,0.010416666666666666,0.04243310261517763,0.14913097769021988,0.0881290112932523,0.056112575344741344,0.05415711551904678,-0.007524624466896057,0.0636371998116374
encoder.layers.2.self_attn.v_proj,768,gtsrb,svhn,8,26,coupling,47,0.30145177245140076,0.39162367582321167,0.010416666666666666,0.04415544712295135,0.14282963673273721,0.29103510578473407,0.2572963253284494,0.24879403909047446,-0.007524624466896057,0.2648209497953455
encoder.layers.2.self_attn.v_proj,768,mnist,resisc45,8,26,coupling,47,0.055686816573143005,0.14099717140197754,0.010416666666666666,0.024835681542754173,0.08922202388445537,0.04527014990647634,0.030851135030388832,0.05177514751752217,-0.007524624466896057,0.03837575949728489
encoder.layers.2.self_attn.v_proj,768,mnist,stanford-cars,8,26,coupling,47,0.10920077562332153,0.21714289486408234,0.010416666666666666,0.04215218685567379,0.14161471277475357,0.09878410895665486,0.06704858876764774,0.07552818208932877,-0.007524624466896057,0.0745732132345438
encoder.layers.2.self_attn.v_proj,768,mnist,sun397,8,26,coupling,47,0.0849638357758522,0.17363281548023224,0.010416666666666666,0.039434704619149365,0.14559669978916645,0.07454716910918553,0.04552913115670284,0.02803611569106579,-0.007524624466896057,0.053053755623598896
encoder.layers.2.self_attn.v_proj,768,mnist,svhn,8,26,coupling,47,0.21591651439666748,0.30836933851242065,0.010416666666666666,0.05095646561433872,0.1372059645752112,0.20549984773000082,0.16496004878232876,0.17116337393720946,-0.007524624466896057,0.1724846732492248
encoder.layers.2.self_attn.v_proj,768,resisc45,stanford-cars,8,26,coupling,47,0.11735563725233078,0.2545984387397766,0.010416666666666666,0.034994458158810936,0.12810511452456316,0.10693897058566411,0.08236117909351984,0.12649332421521345,-0.007524624466896057,0.0898858035604159
encoder.layers.2.self_attn.v_proj,768,resisc45,sun397,8,26,coupling,47,0.12680047750473022,0.2771576941013336,0.010416666666666666,0.03290231479331851,0.13241439995666346,0.11638381083806355,0.09389816271141171,0.14474329414467016,-0.007524624466896057,0.10142278717830777
encoder.layers.2.self_attn.v_proj,768,resisc45,svhn,8,26,coupling,47,0.05033326894044876,0.12448251247406006,0.010416666666666666,0.02799004487072428,0.08839990322788556,0.0399166022737821,0.02234322406972448,0.0360826092461745,-0.007524624466896057,0.02986784853662054
encoder.layers.2.self_attn.v_proj,768,stanford-cars,sun397,8,26,coupling,47,0.24048325419425964,0.4090959131717682,0.010416666666666666,0.04658272210508585,0.17563600093126297,0.230066587527593,0.1939005320891738,0.23345991224050522,-0.007524624466896057,0.20142515655606985
encoder.layers.2.self_attn.v_proj,768,stanford-cars,svhn,8,26,coupling,47,0.07597260177135468,0.17207081615924835,0.010416666666666666,0.03968916259085139,0.121579193820556,0.065555935104688,0.03628343918050329,0.05049162233869235,-0.007524624466896057,0.043808063647399344
encoder.layers.2.self_attn.v_proj,768,sun397,svhn,8,26,coupling,47,0.08937681466341019,0.17905119061470032,0.010416666666666666,0.04313719365745783,0.14075795002281666,0.07896014799674352,0.04623962100595236,0.03829324059188366,-0.007524624466896057,0.053764245472848415
encoder.layers.3.self_attn.q_proj,768,dtd,eurosat,8,41,coupling,48,0.08789558708667755,0.1347384750843048,0.010416666666666666,0.03504977856452266,0.08959997072815895,0.07747892042001088,0.05284580852215489,0.04513850435614586,0.004657872021198273,0.04818793650095662
encoder.layers.3.self_attn.q_proj,768,dtd,gtsrb,8,41,coupling,48,0.060256846249103546,0.10413516312837601,0.010416666666666666,0.03129774844273925,0.07563959682981174,0.04984017958243688,0.028959097806364298,0.02849556629856427,0.004657872021198273,0.024301225785166025
encoder.layers.3.self_attn.q_proj,768,dtd,mnist,8,41,coupling,48,0.05849631875753403,0.08751984685659409,0.010416666666666666,0.03371321844557921,0.06932823825627565,0.04807965209086736,0.02478310031195482,0.018191608600318432,0.004657872021198273,0.020125228290756546
encoder.layers.3.self_attn.q_proj,768,dtd,resisc45,8,41,coupling,48,0.07443047314882278,0.1317794770002365,0.010416666666666666,0.024143045923362177,0.06324815408637126,0.06401380648215611,0.050287427225460604,0.06853132291386525,0.004657872021198273,0.04562955520426233
encoder.layers.3.self_attn.q_proj,768,dtd,stanford-cars,8,41,coupling,48,0.05126271769404411,0.1102619469165802,0.010416666666666666,0.026740964967757463,0.07422727501640718,0.04084605102737745,0.02452175272628665,0.036034671900173024,0.004657872021198273,0.019863880705088377
encoder.layers.3.self_attn.q_proj,768,dtd,sun397,8,41,coupling,48,0.04903041943907738,0.13041852414608002,0.010416666666666666,0.023005468770861626,0.08116127923130989,0.03861375277241071,0.02602495066821575,0.049257244914770126,0.004657872021198273,0.02136707864701748
encoder.layers.3.self_attn.q_proj,768,dtd,svhn,8,41,coupling,48,0.05559826269745827,0.09881548583507538,0.010416666666666666,0.032480453296254076,0.06898720686634381,0.0451815960307916,0.02311780940120419,0.029828278968731567,0.004657872021198273,0.01845993738000592
encoder.layers.3.self_attn.q_proj,768,eurosat,gtsrb,8,41,coupling,48,0.1463337391614914,0.14221391081809998,0.010416666666666666,0.054060917968551316,0.10126962512731552,0.13591707249482474,0.09227282119294009,0.040944285690784454,0.004657872021198273,0.08761494917174181
encoder.layers.3.self_attn.q_proj,768,eurosat,mnist,8,41,coupling,48,0.11943265795707703,0.11515196412801743,0.010416666666666666,0.05533200316131115,0.09439412193993728,0.10901599129041036,0.06410065479576588,0.020757842188080147,0.004657872021198273,0.059442782774567604
encoder.layers.3.self_attn.q_proj,768,eurosat,resisc45,8,41,coupling,48,0.09138388931751251,0.12526802718639374,0.010416666666666666,0.03797710267826915,0.07712735577176015,0.08096722265084584,0.053406786639243364,0.04814067141463359,0.004657872021198273,0.04874891461804509
encoder.layers.3.self_attn.q_proj,768,eurosat,stanford-cars,8,41,coupling,48,0.05929917097091675,0.10325558483600616,0.010416666666666666,0.03723078407347202,0.09284503447512786,0.048882504304250084,0.022068386897444725,0.010410550360878304,0.004657872021198273,0.017410514876246452
encoder.layers.3.self_attn.q_proj,768,eurosat,sun397,8,41,coupling,48,0.04209402948617935,0.11214928328990936,0.010416666666666666,0.0321840283771356,0.09557226113975048,0.03167736281951269,0.009910001109043755,0.016577022150158882,0.004657872021198273,0.005252129087845482
encoder.layers.3.self_attn.q_proj,768,eurosat,svhn,8,41,coupling,48,0.17367660999298096,0.14326982200145721,0.010416666666666666,0.06578970731546481,0.10022830155988534,0.1632599433263143,0.10788690267751615,0.043041520441571876,0.004657872021198273,0.10322903065631787
encoder.layers.3.self_attn.q_proj,768,gtsrb,mnist,8,41,coupling,48,0.19772647321224213,0.19822978973388672,0.010416666666666666,0.06537754119684298,0.09910282865166664,0.18730980654557547,0.13234893201539916,0.09912696108222008,0.004657872021198273,0.12769105999420088
encoder.layers.3.self_attn.q_proj,768,gtsrb,resisc45,8,41,coupling,48,0.05682032182812691,0.08846546709537506,0.010416666666666666,0.032822913800676666,0.07103073814262946,0.04640365516146024,0.02399740802745024,0.0174347289527456,0.004657872021198273,0.01933953600625197
encoder.layers.3.self_attn.q_proj,768,gtsrb,stanford-cars,8,41,coupling,48,0.05300215631723404,0.10177666693925858,0.010416666666666666,0.030713692773133516,0.07520501936475436,0.042585489650567375,0.022288463544100523,0.026571647574504212,0.004657872021198273,0.01763059152290225
encoder.layers.3.self_attn.q_proj,768,gtsrb,sun397,8,41,coupling,48,0.04184441640973091,0.10521842539310455,0.010416666666666666,0.033426330580065645,0.09042234470446904,0.03142774974306425,0.008418085829665266,0.014796080688635513,0.004657872021198273,0.003760213808466993
encoder.layers.3.self_attn.q_proj,768,gtsrb,svhn,8,41,coupling,48,0.30222126841545105,0.31300088763237,0.010416666666666666,0.08286725357174873,0.1101019848138094,0.29180460174878436,0.21935401484370232,0.2028989028185606,0.004657872021198273,0.21469614282250404
encoder.layers.3.self_attn.q_proj,768,mnist,resisc45,8,41,coupling,48,0.04687725380063057,0.06970971077680588,0.010416666666666666,0.03534800745546818,0.06817032552013795,0.036460587133963905,0.011529246345162392,0.0015393852566679272,0.004657872021198273,0.006871374323964119
encoder.layers.3.self_attn.q_proj,768,mnist,stanford-cars,8,41,coupling,48,0.04853719845414162,0.0959041491150856,0.010416666666666666,0.034675588831305504,0.07387206020454566,0.03812053178747495,0.013861609622836113,0.02203208891053994,0.004657872021198273,0.00920373760163784
encoder.layers.3.self_attn.q_proj,768,mnist,sun397,8,41,coupling,48,0.03281756862998009,0.08115486055612564,0.010416666666666666,0.030611705500632524,0.07590166882922252,0.022400901963313423,0.002205863129347563,0.005253191726903125,0.004657872021198273,-0.00245200889185071
encoder.layers.3.self_attn.q_proj,768,mnist,svhn,8,41,coupling,48,0.23798315227031708,0.24524210393428802,0.010416666666666666,0.07561940389374892,0.09743992860118549,0.22756648560365042,0.16236374837656814,0.14780217533310253,0.004657872021198273,0.15770587635536987
encoder.layers.3.self_attn.q_proj,768,resisc45,stanford-cars,8,41,coupling,48,0.062292590737342834,0.1266779750585556,0.010416666666666666,0.028413541459788878,0.07655287316689889,0.05187592407067617,0.03387904927755396,0.05012510189165671,0.004657872021198273,0.029221177256355688
encoder.layers.3.self_attn.q_proj,768,resisc45,sun397,8,41,coupling,48,0.06095689907670021,0.12299521267414093,0.010416666666666666,0.02386983980735143,0.07940626827379067,0.050540232410033546,0.037087059269348785,0.04358894440035026,0.004657872021198273,0.03242918724815051
encoder.layers.3.self_attn.q_proj,768,resisc45,svhn,8,41,coupling,48,0.04304581135511398,0.05757728964090347,0.010416666666666666,0.03559004453321298,0.06814257272829612,0.03262914468844732,0.007455766821901001,-0.010565283087392643,0.004657872021198273,0.0027978948007027285
encoder.layers.3.self_attn.q_proj,768,stanford-cars,sun397,8,41,coupling,48,0.06556828320026398,0.1624443084001541,0.010416666666666666,0.02339203453933199,0.08503820685048898,0.05515161653359731,0.04217624866093199,0.07740610154966514,0.004657872021198273,0.037518376639733717
encoder.layers.3.self_attn.q_proj,768,stanford-cars,svhn,8,41,coupling,48,0.04501638561487198,0.06346902251243591,0.010416666666666666,0.03560441251223286,0.07370650830368201,0.034599718948205314,0.009411973102639117,-0.010237485791246101,0.004657872021198273,0.004754101081440844
encoder.layers.3.self_attn.q_proj,768,sun397,svhn,8,41,coupling,48,0.03946758434176445,0.08157707750797272,0.010416666666666666,0.03558516222983599,0.07987459531674783,0.029050917675097786,0.003882422111928463,0.0017024821912248883,0.004657872021198273,-0.0007754499092698097
encoder.layers.3.self_attn.v_proj,768,dtd,eurosat,8,41,coupling,48,0.08229368925094604,0.11946208775043488,0.010416666666666666,0.021811993326991796,0.05829473678022623,0.07187702258427937,0.06048169592395425,0.061167350970208645,0.0026860311627388,0.05779566476121545
encoder.layers.3.self_attn.v_proj,768,dtd,gtsrb,8,41,coupling,48,0.05298512056469917,0.0855083242058754,0.010416666666666666,0.021944082342088223,0.05579685947547356,0.04256845389803251,0.03104103822261095,0.029711464730401836,0.0026860311627388,0.02835500705987215
encoder.layers.3.self_attn.v_proj,768,dtd,mnist,8,41,coupling,48,0.064194455742836,0.08177505433559418,0.010416666666666666,0.019461488196005423,0.0397480766599377,0.053777789076169334,0.04473296754683058,0.042026977675656475,0.0026860311627388,0.04204693638409178
encoder.layers.3.self_attn.v_proj,768,dtd,resisc45,8,41,coupling,48,0.09347806125879288,0.1438300460577011,0.010416666666666666,0.01808973851924141,0.04878368911643823,0.0830613945921262,0.07538832273955147,0.09504635694126287,0.0026860311627388,0.07270229157681267
encoder.layers.3.self_attn.v_proj,768,dtd,stanford-cars,8,41,coupling,48,0.07267555594444275,0.12710432708263397,0.010416666666666666,0.02078577084466815,0.06304036267101765,0.062258889277776085,0.0518897850997746,0.06406396441161633,0.0026860311627388,0.0492037539370358
encoder.layers.3.self_attn.v_proj,768,dtd,sun397,8,41,coupling,48,0.12648430466651917,0.18835031986236572,0.010416666666666666,0.021730668066690367,0.06532195055236419,0.1160676379998525,0.1047536365998288,0.12302836931000154,0.0026860311627388,0.10206760543709
encoder.layers.3.self_attn.v_proj,768,dtd,svhn,8,41,coupling,48,0.04451502487063408,0.05896184593439102,0.010416666666666666,0.02207258902490139,0.04782320031275352,0.034098358203967415,0.02244243584573269,0.011138645621637501,0.0026860311627388,0.01975640468299389
encoder.layers.3.self_attn.v_proj,768,eurosat,gtsrb,8,41,coupling,48,0.14799869060516357,0.16626253724098206,0.010416666666666666,0.042540705452362694,0.0755975308517615,0.13758202393849692,0.10545798515280089,0.09066500638922055,0.0026860311627388,0.10277195399006209
encoder.layers.3.self_attn.v_proj,768,eurosat,mnist,8,41,coupling,48,0.1141238808631897,0.12041448056697845,0.010416666666666666,0.0378863331861794,0.05790340217451254,0.10370721419652303,0.0762375476770103,0.06251107839246592,0.0026860311627388,0.0735515165142715
encoder.layers.3.self_attn.v_proj,768,eurosat,resisc45,8,41,coupling,48,0.08786768466234207,0.16452856361865997,0.010416666666666666,0.02613164111971855,0.06596963076541822,0.0774510179956754,0.06173604354262352,0.09855893285324176,0.0026860311627388,0.05905001237988472
encoder.layers.3.self_attn.v_proj,768,eurosat,stanford-cars,8,41,coupling,48,0.07331204414367676,0.12338903546333313,0.010416666666666666,0.031700569204986095,0.07727839269985755,0.06289537747701009,0.04161147493869066,0.04611064276347558,0.0026860311627388,0.03892544377595186
encoder.layers.3.self_attn.v_proj,768,eurosat,sun397,8,41,coupling,48,0.07241937518119812,0.14056026935577393,0.010416666666666666,0.028459235404928524,0.07407534774392843,0.062002708514531456,0.0439601397762696,0.0664849216118455,0.0026860311627388,0.0412741086135308
encoder.layers.3.self_attn.v_proj,768,eurosat,svhn,8,41,coupling,48,0.14284023642539978,0.14404352009296417,0.010416666666666666,0.03818258550018072,0.06351011836280425,0.13242356975873312,0.10465765092521906,0.08053340173015992,0.0026860311627388,0.10197161976248026
encoder.layers.3.self_attn.v_proj,768,gtsrb,mnist,8,41,coupling,48,0.20629945397377014,0.20284952223300934,0.010416666666666666,0.05691262303541104,0.06817297295977671,0.19588278730710348,0.1493868309383591,0.13467654927323264,0.0026860311627388,0.1467007997756203
encoder.layers.3.self_attn.v_proj,768,gtsrb,resisc45,8,41,coupling,48,0.04080197215080261,0.0771743506193161,0.010416666666666666,0.024139256061365206,0.05921617864320675,0.030385305484135948,0.016662716089437406,0.017958171976109348,0.0026860311627388,0.013976684926698606
encoder.layers.3.self_attn.v_proj,768,gtsrb,stanford-cars,8,41,coupling,48,0.06577376276254654,0.11724746227264404,0.010416666666666666,0.03436188508446018,0.0872819721698761,0.055357096095879875,0.03141187767808636,0.029965490102767944,0.0026860311627388,0.028725846515347563
encoder.layers.3.self_attn.v_proj,768,gtsrb,sun397,8,41,coupling,48,0.04927140474319458,0.09513910859823227,0.010416666666666666,0.03261167028297981,0.07399723989268144,0.038854738076527916,0.01665973446021477,0.021141868705550834,0.0026860311627388,0.013973703297475971
encoder.layers.3.self_attn.v_proj,768,gtsrb,svhn,8,41,coupling,48,0.29933759570121765,0.30928289890289307,0.010416666666666666,0.07642028356591861,0.09589697917302449,0.28892092903455097,0.22291731213529903,0.2133859197298686,0.0026860311627388,0.22023128097256023
encoder.layers.3.self_attn.v_proj,768,mnist,resisc45,8,41,coupling,48,0.036165446043014526,0.05166151374578476,0.010416666666666666,0.022779289167374372,0.046246660562853016,0.025748779376347862,0.013386156875640154,0.005414853182931743,0.0026860311627388,0.010700125712901354
encoder.layers.3.self_attn.v_proj,768,mnist,stanford-cars,8,41,coupling,48,0.06728799641132355,0.1000080481171608,0.010416666666666666,0.034165575013806425,0.06997460840890805,0.05687132974465688,0.03312242139751712,0.030033439708252743,0.0026860311627388,0.030436390234778322
encoder.layers.3.self_attn.v_proj,768,mnist,sun397,8,41,coupling,48,0.05445823818445206,0.08441025018692017,0.010416666666666666,0.027165576660384733,0.05599934980273247,0.04404157151778539,0.027292661524067324,0.0284109003841877,0.0026860311627388,0.024606630361328524
encoder.layers.3.self_attn.v_proj,768,mnist,svhn,8,41,coupling,48,0.2044305056333542,0.18666678667068481,0.010416666666666666,0.05796664021909237,0.07462269316116969,0.19401383896668753,0.14646386541426182,0.11204409350951512,0.0026860311627388,0.14377783425152302
encoder.layers.3.self_attn.v_proj,768,resisc45,stanford-cars,8,41,coupling,48,0.08090031147003174,0.1292717158794403,0.010416666666666666,0.024968406418338418,0.07283101417124271,0.07048364480336507,0.05593190505169332,0.056440701708197594,0.0026860311627388,0.05324587388895452
encoder.layers.3.self_attn.v_proj,768,resisc45,sun397,8,41,coupling,48,0.07076137512922287,0.11866040527820587,0.010416666666666666,0.019594178923095267,0.07217897505809863,0.060344708462556206,0.0511671962061276,0.04648143022010724,0.0026860311627388,0.0484811650433888
encoder.layers.3.self_attn.v_proj,768,resisc45,svhn,8,41,coupling,48,0.039461977779865265,0.06271592527627945,0.010416666666666666,0.024074170272797346,0.05436067841947079,0.0290453111131986,0.015387807507067919,0.008355246856808662,0.0026860311627388,0.012701776344329119
encoder.layers.3.self_attn.v_proj,768,stanford-cars,sun397,8,41,coupling,48,0.12870924174785614,0.21319641172885895,0.010416666666666666,0.02668139322971304,0.0863453804825743,0.11829257508118947,0.1020278485181431,0.12685103124628466,0.0026860311627388,0.0993418173554043
encoder.layers.3.self_attn.v_proj,768,stanford-cars,svhn,8,41,coupling,48,0.0608317069709301,0.09969126433134079,0.010416666666666666,0.03256824643661579,0.07737878958384196,0.050415040304263435,0.028263460534314312,0.022312474747498826,0.0026860311627388,0.025577429371575512
encoder.layers.3.self_attn.v_proj,768,sun397,svhn,8,41,coupling,48,0.053217411041259766,0.07481805980205536,0.010416666666666666,0.03151188682143887,0.06946769480903943,0.0428007443745931,0.021705524219820894,0.00535036499301593,0.0026860311627388,0.019019493057082094
encoder.layers.4.self_attn.q_proj,768,dtd,eurosat,8,46,coupling,49,0.08797872066497803,0.1382862776517868,0.010416666666666666,0.03446567477658391,0.07509160786867142,0.07756205399831136,0.05351304588839412,0.06319466978311539,0.005701184272766113,0.047811861615628004
encoder.layers.4.self_attn.q_proj,768,dtd,gtsrb,8,46,coupling,49,0.05679357796907425,0.08515363186597824,0.010416666666666666,0.02828224329277873,0.06527719770868619,0.046376911302407585,0.02851133467629552,0.019876434157292053,0.005701184272766113,0.022810150403529406
encoder.layers.4.self_attn.q_proj,768,dtd,mnist,8,46,coupling,49,0.05142737925052643,0.07861162722110748,0.010416666666666666,0.02562616424014171,0.06214266705016295,0.041010712583859764,0.02580121501038472,0.016468960170944534,0.005701184272766113,0.020100030737618606
encoder.layers.4.self_attn.q_proj,768,dtd,resisc45,8,46,coupling,49,0.09501275420188904,0.18928053975105286,0.010416666666666666,0.027425316938509543,0.08046546081701915,0.08459608753522237,0.0675874372633795,0.10881507893403371,0.005701184272766113,0.061886252990613386
encoder.layers.4.self_attn.q_proj,768,dtd,stanford-cars,8,46,coupling,49,0.05487380176782608,0.11744938790798187,0.010416666666666666,0.028418549802154303,0.07996954210102558,0.044457135101159416,0.026455251965671778,0.03747984580695629,0.005701184272766113,0.020754067692905664
encoder.layers.4.self_attn.q_proj,768,dtd,sun397,8,46,coupling,49,0.06767301261425018,0.14466136693954468,0.010416666666666666,0.024967343546450138,0.08012913043300311,0.05725634594758352,0.042705669067800045,0.06453223650654157,0.005701184272766113,0.03700448479503393
encoder.layers.4.self_attn.q_proj,768,dtd,svhn,8,46,coupling,49,0.061919841915369034,0.08746690303087234,0.010416666666666666,0.030206007572511833,0.06655578843007486,0.05150317524870237,0.0317138343428572,0.02091111460079749,0.005701184272766113,0.026012650070091084
encoder.layers.4.self_attn.q_proj,768,eurosat,gtsrb,8,46,coupling,49,0.12305931746959686,0.12961572408676147,0.010416666666666666,0.046891904436051846,0.07271169498562813,0.11264265080293019,0.07616741303354502,0.05690402910113335,0.005701184272766113,0.0704662287607789
encoder.layers.4.self_attn.q_proj,768,eurosat,mnist,8,46,coupling,49,0.11654762923717499,0.11815302073955536,0.010416666666666666,0.046575317780176796,0.0803064750507474,0.10613096257050832,0.0699723114569982,0.037846545688807964,0.005701184272766113,0.06427112718423209
encoder.layers.4.self_attn.q_proj,768,eurosat,resisc45,8,46,coupling,49,0.12591363489627838,0.2114473581314087,0.010416666666666666,0.049450043899317585,0.09783095307648182,0.11549696822961171,0.07646359099696079,0.11361640505492687,0.005701184272766113,0.07076240672419468
encoder.layers.4.self_attn.q_proj,768,eurosat,stanford-cars,8,46,coupling,49,0.08452204614877701,0.14084506034851074,0.010416666666666666,0.04301199844727913,0.0934754175444444,0.07410537948211034,0.041510047701497875,0.047369642804066345,0.005701184272766113,0.03580886342873176
encoder.layers.4.self_attn.q_proj,768,eurosat,sun397,8,46,coupling,49,0.08345872163772583,0.16700923442840576,0.010416666666666666,0.04352873905251423,0.09840592245260875,0.07304205497105916,0.0399299825852116,0.06860331197579701,0.005701184272766113,0.034228798312445484
encoder.layers.4.self_attn.q_proj,768,eurosat,svhn,8,46,coupling,49,0.15067866444587708,0.13643747568130493,0.010416666666666666,0.04924759889642397,0.07566920885195334,0.14026199777921042,0.10143106554945311,0.06076826682935159,0.005701184272766113,0.095729881276687
encoder.layers.4.self_attn.q_proj,768,gtsrb,mnist,8,46,coupling,49,0.17623919248580933,0.2234405279159546,0.010416666666666666,0.03970887993151943,0.07558330458899339,0.16582252581914267,0.1365303125542899,0.14785722332696122,0.005701184272766113,0.1308291282815238
encoder.layers.4.self_attn.q_proj,768,gtsrb,resisc45,8,46,coupling,49,0.07122023403644562,0.08960799872875214,0.010416666666666666,0.0416060471907258,0.08041174802929163,0.06080356736977895,0.029614186845719814,0.009196250699460506,0.005701184272766113,0.0239130025729537
encoder.layers.4.self_attn.q_proj,768,gtsrb,stanford-cars,8,46,coupling,49,0.0575292743742466,0.09947521984577179,0.010416666666666666,0.03351590347786745,0.07227423631896575,0.04711260770757993,0.02401337089637915,0.02720098352680604,0.005701184272766113,0.018312186623613037
encoder.layers.4.self_attn.q_proj,768,gtsrb,sun397,8,46,coupling,49,0.05432774871587753,0.09824763983488083,0.010416666666666666,0.03761889940748612,0.07596556966503461,0.04391108204921087,0.016708849308391414,0.02228207016984622,0.005701184272766113,0.011007665035625301
encoder.layers.4.self_attn.q_proj,768,gtsrb,svhn,8,46,coupling,49,0.2310098111629486,0.28809091448783875,0.010416666666666666,0.046823266272743545,0.07406127577026685,0.22059314449628195,0.18418654489020506,0.2140296387175719,0.005701184272766113,0.17848536061743894
encoder.layers.4.self_attn.q_proj,768,mnist,resisc45,8,46,coupling,49,0.05034251511096954,0.08554306626319885,0.010416666666666666,0.037790941850592695,0.08427152285973231,0.03992584844430288,0.012551573260376848,0.001271543403466538,0.005701184272766113,0.006850388987610735
encoder.layers.4.self_attn.q_proj,768,mnist,stanford-cars,8,46,coupling,49,0.09170170873403549,0.14401784539222717,0.010416666666666666,0.039469611210127674,0.08859236538410187,0.08128504206736882,0.05223209752390782,0.055425480008125305,0.005701184272766113,0.046530913251141705
encoder.layers.4.self_attn.q_proj,768,mnist,sun397,8,46,coupling,49,0.04592597857117653,0.08806553483009338,0.010416666666666666,0.03419323141376177,0.08234607987105846,0.035509311904509865,0.011732747157414757,0.00571945495903492,0.005701184272766113,0.006031562884648643
encoder.layers.4.self_attn.q_proj,768,mnist,svhn,8,46,coupling,49,0.20857466757297516,0.2662097215652466,0.010416666666666666,0.04552757119139036,0.08828896594544251,0.1981580009063085,0.1630470963815848,0.17792075561980408,0.005701184272766113,0.15734591210881868
encoder.layers.4.self_attn.q_proj,768,resisc45,stanford-cars,8,46,coupling,49,0.08439809083938599,0.18232890963554382,0.010416666666666666,0.035723366464177765,0.10509200332065423,0.07398142417271932,0.04867472437520822,0.0772369063148896,0.005701184272766113,0.04297354010244211
encoder.layers.4.self_attn.q_proj,768,resisc45,sun397,8,46,coupling,49,0.11397725343704224,0.23582033812999725,0.010416666666666666,0.03580939800788959,0.10951888685425122,0.10356058677037557,0.07816785542915264,0.12630145127574605,0.005701184272766113,0.07246667115638653
encoder.layers.4.self_attn.q_proj,768,resisc45,svhn,8,46,coupling,49,0.08239859342575073,0.0789584144949913,0.010416666666666666,0.04275245312601328,0.08278126517931621,0.07198192675908406,0.03964614029973745,-0.003822850684324905,0.005701184272766113,0.03394495602697134
encoder.layers.4.self_attn.q_proj,768,stanford-cars,sun397,8,46,coupling,49,0.12336362153291702,0.24750861525535583,0.010416666666666666,0.03523329102123777,0.11410736851394176,0.11294695486625035,0.08813033051167926,0.13340124674141407,0.005701184272766113,0.08242914623891315
encoder.layers.4.self_attn.q_proj,768,stanford-cars,svhn,8,46,coupling,49,0.04822450131177902,0.0915159359574318,0.010416666666666666,0.04020570001254479,0.08438790589570999,0.03780783464511236,0.008018801299234234,0.007128030061721802,0.005701184272766113,0.0023176170264681203
encoder.layers.4.self_attn.q_proj,768,sun397,svhn,8,46,coupling,49,0.04852587729692459,0.08557695895433426,0.010416666666666666,0.03447251192604502,0.08470489333073299,0.03810921063025793,0.014053365370879568,0.000872065623601273,0.005701184272766113,0.008352181098113455
encoder.layers.4.self_attn.v_proj,768,dtd,eurosat,8,46,coupling,49,0.057943474501371384,0.09125573933124542,0.010416666666666666,0.020575692877173424,0.047724620128671326,0.04752680783470472,0.03736778162419796,0.043531119202574096,-0.00910862535238266,0.04647640697658062
encoder.layers.4.self_attn.v_proj,768,dtd,gtsrb,8,46,coupling,49,0.042513251304626465,0.06304718554019928,0.010416666666666666,0.01952817151322961,0.04272601380944252,0.0320965846379598,0.022985079791396856,0.02032117173075676,-0.00910862535238266,0.032093705143779516
encoder.layers.4.self_attn.v_proj,768,dtd,mnist,8,46,coupling,49,0.055506154894828796,0.07476671040058136,0.010416666666666666,0.018924084026366472,0.03863159287720919,0.04508948822816213,0.036582070868462324,0.03613511752337217,-0.00910862535238266,0.045690696220844984
encoder.layers.4.self_attn.v_proj,768,dtd,resisc45,8,46,coupling,49,0.08486425876617432,0.12727974355220795,0.010416666666666666,0.017697627656161785,0.04816294523576895,0.07444759209950765,0.06716663111001253,0.079116798316439,-0.00910862535238266,0.07627525646239519
encoder.layers.4.self_attn.v_proj,768,dtd,stanford-cars,8,46,coupling,49,0.0630374401807785,0.10194842517375946,0.010416666666666666,0.01508469833061099,0.04546505740533272,0.05262077351411184,0.04795274185016751,0.05648336776842674,-0.00910862535238266,0.05706136720255017
encoder.layers.4.self_attn.v_proj,768,dtd,sun397,8,46,coupling,49,0.08476373553276062,0.13517355918884277,0.010416666666666666,0.0158412076998502,0.05025736428797245,0.07434706886609395,0.06892252783291042,0.08491619490087032,-0.00910862535238266,0.07803115318529308
encoder.layers.4.self_attn.v_proj,768,dtd,svhn,8,46,coupling,49,0.05132843554019928,0.07910580933094025,0.010416666666666666,0.017689211604495842,0.04272079095244408,0.040911768873532615,0.03363922393570344,0.03638501837849617,-0.00910862535238266,0.0427478492880861
encoder.layers.4.self_attn.v_proj,768,eurosat,gtsrb,8,46,coupling,49,0.11136726289987564,0.1300015151500702,0.010416666666666666,0.03724801633507013,0.06097590488692125,0.10095059623320897,0.07411924656480551,0.06902561026314893,-0.00910862535238266,0.08322787191718817
encoder.layers.4.self_attn.v_proj,768,eurosat,mnist,8,46,coupling,49,0.07998651266098022,0.09377583861351013,0.010416666666666666,0.030492565594613552,0.05164872979124387,0.06956984599431355,0.04949394706636667,0.04212710882226626,-0.00910862535238266,0.05860257241874933
encoder.layers.4.self_attn.v_proj,768,eurosat,resisc45,8,46,coupling,49,0.12852796912193298,0.22288040816783905,0.010416666666666666,0.029658266343176365,0.07490505402286847,0.11811130245526631,0.09886970277875662,0.1479753541449706,-0.00910862535238266,0.10797832813113928
encoder.layers.4.self_attn.v_proj,768,eurosat,stanford-cars,8,46,coupling,49,0.07670167088508606,0.17112772166728973,0.010416666666666666,0.025719220284372568,0.07967239680389564,0.06628500421841939,0.05098245060071349,0.0914553248633941,-0.00910862535238266,0.06009107595309615
encoder.layers.4.self_attn.v_proj,768,eurosat,sun397,8,46,coupling,49,0.0704556405544281,0.14633488655090332,0.010416666666666666,0.021655448401967686,0.0709892042602102,0.060038973887761436,0.04880019215246041,0.07534568229069312,-0.00910862535238266,0.05790881750484307
encoder.layers.4.self_attn.v_proj,768,eurosat,svhn,8,46,coupling,49,0.1137346401810646,0.13560271263122559,0.010416666666666666,0.034124193247407675,0.06177162006497383,0.10331797351439793,0.07961044693365693,0.07383109256625175,-0.00910862535238266,0.08871907228603959
encoder.layers.4.self_attn.v_proj,768,gtsrb,mnist,8,46,coupling,49,0.13671022653579712,0.15931712090969086,0.010416666666666666,0.03695433074608445,0.05008362947652737,0.12629355986913046,0.09975589578971267,0.1092334914331635,-0.00910862535238266,0.10886452114209533
encoder.layers.4.self_attn.v_proj,768,gtsrb,resisc45,8,46,coupling,49,0.06171045079827309,0.08549284189939499,0.010416666666666666,0.03273676196113229,0.06449222036947806,0.05129378413160642,0.0289736888371408,0.021000621529916927,-0.00910862535238266,0.03808231418952346
encoder.layers.4.self_attn.v_proj,768,gtsrb,stanford-cars,8,46,coupling,49,0.09685041010379791,0.11117180436849594,0.010416666666666666,0.03274135245010257,0.06714125908911228,0.08643374343713124,0.06410905765369534,0.04403054527938366,-0.00910862535238266,0.073217683006078
encoder.layers.4.self_attn.v_proj,768,gtsrb,sun397,8,46,coupling,49,0.06309263408184052,0.06608254462480545,0.010416666666666666,0.028128369090457756,0.06055479062100252,0.05267596741517385,0.03496426499138276,0.005527754003802933,-0.00910862535238266,0.04407289034376542
encoder.layers.4.self_attn.v_proj,768,gtsrb,svhn,8,46,coupling,49,0.2512027621269226,0.2577769458293915,0.010416666666666666,0.04318494411806265,0.06533764178554217,0.24078609546025595,0.20801781800885996,0.1924393040438493,-0.00910862535238266,0.21712644336124262
encoder.layers.4.self_attn.v_proj,768,mnist,resisc45,8,46,coupling,49,0.04400325194001198,0.060747262090444565,0.010416666666666666,0.02497880548859636,0.05265302490442991,0.033586585273345314,0.019024446451415617,0.008094237186014652,-0.00910862535238266,0.028133071803798277
encoder.layers.4.self_attn.v_proj,768,mnist,stanford-cars,8,46,coupling,49,0.06448482722043991,0.08257986605167389,0.010416666666666666,0.024858906865119934,0.048791900277137756,0.05406816055377325,0.03962592035531998,0.03378796577453613,-0.00910862535238266,0.04873454570770264
encoder.layers.4.self_attn.v_proj,768,mnist,sun397,8,46,coupling,49,0.04210301861166954,0.04195086658000946,0.010416666666666666,0.02492001513019204,0.052842674776911736,0.031686351945002876,0.0171830034814775,-0.010891808196902275,-0.00910862535238266,0.02629162883386016
encoder.layers.4.self_attn.v_proj,768,mnist,svhn,8,46,coupling,49,0.19306057691574097,0.20637144148349762,0.010416666666666666,0.0355666057827572,0.05462176073342562,0.1826439102490743,0.15749397113298377,0.151749680750072,-0.00910862535238266,0.16660259648536643
encoder.layers.4.self_attn.v_proj,768,resisc45,stanford-cars,8,46,coupling,49,0.0780998170375824,0.17967477440834045,0.010416666666666666,0.0274381081884106,0.08965686087807019,0.06768315037091573,0.0506617088491718,0.09001791353027026,-0.00910862535238266,0.05977033420155446
encoder.layers.4.self_attn.v_proj,768,resisc45,sun397,8,46,coupling,49,0.11353835463523865,0.2360321581363678,0.010416666666666666,0.02668817217151324,0.09165658863882224,0.10312168796857198,0.0868501824637254,0.14437556949754554,-0.00910862535238266,0.09595880781610806
encoder.layers.4.self_attn.v_proj,768,resisc45,svhn,8,46,coupling,49,0.06149625778198242,0.09951900690793991,0.010416666666666666,0.031796659963826336,0.06981112062931061,0.05107959111531576,0.029699597818156086,0.029707886278629303,-0.00910862535238266,0.038808223170538746
encoder.layers.4.self_attn.v_proj,768,stanford-cars,sun397,8,46,coupling,49,0.1349913775920868,0.204420268535614,0.010416666666666666,0.025318412110209465,0.08248608435193698,0.12457471092542012,0.10967296548187733,0.12193418418367703,-0.00910862535238266,0.11878159083425999
encoder.layers.4.self_attn.v_proj,768,stanford-cars,svhn,8,46,coupling,49,0.07865496724843979,0.09624548256397247,0.010416666666666666,0.030274287487069767,0.06372956155488889,0.06823830058177312,0.04838067976137002,0.032515921009083584,-0.00910862535238266,0.05748930511375268
encoder.layers.4.self_attn.v_proj,768,sun397,svhn,8,46,coupling,49,0.05515583977103233,0.07681658118963242,0.010416666666666666,0.02582473587244749,0.06544029992073774,0.04473917310436567,0.029331103898584843,0.011376281268894672,-0.00910862535238266,0.0384397292509675
encoder.layers.5.self_attn.q_proj,768,dtd,eurosat,8,48,coupling,50,0.1032775416970253,0.1264796257019043,0.010416666666666666,0.03883066431929668,0.07105096740027268,0.09286087503035863,0.06444687737772861,0.055428658301631614,0.014863386750221252,0.04958349062750736
encoder.layers.5.self_attn.q_proj,768,dtd,gtsrb,8,48,coupling,50,0.05310303717851639,0.08489938080310822,0.010416666666666666,0.02537393926953276,0.06817143100003402,0.042686370511849724,0.02772909790898363,0.016727949803074196,0.014863386750221252,0.012865711158762377
encoder.layers.5.self_attn.q_proj,768,dtd,mnist,8,48,coupling,50,0.04613501951098442,0.07043043524026871,0.010416666666666666,0.02640447299927473,0.06438138925780852,0.035718352844317756,0.01973054651170969,0.0060490459824601855,0.014863386750221252,0.004867159761488438
encoder.layers.5.self_attn.q_proj,768,dtd,resisc45,8,48,coupling,50,0.10569500923156738,0.14194880425930023,0.010416666666666666,0.03488735528662801,0.07110690977424383,0.09527834256490071,0.07080765394493937,0.0708418944850564,0.014863386750221252,0.05594426719471812
encoder.layers.5.self_attn.q_proj,768,dtd,stanford-cars,8,48,coupling,50,0.045976076275110245,0.08741790056228638,0.010416666666666666,0.02517788593346874,0.07222673203796148,0.03555940960844358,0.020798190341641504,0.015191168524324894,0.014863386750221252,0.005934803591420252
encoder.layers.5.self_attn.q_proj,768,dtd,sun397,8,48,coupling,50,0.08009855449199677,0.1547452211380005,0.010416666666666666,0.02797874854877591,0.07535298603276412,0.0696818878253301,0.052119805943220854,0.07939223510523637,0.014863386750221252,0.0372564191929996
encoder.layers.5.self_attn.q_proj,768,dtd,svhn,8,48,coupling,50,0.056456390768289566,0.09793362021446228,0.010416666666666666,0.024730468013634283,0.0640322919934988,0.0460397241016229,0.031725922754655286,0.03390132822096348,0.014863386750221252,0.016862536004434034
encoder.layers.5.self_attn.q_proj,768,eurosat,gtsrb,8,48,coupling,50,0.08752921968698502,0.0995926633477211,0.010416666666666666,0.037928098191817604,0.07496270723640919,0.07711255302031834,0.04960112149516741,0.024629956111311913,0.014863386750221252,0.03473773474494616
encoder.layers.5.self_attn.q_proj,768,eurosat,mnist,8,48,coupling,50,0.05868733674287796,0.0870913714170456,0.010416666666666666,0.030592731200158596,0.06782198666284482,0.048270670076211296,0.028094605542719364,0.019269384754200772,0.014863386750221252,0.013231218792498112
encoder.layers.5.self_attn.q_proj,768,eurosat,resisc45,8,48,coupling,50,0.19899532198905945,0.211554616689682,0.010416666666666666,0.05034710063288609,0.07351208633432786,0.1885786553223928,0.14864822135617337,0.13804253035535413,0.014863386750221252,0.1337848346059521
encoder.layers.5.self_attn.q_proj,768,eurosat,stanford-cars,8,48,coupling,50,0.056710489094257355,0.1113477274775505,0.010416666666666666,0.03605004663889607,0.07438870115826528,0.04629382242759069,0.020660442455361284,0.03695902631928523,0.014863386750221252,0.005797055705140032
encoder.layers.5.self_attn.q_proj,768,eurosat,sun397,8,48,coupling,50,0.08792828023433685,0.13424283266067505,0.010416666666666666,0.049511464002231755,0.084188607831796,0.07751161356767018,0.0384168162321051,0.05005422482887904,0.014863386750221252,0.023553429481883846
encoder.layers.5.self_attn.q_proj,768,eurosat,svhn,8,48,coupling,50,0.08610306680202484,0.11372323334217072,0.010416666666666666,0.035134468072404466,0.06949145315835874,0.07568640013535817,0.050968598729620375,0.04423178018381198,0.014863386750221252,0.03610521197939912
encoder.layers.5.self_attn.q_proj,768,gtsrb,mnist,8,48,coupling,50,0.15407054126262665,0.19099761545658112,0.010416666666666666,0.028668932461490233,0.06372034177184105,0.14365387459596,0.1254016088011364,0.12727727368474007,0.014863386750221252,0.11053822205091515
encoder.layers.5.self_attn.q_proj,768,gtsrb,resisc45,8,48,coupling,50,0.05633316561579704,0.06480219960212708,0.010416666666666666,0.035648122895509005,0.07390730486561854,0.04591649894913038,0.020685042720288038,-0.009105105263491467,0.014863386750221252,0.005821655970066786
encoder.layers.5.self_attn.q_proj,768,gtsrb,stanford-cars,8,48,coupling,50,0.049091655761003494,0.08843189477920532,0.010416666666666666,0.02718519497041901,0.07349851882706086,0.03867498909433683,0.021906460790584486,0.01493337595214446,0.014863386750221252,0.0070430740403632335
encoder.layers.5.self_attn.q_proj,768,gtsrb,sun397,8,48,coupling,50,0.041506990790367126,0.06758536398410797,0.010416666666666666,0.03217144605393211,0.07570304069668055,0.031090324123700462,0.009335544736435018,-0.008117676712572575,0.014863386750221252,-0.005527842013786234
encoder.layers.5.self_attn.q_proj,768,gtsrb,svhn,8,48,coupling,50,0.18203046917915344,0.24430473148822784,0.010416666666666666,0.030337618198245764,0.07008460443466902,0.17161380251248678,0.15169285098090768,0.17422012705355883,0.014863386750221252,0.13682946423068643
encoder.layers.5.self_attn.q_proj,768,mnist,resisc45,8,48,coupling,50,0.06352802366018295,0.06611745804548264,0.010416666666666666,0.03377862616131703,0.0698118753110369,0.05311135699351629,0.029749397498865925,-0.0036944172655542645,0.014863386750221252,0.014886010748644672
encoder.layers.5.self_attn.q_proj,768,mnist,stanford-cars,8,48,coupling,50,0.051197364926338196,0.10307697206735611,0.010416666666666666,0.026909974093238514,0.06603287191440661,0.04078069825967153,0.024287390833099682,0.0370441001529495,0.014863386750221252,0.00942400408287843
encoder.layers.5.self_attn.q_proj,768,mnist,sun397,8,48,coupling,50,0.035808201879262924,0.07167118787765503,0.010416666666666666,0.030026919363687437,0.0748007766281565,0.02539153521259626,0.005781282515575487,-0.003129588750501469,0.014863386750221252,-0.009082104234645765
encoder.layers.5.self_attn.q_proj,768,mnist,svhn,8,48,coupling,50,0.2720610201358795,0.36156654357910156,0.010416666666666666,0.032740674912929535,0.07975450499604146,0.26164435346921283,0.23932034522294998,0.2818120385830601,0.014863386750221252,0.22445695847272873
encoder.layers.5.self_attn.q_proj,768,resisc45,stanford-cars,8,48,coupling,50,0.08548309653997421,0.1019706130027771,0.010416666666666666,0.03514112733925382,0.07029930253823598,0.07506642987330754,0.05034196920072039,0.03167131046454112,0.014863386750221252,0.03547858245049914
encoder.layers.5.self_attn.q_proj,768,resisc45,sun397,8,48,coupling,50,0.1444135457277298,0.17957572638988495,0.010416666666666666,0.048121376894414425,0.08041105729838212,0.13399687906106314,0.09629216883331537,0.09916466909150283,0.014863386750221252,0.08142878208309412
encoder.layers.5.self_attn.q_proj,768,resisc45,svhn,8,48,coupling,50,0.0636758878827095,0.07535853236913681,0.010416666666666666,0.036627254293610655,0.074961026199162,0.05325922121604284,0.02704863358909885,0.0003975061699748039,0.014863386750221252,0.012185246838877596
encoder.layers.5.self_attn.q_proj,768,stanford-cars,sun397,8,48,coupling,50,0.09867925941944122,0.15697534382343292,0.010416666666666666,0.03298306853199998,0.08309112799664338,0.08826259275277455,0.06569619088744125,0.07388421582678954,0.014863386750221252,0.050832804137219995
encoder.layers.5.self_attn.q_proj,768,stanford-cars,svhn,8,48,coupling,50,0.043116357177495956,0.09705333411693573,0.010416666666666666,0.026678247842937708,0.07244073133915663,0.03269969051082929,0.01643810933455825,0.024612602777779102,0.014863386750221252,0.001574722584336996
encoder.layers.5.self_attn.q_proj,768,sun397,svhn,8,48,coupling,50,0.0371081605553627,0.08656536787748337,0.010416666666666666,0.03294367312143246,0.08610107998053233,0.026691493888696037,0.00416448743393024,0.000464287896951035,0.014863386750221252,-0.010698899316291012
encoder.layers.5.self_attn.v_proj,768,dtd,eurosat,8,48,coupling,50,0.054785121232271194,0.07616593688726425,0.010416666666666666,0.0162428494853278,0.03831865328053633,0.04436845456560453,0.0385422717469434,0.03784728360672792,0.014868400990962982,0.023673870755980417
encoder.layers.5.self_attn.v_proj,768,dtd,gtsrb,8,48,coupling,50,0.04151485487818718,0.06796831637620926,0.010416666666666666,0.01819406154875954,0.04844661646833023,0.031098188211520515,0.02332079332942764,0.019521699907879032,0.014868400990962982,0.008452392338464659
encoder.layers.5.self_attn.v_proj,768,dtd,mnist,8,48,coupling,50,0.03945726156234741,0.06419951468706131,0.010416666666666666,0.01814155699685216,0.05569418705999851,0.029040594895680748,0.021315704565495253,0.008505327627062798,0.014868400990962982,0.00644730357453227
encoder.layers.5.self_attn.v_proj,768,dtd,resisc45,8,48,coupling,50,0.06858333945274353,0.1416684091091156,0.010416666666666666,0.016165844940890867,0.04452612375219663,0.058166672786076866,0.052417494511852666,0.09714228535691896,0.014868400990962982,0.037549093520889684
encoder.layers.5.self_attn.v_proj,768,dtd,stanford-cars,8,48,coupling,50,0.04602300375699997,0.10351870954036713,0.010416666666666666,0.01678019715473056,0.055746810510754585,0.035606337090333305,0.02924280660226941,0.04777189902961254,0.014868400990962982,0.014374405611306429
encoder.layers.5.self_attn.v_proj,768,dtd,sun397,8,48,coupling,50,0.049299873411655426,0.12269123643636703,0.010416666666666666,0.013916226259122292,0.06415672786533833,0.03888320674498876,0.035383647152533136,0.05853450857102871,0.014868400990962982,0.020515246161570154
encoder.layers.5.self_attn.v_proj,768,dtd,svhn,8,48,coupling,50,0.033922500908374786,0.06040472164750099,0.010416666666666666,0.020174577133730054,0.05649485997855663,0.023505834241708122,0.013747923774644732,0.003909861668944359,0.014868400990962982,-0.0011204772163182497
encoder.layers.5.self_attn.v_proj,768,eurosat,gtsrb,8,48,coupling,50,0.0719892606139183,0.09213059395551682,0.010416666666666666,0.027917349866280954,0.04800420347601175,0.06157259394725164,0.04407191074763735,0.04412639047950506,0.014868400990962982,0.029203509756674365
encoder.layers.5.self_attn.v_proj,768,eurosat,mnist,8,48,coupling,50,0.047304555773735046,0.06180546060204506,0.010416666666666666,0.024638750745604437,0.055969525749484696,0.03688788910706838,0.02266580502813061,0.0058359348525603635,0.014868400990962982,0.0077974040371676274
encoder.layers.5.self_attn.v_proj,768,eurosat,resisc45,8,48,coupling,50,0.09921855479478836,0.11896482855081558,0.010416666666666666,0.024767188200106222,0.04885267714659373,0.08880188812812169,0.07445136659468214,0.07011215140422186,0.014868400990962982,0.05958296560371916
encoder.layers.5.self_attn.v_proj,768,eurosat,stanford-cars,8,48,coupling,50,0.026518775150179863,0.07134655863046646,0.010416666666666666,0.021775242562095325,0.05348728410899639,0.0161021084835132,0.004743532588084538,0.01785927452147007,0.014868400990962982,-0.010124868402878445
encoder.layers.5.self_attn.v_proj,768,eurosat,sun397,8,48,coupling,50,0.04692819342017174,0.10360666364431381,0.010416666666666666,0.019760214801256854,0.05161064304411411,0.03651152675350507,0.027167978618914883,0.0519960206001997,0.014868400990962982,0.012299577627951901
encoder.layers.5.self_attn.v_proj,768,eurosat,svhn,8,48,coupling,50,0.06580705940723419,0.07723678648471832,0.010416666666666666,0.024027558819701273,0.051641557520876326,0.05539039274056753,0.04177950058753292,0.025595228963841997,0.014868400990962982,0.02691109959656994
encoder.layers.5.self_attn.v_proj,768,gtsrb,mnist,8,48,coupling,50,0.11324762552976608,0.1412973552942276,0.010416666666666666,0.03138122521340847,0.07104275623957317,0.10283095886309941,0.08186640031635761,0.07025459905465443,0.014868400990962982,0.06699799932539463
encoder.layers.5.self_attn.v_proj,768,gtsrb,resisc45,8,48,coupling,50,0.03291650488972664,0.06132443994283676,0.010416666666666666,0.024276272393763065,0.05313629129280647,0.022499838223059974,0.008640232495963573,0.008188148650030293,0.014868400990962982,-0.006228168494999409
encoder.layers.5.self_attn.v_proj,768,gtsrb,stanford-cars,8,48,coupling,50,0.04259445518255234,0.07317683845758438,0.010416666666666666,0.023143282781044643,0.06456886697560549,0.03217778851588567,0.019451172401507694,0.008607971481978893,0.014868400990962982,0.004582771410544712
encoder.layers.5.self_attn.v_proj,768,gtsrb,sun397,8,48,coupling,50,0.036843396723270416,0.07314960658550262,0.010416666666666666,0.0190725140273571,0.06192822257677714,0.026426730056603752,0.017770882695913315,0.011221384008725487,0.014868400990962982,0.0029024817049503326
encoder.layers.5.self_attn.v_proj,768,gtsrb,svhn,8,48,coupling,50,0.16253651678562164,0.19173525273799896,0.010416666666666666,0.030256836364666622,0.06823584530502558,0.15211985011895499,0.13227968042095503,0.12349940743297338,0.014868400990962982,0.11741127942999205
encoder.layers.5.self_attn.v_proj,768,mnist,resisc45,8,48,coupling,50,0.04321553185582161,0.0700608640909195,0.010416666666666666,0.025501693443705637,0.06286546401679516,0.032798865189154945,0.017713838412115972,0.007195400074124336,0.014868400990962982,0.0028454374211529902
encoder.layers.5.self_attn.v_proj,768,mnist,stanford-cars,8,48,coupling,50,0.046683527529239655,0.087272509932518,0.010416666666666666,0.023700297810137272,0.07764902710914612,0.03626686086257299,0.022983229719102383,0.009623482823371887,0.014868400990962982,0.0081148287281394
encoder.layers.5.self_attn.v_proj,768,mnist,sun397,8,48,coupling,50,0.030904076993465424,0.07178438454866409,0.010416666666666666,0.023289474037786324,0.08014554592470328,0.02048741032679876,0.0076146029556791,-0.008361161376039192,0.014868400990962982,-0.007253798035283882
encoder.layers.5.self_attn.v_proj,768,mnist,svhn,8,48,coupling,50,0.22856996953487396,0.35376375913619995,0.010416666666666666,0.03145437268540263,0.08981623190144698,0.2181533028682073,0.19711559684947133,0.26394752723475295,0.014868400990962982,0.18224719585850835
encoder.layers.5.self_attn.v_proj,768,resisc45,stanford-cars,8,48,coupling,50,0.05414285510778427,0.09011232852935791,0.010416666666666666,0.01922496462551256,0.0592078793173035,0.04372618844111761,0.034917890482271716,0.03090444921205441,0.014868400990962982,0.020049489491308733
encoder.layers.5.self_attn.v_proj,768,resisc45,sun397,8,48,coupling,50,0.07145882397890091,0.14876170456409454,0.010416666666666666,0.019202356226742268,0.06637010723352432,0.061042157312234245,0.05225646775215864,0.08239159733057022,0.014868400990962982,0.03738806676119566
encoder.layers.5.self_attn.v_proj,768,resisc45,svhn,8,48,coupling,50,0.03624820336699486,0.06776627898216248,0.010416666666666666,0.022609551281978685,0.062327612501879535,0.025831536700328193,0.013638652085016172,0.00543866648028294,0.014868400990962982,-0.0012297489059468099
encoder.layers.5.self_attn.v_proj,768,stanford-cars,sun397,8,48,coupling,50,0.06931716948747635,0.14863713085651398,0.010416666666666666,0.018465395163123805,0.08047137285272281,0.058900502820809685,0.05085177432435255,0.06816575800379117,0.014868400990962982,0.035983373333389565
encoder.layers.5.self_attn.v_proj,768,stanford-cars,svhn,8,48,coupling,50,0.03164438158273697,0.06294984370470047,0.010416666666666666,0.022782046037415665,0.06949891801923513,0.021227714916070305,0.008862335545321304,-0.006549074314534664,0.014868400990962982,-0.006006065445641678
encoder.layers.5.self_attn.v_proj,768,sun397,svhn,8,48,coupling,50,0.023554183542728424,0.07243196666240692,0.010416666666666666,0.01970087302227815,0.0781008821601669,0.013137516876061758,0.0038533105204502753,-0.005668915497759983,0.014868400990962982,-0.011015090470512707
encoder.layers.6.self_attn.q_proj,768,dtd,eurosat,8,64,coupling,44,0.07730807363986969,0.08437109738588333,0.010416666666666666,0.03512642718851566,0.04425232609113058,0.06689140697320302,0.04218164645135403,0.040118771294752754,0.0001874193549156189,0.04199422709643841
encoder.layers.6.self_attn.q_proj,768,dtd,gtsrb,8,64,coupling,44,0.03980718553066254,0.04529477283358574,0.010416666666666666,0.025620095431804657,0.0377830034121871,0.029390518863995872,0.01418709009885788,0.00751176942139864,0.0001874193549156189,0.01399967074394226
encoder.layers.6.self_attn.q_proj,768,dtd,mnist,8,64,coupling,44,0.0392710380256176,0.05276966467499733,0.010416666666666666,0.020999420434236526,0.03509761501724521,0.028854371358950935,0.018271617591381073,0.01767204965775212,0.0001874193549156189,0.018084198236465454
encoder.layers.6.self_attn.q_proj,768,dtd,resisc45,8,64,coupling,44,0.11742018908262253,0.11048024147748947,0.010416666666666666,0.03549724289526542,0.044557802534351744,0.10700352241595586,0.0819229461873571,0.06592243894313773,0.0001874193549156189,0.08173552683244148
encoder.layers.6.self_attn.q_proj,768,dtd,stanford-cars,8,64,coupling,44,0.03315427526831627,0.051729653030633926,0.010416666666666666,0.01997585811962684,0.03695614403113723,0.022737608601649605,0.01317841714868943,0.014773508999496698,0.0001874193549156189,0.012990997793773811
encoder.layers.6.self_attn.q_proj,768,dtd,sun397,8,64,coupling,44,0.06841510534286499,0.08616866916418076,0.010416666666666666,0.03252423958232006,0.05186339374631643,0.057998438676198326,0.035890865760544934,0.03430527541786432,0.0001874193549156189,0.035703446405629315
encoder.layers.6.self_attn.q_proj,768,dtd,svhn,8,64,coupling,44,0.05006272718310356,0.06103014573454857,0.010416666666666666,0.022377824876457453,0.03677188061798612,0.0396460605164369,0.02768490230664611,0.02425826511656245,0.0001874193549156189,0.02749748295173049
encoder.layers.6.self_attn.q_proj,768,eurosat,gtsrb,8,64,coupling,44,0.042841292917728424,0.040145132690668106,0.010416666666666666,0.029016098007559776,0.03563450168197354,0.03242462625106176,0.013825194910168648,0.004510631008694567,0.0001874193549156189,0.013637775555253029
encoder.layers.6.self_attn.q_proj,768,eurosat,mnist,8,64,coupling,44,0.027596227824687958,0.034115880727767944,0.010416666666666666,0.02234577899798751,0.03507618031774958,0.017179561158021293,0.005250448826700449,-0.0009602995899816377,0.0001874193549156189,0.00506302947178483
encoder.layers.6.self_attn.q_proj,768,eurosat,resisc45,8,64,coupling,44,0.22017984092235565,0.20557741820812225,0.010416666666666666,0.04637817603846391,0.04987434080491463,0.209763174255689,0.17380166488389173,0.15570307740320763,0.0001874193549156189,0.1736142455289761
encoder.layers.6.self_attn.q_proj,768,eurosat,stanford-cars,8,64,coupling,44,0.02715132012963295,0.045661427080631256,0.010416666666666666,0.024538690224289894,0.04016791873921951,0.016734653462966285,0.0026126299053430557,0.005493508341411747,0.0001874193549156189,0.002425210550427437
encoder.layers.6.self_attn.q_proj,768,eurosat,sun397,8,64,coupling,44,0.08684991300106049,0.11170963197946548,0.010416666666666666,0.039855264903356634,0.05338435216496388,0.07643324633439381,0.04699464809770385,0.058325279814501606,0.0001874193549156189,0.04680722874278823
encoder.layers.6.self_attn.q_proj,768,eurosat,svhn,8,64,coupling,44,0.03510764613747597,0.03494416922330856,0.010416666666666666,0.025547655454526346,0.035247812823702894,0.024690979470809303,0.009559990682949621,-0.00030364360039433075,0.0001874193549156189,0.009372571328034002
encoder.layers.6.self_attn.q_proj,768,gtsrb,mnist,8,64,coupling,44,0.11791221797466278,0.13092643022537231,0.010416666666666666,0.019999941267694037,0.03278991735229889,0.10749555130799611,0.09791227670696874,0.09813651287307343,0.0001874193549156189,0.09772485735205312
encoder.layers.6.self_attn.q_proj,768,gtsrb,resisc45,8,64,coupling,44,0.049072083085775375,0.04458086937665939,0.010416666666666666,0.033082959397385515,0.03988673444837332,0.03865541641910871,0.01598912368838986,0.004694134928286076,0.0001874193549156189,0.01580170433347424
encoder.layers.6.self_attn.q_proj,768,gtsrb,stanford-cars,8,64,coupling,44,0.05458413064479828,0.06529882550239563,0.010416666666666666,0.0202959474020948,0.03481632983312011,0.044167463978131614,0.03428818324270348,0.030482495669275522,0.0001874193549156189,0.03410076388778786
encoder.layers.6.self_attn.q_proj,768,gtsrb,sun397,8,64,coupling,44,0.05003508925437927,0.057829100638628006,0.010416666666666666,0.027680003239462774,0.04230968157450358,0.03961842258771261,0.0223550860149165,0.015519419064124428,0.0001874193549156189,0.02216766666000088
encoder.layers.6.self_attn.q_proj,768,gtsrb,svhn,8,64,coupling,44,0.17877918481826782,0.18740293383598328,0.010416666666666666,0.025847506398955982,0.03502402858187755,0.16836251815160116,0.15293167841931185,0.15237890525410572,0.0001874193549156189,0.15274425906439623
encoder.layers.6.self_attn.q_proj,768,mnist,resisc45,8,64,coupling,44,0.04163103923201561,0.0691898763179779,0.010416666666666666,0.024680960768212874,0.03944457353403171,0.031214372565348945,0.016950078463802736,0.029745302783946194,0.0001874193549156189,0.016762659108887117
encoder.layers.6.self_attn.q_proj,768,mnist,stanford-cars,8,64,coupling,44,0.03450872376561165,0.059758350253105164,0.010416666666666666,0.017557778395712376,0.033705136738717556,0.024092057098944984,0.016950945369899273,0.026053213514387608,0.0001874193549156189,0.016763526014983654
encoder.layers.6.self_attn.q_proj,768,mnist,sun397,8,64,coupling,44,0.018843427300453186,0.045046620070934296,0.010416666666666666,0.02145897348721822,0.042833950680991016,0.00842676063378652,-0.002615546186765034,0.0022126693899432795,0.0001874193549156189,-0.0028029655416806527
encoder.layers.6.self_attn.q_proj,768,mnist,svhn,8,64,coupling,44,0.29518914222717285,0.3390025198459625,0.010416666666666666,0.018870226029927533,0.03326392468685905,0.28477247556050617,0.2763189161972453,0.30573859515910345,0.0001874193549156189,0.2761314968423297
encoder.layers.6.self_attn.q_proj,768,resisc45,stanford-cars,8,64,coupling,44,0.0614144392311573,0.08920649439096451,0.010416666666666666,0.028010625547418993,0.0477788041656216,0.05099777256449064,0.033403813683738307,0.04142769022534291,0.0001874193549156189,0.03321639432882269
encoder.layers.6.self_attn.q_proj,768,resisc45,sun397,8,64,coupling,44,0.13654543459415436,0.14453652501106262,0.010416666666666666,0.03792880537609259,0.058140188455581665,0.1261287679274877,0.09861662921806177,0.08639633655548096,0.0001874193549156189,0.09842920986314616
encoder.layers.6.self_attn.q_proj,768,resisc45,svhn,8,64,coupling,44,0.05818650871515274,0.08095581084489822,0.010416666666666666,0.028062664282818634,0.04111339493344227,0.047769842048486076,0.030123844432334106,0.03984241591145595,0.0001874193549156189,0.029936425077418487
encoder.layers.6.self_attn.q_proj,768,stanford-cars,sun397,8,64,coupling,44,0.07498764246702194,0.09569323062896729,0.010416666666666666,0.02478385018184781,0.049431170647343,0.06457097580035527,0.05020379228517413,0.04626205998162428,0.0001874193549156189,0.05001637293025851
encoder.layers.6.self_attn.q_proj,768,stanford-cars,svhn,8,64,coupling,44,0.04265868291258812,0.06644653528928757,0.010416666666666666,0.020092714965964358,0.03421481279656291,0.032242016245921455,0.02256596794662376,0.03223172249272466,0.0001874193549156189,0.022378548591708142
encoder.layers.6.self_attn.q_proj,768,sun397,svhn,8,64,coupling,44,0.027034755796194077,0.048236023634672165,0.010416666666666666,0.02368492695192496,0.041870483507712684,0.016618089129527412,0.0033498288442691156,0.0063655401269594805,0.0001874193549156189,0.0031624094893534967
encoder.layers.6.self_attn.v_proj,768,dtd,eurosat,8,64,coupling,44,0.05110686272382736,0.06396151334047318,0.010416666666666666,0.020297924987971783,0.03150802245363593,0.0406901960571607,0.03080893773585558,0.032453490886837244,0.00028774887323379517,0.030521188862621784
encoder.layers.6.self_attn.v_proj,768,dtd,gtsrb,8,64,coupling,44,0.027991998940706253,0.03766573220491409,0.010416666666666666,0.016405597406749923,0.03204140532761812,0.01757533227403959,0.01158640153395633,0.005624326877295971,0.00028774887323379517,0.011298652660722535
encoder.layers.6.self_attn.v_proj,768,dtd,mnist,8,64,coupling,44,0.023149073123931885,0.03014124371111393,0.010416666666666666,0.015456091146916151,0.03239454220359524,0.012732406457265219,0.007692981977015734,-0.0022532984924813135,0.00028774887323379517,0.0074052331037819386
encoder.layers.6.self_attn.v_proj,768,dtd,resisc45,8,64,coupling,44,0.06545639038085938,0.09244126826524734,0.010416666666666666,0.017594908984998863,0.03467085864394903,0.05503972371419271,0.04786148139586051,0.05777040962129831,0.00028774887323379517,0.04757373252262671
encoder.layers.6.self_attn.v_proj,768,dtd,stanford-cars,8,64,coupling,44,0.027982033789157867,0.0489574633538723,0.010416666666666666,0.015065970054517189,0.03521151188760996,0.017565367122491203,0.012916063734640678,0.01374595146626234,0.00028774887323379517,0.012628314861406883
encoder.layers.6.self_attn.v_proj,768,dtd,sun397,8,64,coupling,44,0.03883088380098343,0.09618890285491943,0.010416666666666666,0.016770464135333896,0.040272738629331194,0.028414217134316765,0.022060419665649533,0.05591616422558824,0.00028774887323379517,0.021772670792415738
encoder.layers.6.self_attn.v_proj,768,dtd,svhn,8,64,coupling,44,0.027890803292393684,0.03349163010716438,0.010416666666666666,0.01561311228821675,0.02820376493036747,0.01747413662572702,0.012277691004176935,0.005287865176796913,0.00028774887323379517,0.01198994213094314
encoder.layers.6.self_attn.v_proj,768,eurosat,gtsrb,8,64,coupling,44,0.040345802903175354,0.04279930889606476,0.010416666666666666,0.021646881631265085,0.029876218953480322,0.02992913623650869,0.01869892127191027,0.012923089942584436,0.00028774887323379517,0.018411172398676474
encoder.layers.6.self_attn.v_proj,768,eurosat,mnist,8,64,coupling,44,0.023645229637622833,0.031174693256616592,0.010416666666666666,0.017248510305459302,0.02741273942713936,0.013228562970956167,0.006396719332163531,0.003761953829477232,0.00028774887323379517,0.006108970458929736
encoder.layers.6.self_attn.v_proj,768,eurosat,resisc45,8,64,coupling,44,0.1298222690820694,0.13953521847724915,0.010416666666666666,0.023299042290697496,0.03231689194217324,0.11940560241540273,0.1065232267913719,0.1072183265350759,0.00028774887323379517,0.1062354779181381
encoder.layers.6.self_attn.v_proj,768,eurosat,stanford-cars,8,64,coupling,44,0.03398047387599945,0.03671290725469589,0.010416666666666666,0.016256834380328655,0.03061516598487894,0.023563807209332786,0.017723639495670795,0.006097741269816954,0.00028774887323379517,0.017435890622437
encoder.layers.6.self_attn.v_proj,768,eurosat,sun397,8,64,coupling,44,0.0373997837305069,0.05910133942961693,0.010416666666666666,0.018861774044732254,0.0389981959015131,0.026983117063840233,0.018538009685774643,0.02010314352810383,0.00028774887323379517,0.018250260812540848
encoder.layers.6.self_attn.v_proj,768,eurosat,svhn,8,64,coupling,44,0.03779306262731552,0.031209798529744148,0.010416666666666666,0.017864170872295897,0.026526905751476686,0.027376395960648857,0.019928891755019624,0.004682892778267462,0.00028774887323379517,0.01964114288178583
encoder.layers.6.self_attn.v_proj,768,gtsrb,mnist,8,64,coupling,44,0.10583540797233582,0.1158333569765091,0.010416666666666666,0.01841335332331558,0.030872647805760305,0.09541874130566914,0.08742205464902024,0.08496070917074879,0.00028774887323379517,0.08713430577578644
encoder.layers.6.self_attn.v_proj,768,gtsrb,resisc45,8,64,coupling,44,0.03390248119831085,0.03828531876206398,0.010416666666666666,0.020760043601815898,0.031504463559637465,0.023485814531644188,0.013142437596494954,0.006780855202426515,0.00028774887323379517,0.012854688723261159
encoder.layers.6.self_attn.v_proj,768,gtsrb,stanford-cars,8,64,coupling,44,0.04932878538966179,0.06420747935771942,0.010416666666666666,0.016979024978354573,0.03400974037746588,0.038912118722995125,0.032349760411307216,0.03019773898025354,0.00028774887323379517,0.03206201153807342
encoder.layers.6.self_attn.v_proj,768,gtsrb,sun397,8,64,coupling,44,0.02962697111070156,0.035206496715545654,0.010416666666666666,0.018407517423232395,0.038028198294341564,0.019210304444034897,0.011219453687469166,-0.00282170157879591,0.00028774887323379517,0.01093170481423537
encoder.layers.6.self_attn.v_proj,768,gtsrb,svhn,8,64,coupling,44,0.10649587959051132,0.12760643661022186,0.010416666666666666,0.01829629298299551,0.029816649854183197,0.09607921292384465,0.08819958660751581,0.09778978675603867,0.00028774887323379517,0.08791183773428202
encoder.layers.6.self_attn.v_proj,768,mnist,resisc45,8,64,coupling,44,0.027744252234697342,0.04152439534664154,0.010416666666666666,0.01553982791180412,0.02453717216849327,0.017327585568030678,0.012204424322893223,0.01698722317814827,0.00028774887323379517,0.011916675449659428
encoder.layers.6.self_attn.v_proj,768,mnist,stanford-cars,8,64,coupling,44,0.031359508633613586,0.0416952446103096,0.010416666666666666,0.014543698324511448,0.027905693277716637,0.020942841966946922,0.01681581030910214,0.013789551332592964,0.00028774887323379517,0.016528061435868345
encoder.layers.6.self_attn.v_proj,768,mnist,sun397,8,64,coupling,44,0.013808997347950935,0.02893584966659546,0.010416666666666666,0.015251617645844817,0.03483933598423997,0.0033923306812842693,-0.0014426202978938818,-0.005903486317644514,0.00028774887323379517,-0.001730369171127677
encoder.layers.6.self_attn.v_proj,768,mnist,svhn,8,64,coupling,44,0.188562273979187,0.20763249695301056,0.010416666666666666,0.017006919408837955,0.027325058821588755,0.17814560731252035,0.17155535457034907,0.1803074381314218,0.00028774887323379517,0.17126760569711527
encoder.layers.6.self_attn.v_proj,768,resisc45,stanford-cars,8,64,coupling,44,0.027757667005062103,0.03900863230228424,0.010416666666666666,0.015997509937733412,0.03182003305604061,0.01734100033839544,0.011760157067328691,0.0071885992462436335,0.00028774887323379517,0.011472408194094896
encoder.layers.6.self_attn.v_proj,768,resisc45,sun397,8,64,coupling,44,0.0493258573114872,0.0687386766076088,0.010416666666666666,0.017323263998453815,0.03577501435453693,0.038909190644820534,0.03200259331303339,0.03296366225307187,0.00028774887323379517,0.03171484443979959
encoder.layers.6.self_attn.v_proj,768,resisc45,svhn,8,64,coupling,44,0.026853960007429123,0.03489738702774048,0.010416666666666666,0.01805571559816599,0.027948468768348295,0.01643729334076246,0.008798244409263134,0.006948918259392183,0.00028774887323379517,0.008510495536029339
encoder.layers.6.self_attn.v_proj,768,stanford-cars,sun397,8,64,coupling,44,0.05379199981689453,0.07509315758943558,0.010416666666666666,0.015679578219229977,0.04436848188440005,0.04337533315022787,0.03811242159766455,0.03072467570503553,0.00028774887323379517,0.037824672724430755
encoder.layers.6.self_attn.v_proj,768,stanford-cars,svhn,8,64,coupling,44,0.027221819385886192,0.047798942774534225,0.010416666666666666,0.01608937295774619,0.028087897847096126,0.016805152719219528,0.011132446428140003,0.0197110449274381,0.00028774887323379517,0.010844697554906208
encoder.layers.6.self_attn.v_proj,768,sun397,svhn,8,64,coupling,44,0.018499178811907768,0.04334953427314758,0.010416666666666666,0.01586584692510466,0.03591194671268264,0.008082512145241102,0.0026333318868031093,0.007437587560464941,0.00028774887323379517,0.002345583013569314
encoder.layers.7.self_attn.q_proj,768,dtd,eurosat,8,53,coupling,38,0.06445439159870148,0.09844065457582474,0.010416666666666666,0.031160353993376095,0.050028372866412006,0.05403772493203481,0.033294037605325386,0.04841228170941273,-0.015536077320575714,0.0488301149259011
encoder.layers.7.self_attn.q_proj,768,dtd,gtsrb,8,53,coupling,38,0.024205826222896576,0.034803006798028946,0.010416666666666666,0.01703672343865037,0.03488987761860093,0.01378915955622991,0.007169102784246206,-8.68708205719812e-05,-0.015536077320575714,0.02270518010482192
encoder.layers.7.self_attn.q_proj,768,dtd,mnist,8,53,coupling,38,0.015998009592294693,0.026680290699005127,0.010416666666666666,0.014033869684984287,0.026737837120890617,0.005581342925628027,0.001964139907310406,-5.754642188549042e-05,-0.015536077320575714,0.017500217227886118
encoder.layers.7.self_attn.q_proj,768,dtd,resisc45,8,53,coupling,38,0.07843559235334396,0.1028711348772049,0.010416666666666666,0.031101441166053217,0.05152606715758642,0.06801892568667729,0.04733415118729074,0.05134506771961848,-0.015536077320575714,0.06287022850786646
encoder.layers.7.self_attn.q_proj,768,dtd,stanford-cars,8,53,coupling,38,0.016154583543539047,0.029047058895230293,0.010416666666666666,0.014537473752473792,0.032325330966462694,0.005737916876872381,0.0016171097910652552,-0.0032782720712324007,-0.015536077320575714,0.017153187111640968
encoder.layers.7.self_attn.q_proj,768,dtd,sun397,8,53,coupling,38,0.04049740731716156,0.06017247587442398,0.010416666666666666,0.022053818373630445,0.05717136772970358,0.030080740650494896,0.018443588943531115,0.0030011081447203977,-0.015536077320575714,0.033979666264106825
encoder.layers.7.self_attn.q_proj,768,dtd,svhn,8,53,coupling,38,0.0128591638058424,0.018792718648910522,0.010416666666666666,0.015597637199486295,0.02840774180367589,0.0024424971391757335,-0.002738473393643895,-0.009615023154765368,-0.015536077320575714,0.012797603926931819
encoder.layers.7.self_attn.q_proj,768,eurosat,gtsrb,8,53,coupling,38,0.02039330266416073,0.03437395766377449,0.010416666666666666,0.018166110385209322,0.03122002740080158,0.009976635997494062,0.0022271922789514065,0.00315393026297291,-0.015536077320575714,0.01776326959952712
encoder.layers.7.self_attn.q_proj,768,eurosat,mnist,8,53,coupling,38,0.015794264152646065,0.030361538752913475,0.010416666666666666,0.015319978275025884,0.02636112505570054,0.005377597485979399,0.000474285877620181,0.0040004136972129345,-0.015536077320575714,0.016010363198195897
encoder.layers.7.self_attn.q_proj,768,eurosat,resisc45,8,53,coupling,38,0.2123192399740219,0.25424274802207947,0.010416666666666666,0.037242755138625704,0.054566844987372555,0.20190257330735525,0.1750764848353962,0.19967590303470692,-0.015536077320575714,0.19061256215597192
encoder.layers.7.self_attn.q_proj,768,eurosat,stanford-cars,8,53,coupling,38,0.013542373664677143,0.02223319746553898,0.010416666666666666,0.015727342882504065,0.03269326329852144,0.003125706998010477,-0.0021849692178269216,-0.010460065832982458,-0.015536077320575714,0.013351108102748793
encoder.layers.7.self_attn.q_proj,768,eurosat,sun397,8,53,coupling,38,0.05105188116431236,0.06640322506427765,0.010416666666666666,0.025456213392317295,0.05557244271039963,0.0406352144976457,0.025595667771995068,0.010830782353878021,-0.015536077320575714,0.04113174509257078
encoder.layers.7.self_attn.q_proj,768,eurosat,svhn,8,53,coupling,38,0.018289834260940552,0.025957053527235985,0.010416666666666666,0.018305955609927576,0.030072746487955253,0.007873167594273886,-1.6121348987024192e-05,-0.004115692960719269,-0.015536077320575714,0.01551995597158869
encoder.layers.7.self_attn.q_proj,768,gtsrb,mnist,8,53,coupling,38,0.14497342705726624,0.16423413157463074,0.010416666666666666,0.01585634386477371,0.024928906001150608,0.13455676039059958,0.12911708319249252,0.13930522557348013,-0.015536077320575714,0.14465316051306823
encoder.layers.7.self_attn.q_proj,768,gtsrb,resisc45,8,53,coupling,38,0.02563530206680298,0.040116965770721436,0.010416666666666666,0.023401623747001093,0.037692813823620476,0.015218635400136312,0.0022336783198018857,0.0024241519471009595,-0.015536077320575714,0.0177697556403776
encoder.layers.7.self_attn.q_proj,768,gtsrb,stanford-cars,8,53,coupling,38,0.027742277830839157,0.035209883004426956,0.010416666666666666,0.0150723309100916,0.024728234391659498,0.017325611164172493,0.012669946920747558,0.010481648612767458,-0.015536077320575714,0.02820602424132327
encoder.layers.7.self_attn.q_proj,768,gtsrb,sun397,8,53,coupling,38,0.017841355875134468,0.02884596772491932,0.010416666666666666,0.021314479876309633,0.042873999724785485,0.007424689208467802,-0.003473124001175165,-0.014028031999866165,-0.015536077320575714,0.012062953319400549
encoder.layers.7.self_attn.q_proj,768,gtsrb,svhn,8,53,coupling,38,0.15082956850528717,0.17448846995830536,0.010416666666666666,0.017229058779776096,0.026917155521611374,0.1404129018386205,0.13360050972551107,0.147571314436694,-0.015536077320575714,0.1491365870460868
encoder.layers.7.self_attn.q_proj,768,mnist,resisc45,8,53,coupling,38,0.026577144861221313,0.04081688076257706,0.010416666666666666,0.014959090311701098,0.025949000070492428,0.01616047819455465,0.011618054549520215,0.01486788069208463,-0.015536077320575714,0.02715413187009593
encoder.layers.7.self_attn.q_proj,768,mnist,stanford-cars,8,53,coupling,38,0.01820468343794346,0.021738238632678986,0.010416666666666666,0.012483628078674277,0.018721428389350574,0.0077880167712767925,0.005721055359269181,0.0030168102433284112,-0.015536077320575714,0.021257132679844894
encoder.layers.7.self_attn.q_proj,768,mnist,sun397,8,53,coupling,38,0.010644129477441311,0.022471271455287933,0.010416666666666666,0.01401632729296883,0.03441712850083908,0.0002274628107746448,-0.003372197815527519,-0.011945857045551143,-0.015536077320575714,0.012163879505048195
encoder.layers.7.self_attn.q_proj,768,mnist,svhn,8,53,coupling,38,0.3025839924812317,0.3264090120792389,0.010416666666666666,0.015738579056536157,0.025962582789361477,0.292167325814565,0.28684541342469555,0.3004464292898774,-0.015536077320575714,0.30238149074527126
encoder.layers.7.self_attn.q_proj,768,resisc45,stanford-cars,8,53,coupling,38,0.020299121737480164,0.04332854226231575,0.010416666666666666,0.016949729217837255,0.03414959010357658,0.009882455070813497,0.003349392519642908,0.009178952158739172,-0.015536077320575714,0.018885469840218622
encoder.layers.7.self_attn.q_proj,768,resisc45,sun397,8,53,coupling,38,0.09157666563987732,0.10133474320173264,0.010416666666666666,0.02938678814098239,0.05986670249452194,0.08115999897321065,0.06218987749889493,0.0414680407072107,-0.015536077320575714,0.07772595481947064
encoder.layers.7.self_attn.q_proj,768,resisc45,svhn,8,53,coupling,38,0.016839120537042618,0.0271140206605196,0.010416666666666666,0.018928612970436614,0.029142702153573435,0.006422453870375952,-0.002089492433393996,-0.002028681493053835,-0.015536077320575714,0.013446584887181718
encoder.layers.7.self_attn.q_proj,768,stanford-cars,sun397,8,53,coupling,38,0.03937234729528427,0.07130588591098785,0.010416666666666666,0.01662446651607752,0.041784132830798626,0.028955680628617607,0.022747880779206753,0.029521753080189228,-0.015536077320575714,0.03828395809978247
encoder.layers.7.self_attn.q_proj,768,stanford-cars,svhn,8,53,coupling,38,0.016225900501012802,0.026724357157945633,0.010416666666666666,0.012430013855919242,0.020381022322302062,0.005809233834346136,0.0037958866450935602,0.006343334835643571,-0.015536077320575714,0.019331963965669274
encoder.layers.7.self_attn.q_proj,768,sun397,svhn,8,53,coupling,38,0.014707772061228752,0.025121094658970833,0.010416666666666666,0.015219144833584627,0.03357289684936404,0.004291105394562086,-0.000511372772355875,-0.00845180219039321,-0.015536077320575714,0.01502470454821984
encoder.layers.7.self_attn.v_proj,768,dtd,eurosat,8,53,coupling,38,0.06365947425365448,0.080314502120018,0.010416666666666666,0.02000398576880495,0.03656795403609673,0.053242807586987816,0.04365548848484953,0.043746548083921276,0.001925140619277954,0.041730347865571574
encoder.layers.7.self_attn.v_proj,768,dtd,gtsrb,8,53,coupling,38,0.04891185462474823,0.060893695801496506,0.010416666666666666,0.016138985753059387,0.03233401213462154,0.038495187958081566,0.03277286887168884,0.028559683666874967,0.001925140619277954,0.03084772825241089
encoder.layers.7.self_attn.v_proj,768,dtd,mnist,8,53,coupling,38,0.017971284687519073,0.03957616537809372,0.010416666666666666,0.01403678247394661,0.028761624203373987,0.007554618020852407,0.003934502213572463,0.010814541174719732,0.001925140619277954,0.002009361594294509
encoder.layers.7.self_attn.v_proj,768,dtd,resisc45,8,53,coupling,38,0.07345033437013626,0.116934634745121,0.010416666666666666,0.0209098548317949,0.04795427961895863,0.06303366770346959,0.05254047953834136,0.06898035512616238,0.001925140619277954,0.050615338919063405
encoder.layers.7.self_attn.v_proj,768,dtd,stanford-cars,8,53,coupling,38,0.032424889504909515,0.045519161969423294,0.010416666666666666,0.013063223256419102,0.03318256481240193,0.02200822283824285,0.019361666248490415,0.012336597157021366,0.001925140619277954,0.01743652562921246
encoder.layers.7.self_attn.v_proj,768,dtd,sun397,8,53,coupling,38,0.031712550669908524,0.0778312236070633,0.010416666666666666,0.018941456840063136,0.05635705062498649,0.02129588400324186,0.012771093829845388,0.0214741729820768,0.001925140619277954,0.010845953210567433
encoder.layers.7.self_attn.v_proj,768,dtd,svhn,8,53,coupling,38,0.02958798222243786,0.04436745494604111,0.010416666666666666,0.014049260566631952,0.02769497238720457,0.019171315555771194,0.015538721655805906,0.01667248255883654,0.001925140619277954,0.013613581036527952
encoder.layers.7.self_attn.v_proj,768,eurosat,gtsrb,8,53,coupling,38,0.02921300008893013,0.03580845892429352,0.010416666666666666,0.01737367920577526,0.027991472898672026,0.018796333422263466,0.011839320883154869,0.007816986025621493,0.001925140619277954,0.009914180263876915
encoder.layers.7.self_attn.v_proj,768,eurosat,mnist,8,53,coupling,38,0.015667200088500977,0.020933274179697037,0.010416666666666666,0.012993649734805027,0.02254829726492365,0.0052505334218343105,0.0026735503536959495,-0.0016150230852266141,0.001925140619277954,0.0007484097344179954
encoder.layers.7.self_attn.v_proj,768,eurosat,resisc45,8,53,coupling,38,0.18129627406597137,0.21750134229660034,0.010416666666666666,0.025588459024826687,0.04294792686899503,0.17087960739930472,0.1557078150411447,0.1745534154276053,0.001925140619277954,0.15378267442186674
encoder.layers.7.self_attn.v_proj,768,eurosat,stanford-cars,8,53,coupling,38,0.015855250880122185,0.02635657973587513,0.010416666666666666,0.013249096926301718,0.024860511533915997,0.005438584213455519,0.002606153953820467,0.0014960682019591331,0.001925140619277954,0.0006810133345425129
encoder.layers.7.self_attn.v_proj,768,eurosat,sun397,8,53,coupling,38,0.021334443241357803,0.052000731229782104,0.010416666666666666,0.018928144204740722,0.04162505889932314,0.010917776574691137,0.0024062990366170815,0.010375672330458961,0.001925140619277954,0.0004811584173391274
encoder.layers.7.self_attn.v_proj,768,eurosat,svhn,8,53,coupling,38,0.021380692720413208,0.027833187952637672,0.010416666666666666,0.01636691694147885,0.026185148861259222,0.010964026053746542,0.0050137757789343596,0.0016480390913784504,0.001925140619277954,0.0030886351596564054
encoder.layers.7.self_attn.v_proj,768,gtsrb,mnist,8,53,coupling,38,0.09027904272079468,0.10585832595825195,0.010416666666666666,0.01288169218848149,0.021406004826227825,0.079862376054128,0.07739735053231318,0.08445232113202412,0.001925140619277954,0.07547220991303523
encoder.layers.7.self_attn.v_proj,768,gtsrb,resisc45,8,53,coupling,38,0.029170334339141846,0.03397367149591446,0.010416666666666666,0.0189681271246324,0.035106625563154616,0.01875366767247518,0.010202207214509446,-0.0011329540672401564,0.001925140619277954,0.008277066595231492
encoder.layers.7.self_attn.v_proj,768,gtsrb,stanford-cars,8,53,coupling,38,0.04032684862613678,0.04612613841891289,0.010416666666666666,0.013852785186221203,0.02502713678404689,0.029910181959470115,0.026474063439915575,0.021099001634866,0.001925140619277954,0.02454892282063762
encoder.layers.7.self_attn.v_proj,768,gtsrb,sun397,8,53,coupling,38,0.02375240996479988,0.042451903223991394,0.010416666666666666,0.016407721831152838,0.03770539459461967,0.013335743298133215,0.007344688133647043,0.004746508629371725,0.001925140619277954,0.005419547514369089
encoder.layers.7.self_attn.v_proj,768,gtsrb,svhn,8,53,coupling,38,0.12437306344509125,0.14425794780254364,0.010416666666666666,0.016066232230514288,0.027064467159410317,0.11395639677842458,0.10830683121457696,0.11719348064313333,0.001925140619277954,0.106381690595299
encoder.layers.7.self_attn.v_proj,768,mnist,resisc45,8,53,coupling,38,0.022869668900966644,0.03956016153097153,0.010416666666666666,0.013842152198776603,0.025503580924123526,0.012453002234299978,0.009027516702190042,0.014056580606848001,0.001925140619277954,0.0071023760829120874
encoder.layers.7.self_attn.v_proj,768,mnist,stanford-cars,8,53,coupling,38,0.016901906579732895,0.022203102707862854,0.010416666666666666,0.012264514962832132,0.02069514865676562,0.006485239913066229,0.0046373916169007625,0.001507954051097233,0.001925140619277954,0.0027122509976228084
encoder.layers.7.self_attn.v_proj,768,mnist,sun397,8,53,coupling,38,0.015396719798445702,0.030247613787651062,0.010416666666666666,0.013949972344562411,0.03168298381691178,0.0049800531317790355,0.0014467474538832903,-0.0014353700292607172,0.001925140619277954,-0.0004783931653946638
encoder.layers.7.self_attn.v_proj,768,mnist,svhn,8,53,coupling,38,0.17991039156913757,0.1990519016981125,0.010416666666666666,0.013295190020774802,0.021128813736140728,0.16949372490247092,0.16661520154836276,0.17792308796197176,0.001925140619277954,0.1646900609290848
encoder.layers.7.self_attn.v_proj,768,resisc45,stanford-cars,8,53,coupling,38,0.02379196137189865,0.03954542428255081,0.010416666666666666,0.014804331585764885,0.031130853885163862,0.013375294705231985,0.008987629786133766,0.00841457039738695,0.001925140619277954,0.007062489166855812
encoder.layers.7.self_attn.v_proj,768,resisc45,sun397,8,53,coupling,38,0.05228888988494873,0.08400069922208786,0.010416666666666666,0.020793169736862183,0.05723273505767187,0.041872223218282066,0.03149572014808655,0.026767964164415993,0.001925140619277954,0.029570579528808594
encoder.layers.7.self_attn.v_proj,768,resisc45,svhn,8,53,coupling,38,0.017092913389205933,0.025702565908432007,0.010416666666666666,0.015388789121061563,0.028797752534349758,0.0066762467225392665,0.0017041242681443691,-0.0030951866259177514,0.001925140619277954,-0.00022101635113358498
encoder.layers.7.self_attn.v_proj,768,stanford-cars,sun397,8,53,coupling,38,0.04255092889070511,0.06647161394357681,0.010416666666666666,0.014107867532099286,0.04293550364673138,0.032134262224038444,0.028443061358605824,0.023536110296845436,0.001925140619277954,0.02651792073932787
encoder.layers.7.self_attn.v_proj,768,stanford-cars,svhn,8,53,coupling,38,0.023261545225977898,0.031316399574279785,0.010416666666666666,0.013226954033598304,0.02205372943232457,0.012844878559311232,0.010034591192379594,0.009262670141955216,0.001925140619277954,0.00810945057310164
encoder.layers.7.self_attn.v_proj,768,sun397,svhn,8,53,coupling,38,0.01794891431927681,0.02270043082535267,0.010416666666666666,0.015606502847125133,0.03199599031358957,0.007532247652610144,0.0023424114721516762,-0.009295559488236904,0.001925140619277954,0.00041727085287372213
encoder.layers.8.self_attn.q_proj,768,dtd,eurosat,8,48,coupling,37,0.05339733511209488,0.056542083621025085,0.010416666666666666,0.030487728305161,0.04219578020274639,0.042980668445428215,0.02290960680693388,0.014346303418278694,0.005625016987323761,0.01728458981961012
encoder.layers.8.self_attn.q_proj,768,dtd,gtsrb,8,48,coupling,37,0.035480376332998276,0.04344591125845909,0.010416666666666666,0.020874716341495514,0.0289725624024868,0.02506370966633161,0.014605659991502762,0.01447334885597229,0.005625016987323761,0.008980643004179
encoder.layers.8.self_attn.q_proj,768,dtd,mnist,8,48,coupling,37,0.016708193346858025,0.017109403386712074,0.010416666666666666,0.012302017460266748,0.01688137565118571,0.0062915266801913585,0.004406175886591276,0.0002280277355263642,0.005625016987323761,-0.0012188411007324849
encoder.layers.8.self_attn.q_proj,768,dtd,resisc45,8,48,coupling,37,0.044525012373924255,0.05312959477305412,0.010416666666666666,0.031579396299396954,0.049807253293693066,0.03410834570725759,0.012945616074527301,0.0033223414793610573,0.005625016987323761,0.00732059908720354
encoder.layers.8.self_attn.q_proj,768,dtd,stanford-cars,8,48,coupling,37,0.014969846233725548,0.02779572084546089,0.010416666666666666,0.014828876902659735,0.026526056385288637,0.004553179567058882,0.00014096933106581312,0.0012696644601722547,0.005625016987323761,-0.005484047656257948
encoder.layers.8.self_attn.q_proj,768,dtd,sun397,8,48,coupling,37,0.04647848755121231,0.0682952031493187,0.010416666666666666,0.021661006690313418,0.047191984641055264,0.036061820884545646,0.024817480860898893,0.02110321850826343,0.005625016987323761,0.019192463873575132
encoder.layers.8.self_attn.q_proj,768,dtd,svhn,8,48,coupling,37,0.01722966693341732,0.023920202627778053,0.010416666666666666,0.0142585055436939,0.021487180221204955,0.006813000266750654,0.00297116138972342,0.002433022406573098,0.005625016987323761,-0.002653855597600341
encoder.layers.8.self_attn.q_proj,768,eurosat,gtsrb,8,48,coupling,37,0.01607097126543522,0.0264852624386549,0.010416666666666666,0.022492936346679926,0.032589312798033156,0.005654304598768553,-0.006421965081244707,-0.006104050359378256,0.005625016987323761,-0.012046982068568468
encoder.layers.8.self_attn.q_proj,768,eurosat,mnist,8,48,coupling,37,0.011581393890082836,0.01666206493973732,0.010416666666666666,0.015274108930801352,0.020922622953852017,0.00116472722341617,-0.0036927150407185163,-0.004260558014114697,0.005625016987323761,-0.009317732028042277
encoder.layers.8.self_attn.q_proj,768,eurosat,resisc45,8,48,coupling,37,0.32222217321395874,0.38224273920059204,0.010416666666666666,0.05113181006163359,0.08101385645568371,0.31180550654729206,0.27109036315232515,0.30122888274490833,0.005625016987323761,0.2654653461650014
encoder.layers.8.self_attn.q_proj,768,eurosat,stanford-cars,8,48,coupling,37,0.010144168511033058,0.026598148047924042,0.010416666666666666,0.01538264099508524,0.030917868639032047,-0.0002724981556336079,-0.005238472484052181,-0.004319720591108005,0.005625016987323761,-0.010863489471375942
encoder.layers.8.self_attn.q_proj,768,eurosat,sun397,8,48,coupling,37,0.051357146352529526,0.08877459168434143,0.010416666666666666,0.029564561943213146,0.06370658862094085,0.04094047968586286,0.02179258440931638,0.025068003063400582,0.005625016987323761,0.01616756742199262
encoder.layers.8.self_attn.q_proj,768,eurosat,svhn,8,48,coupling,37,0.012968803755939007,0.01746079884469509,0.010416666666666666,0.013712846596414844,0.02331359110151728,0.0025521370892723407,-0.0007440428404758368,-0.0058527922568221875,0.005625016987323761,-0.006369059827799598
encoder.layers.8.self_attn.q_proj,768,gtsrb,mnist,8,48,coupling,37,0.09027011692523956,0.1007462739944458,0.010416666666666666,0.014653317397460341,0.016846288926899433,0.07985345025857289,0.07561679952777922,0.08389998506754637,0.005625016987323761,0.06999178254045546
encoder.layers.8.self_attn.q_proj,768,gtsrb,resisc45,8,48,coupling,37,0.02292041853070259,0.04852093383669853,0.010416666666666666,0.027885516018917162,0.042978085887928806,0.012503751864035925,-0.004965097488214571,0.005542847948769726,0.005625016987323761,-0.010590114475538332
encoder.layers.8.self_attn.q_proj,768,gtsrb,stanford-cars,8,48,coupling,37,0.02477233111858368,0.03700175881385803,0.010416666666666666,0.013980150300388535,0.023545311919103067,0.014355664451917013,0.010792180818195144,0.013456446894754965,0.005625016987323761,0.005167163830871383
encoder.layers.8.self_attn.q_proj,768,gtsrb,sun397,8,48,coupling,37,0.017821939662098885,0.03136414662003517,0.010416666666666666,0.017773472315942247,0.036130828938136496,0.0074052729954322185,4.846734615663803e-05,-0.004766682318101324,0.005625016987323761,-0.005576549641167123
encoder.layers.8.self_attn.q_proj,768,gtsrb,svhn,8,48,coupling,37,0.10109032690525055,0.1120731458067894,0.010416666666666666,0.01500882231630385,0.021752212351808946,0.09067366023858388,0.0860815045889467,0.09032093345498045,0.005625016987323761,0.08045648760162294
encoder.layers.8.self_attn.q_proj,768,mnist,resisc45,8,48,coupling,37,0.016201147809624672,0.02508634701371193,0.010416666666666666,0.01440997856358687,0.024464436030636232,0.005784481142958006,0.0017911692460378017,0.0006219109830756971,0.005625016987323761,-0.0038338477412859593
encoder.layers.8.self_attn.q_proj,768,mnist,stanford-cars,8,48,coupling,37,0.00947527401149273,0.01375972293317318,0.010416666666666666,0.010272508719936013,0.015131234346578518,-0.0009413926551739369,-0.000797234708443284,-0.0013715114134053383,0.005625016987323761,-0.006422251695767045
encoder.layers.8.self_attn.q_proj,768,mnist,sun397,8,48,coupling,37,0.009043773636221886,0.013975158333778381,0.010416666666666666,0.012706275330856442,0.02060016888814668,-0.0013728930304447804,-0.0036625016946345568,-0.006625010554368298,0.005625016987323761,-0.009287518681958318
encoder.layers.8.self_attn.q_proj,768,mnist,svhn,8,48,coupling,37,0.309913694858551,0.3115996718406677,0.010416666666666666,0.012797793451075753,0.016967946973939736,0.29949702819188434,0.2971159014074753,0.294631724866728,0.005625016987323761,0.29149088442015153
encoder.layers.8.self_attn.q_proj,768,resisc45,stanford-cars,8,48,coupling,37,0.01793903298676014,0.04379402473568916,0.010416666666666666,0.01882889905634026,0.03919722605496645,0.007522366320093473,-0.000889866069580119,0.0045967986807227135,0.005625016987323761,-0.00651488305690388
encoder.layers.8.self_attn.q_proj,768,resisc45,sun397,8,48,coupling,37,0.0792720839381218,0.12829943001270294,0.010416666666666666,0.035469652308772005,0.07845281592259805,0.06885541727145512,0.04380243162934979,0.04984661409010489,0.005625016987323761,0.03817741464202603
encoder.layers.8.self_attn.q_proj,768,resisc45,svhn,8,48,coupling,37,0.01246780063956976,0.021865330636501312,0.010416666666666666,0.0175009088901182,0.03057841459910075,0.0020511339729030933,-0.005033108250548441,-0.008713083962599438,0.005625016987323761,-0.010658125237872202
encoder.layers.8.self_attn.q_proj,768,stanford-cars,sun397,8,48,coupling,37,0.026011118665337563,0.05355898290872574,0.010416666666666666,0.015174213408802947,0.03739915586387118,0.015594451998670896,0.010836905256534616,0.01615982704485456,0.005625016987323761,0.005211888269210855
encoder.layers.8.self_attn.q_proj,768,stanford-cars,svhn,8,48,coupling,37,0.008935513906180859,0.012913111597299576,0.010416666666666666,0.010935632123922309,0.017407172980407875,-0.0014811527604858075,-0.0020001182177414503,-0.004494061383108299,0.005625016987323761,-0.007625135205065211
encoder.layers.8.self_attn.q_proj,768,sun397,svhn,8,48,coupling,37,0.007302890997380018,0.019313454627990723,0.010416666666666666,0.012192229197050134,0.025997843826189637,-0.003113775669286648,-0.0048893381996701155,-0.0066843891981989145,0.005625016987323761,-0.010514355186993877
encoder.layers.8.self_attn.v_proj,768,dtd,eurosat,8,48,coupling,37,0.05102979764342308,0.056464117020368576,0.010416666666666666,0.023846133301655453,0.038482828376193844,0.040613130976756416,0.027183664341767628,0.017981288644174732,0.010094046592712402,0.017089617749055225
encoder.layers.8.self_attn.v_proj,768,dtd,gtsrb,8,48,coupling,37,0.014335628598928452,0.03157362341880798,0.010416666666666666,0.015381811186671257,0.027069195018460352,0.0039189619322617854,-0.0010461825877428055,0.004504428400347631,0.010094046592712402,-0.011140229180455208
encoder.layers.8.self_attn.v_proj,768,dtd,mnist,8,48,coupling,37,0.03998735174536705,0.022647995501756668,0.010416666666666666,0.013323765636111299,0.016449630338077743,0.029570685078700386,0.026663586109255753,0.006198365163678925,0.010094046592712402,0.01656953951654335
encoder.layers.8.self_attn.v_proj,768,dtd,resisc45,8,48,coupling,37,0.04481075331568718,0.05099039152264595,0.010416666666666666,0.026766108348965645,0.0531222604525586,0.034394086649020515,0.018044644966721535,-0.002131868929912649,0.010094046592712402,0.007950598374009132
encoder.layers.8.self_attn.v_proj,768,dtd,stanford-cars,8,48,coupling,37,0.01778891682624817,0.028571657836437225,0.010416666666666666,0.013972719432786107,0.030326039840777714,0.007372250159581503,0.003816197393462062,-0.0017543820043404885,0.010094046592712402,-0.0062778491992503405
encoder.layers.8.self_attn.v_proj,768,dtd,sun397,8,48,coupling,37,0.05188179761171341,0.04725883528590202,0.010416666666666666,0.01975248521193862,0.04666274692863226,0.041465130945046745,0.03212931239977479,0.000596088357269764,0.010094046592712402,0.022035265807062387
encoder.layers.8.self_attn.v_proj,768,dtd,svhn,8,48,coupling,37,0.023850470781326294,0.028475817292928696,0.010416666666666666,0.013149559536638359,0.018746002887686092,0.013433804114659628,0.010700911244687935,0.009729814405242603,0.010094046592712402,0.000606864651975533
encoder.layers.8.self_attn.v_proj,768,eurosat,gtsrb,8,48,coupling,37,0.010913027450442314,0.02414589561522007,0.010416666666666666,0.02206537197344005,0.03247790364548564,0.0004963607837756481,-0.011152344522997737,-0.00833200803026557,0.010094046592712402,-0.02124639111571014
encoder.layers.8.self_attn.v_proj,768,eurosat,mnist,8,48,coupling,37,0.017373165115714073,0.019245442003011703,0.010416666666666666,0.013141888116175929,0.01837313105352223,0.006956498449047407,0.004231276999538144,0.0008723109494894743,0.010094046592712402,-0.005862769593174258
encoder.layers.8.self_attn.v_proj,768,eurosat,resisc45,8,48,coupling,37,0.31392785906791687,0.37095940113067627,0.010416666666666666,0.043628922663629055,0.07058187915633123,0.3035111924012502,0.2702989364042878,0.30037752197434503,0.010094046592712402,0.2602048898115754
encoder.layers.8.self_attn.v_proj,768,eurosat,stanford-cars,8,48,coupling,37,0.011147692799568176,0.03193197399377823,0.010416666666666666,0.014558376278728247,0.03130278317257762,0.0007310261329015102,-0.0034106834791600704,0.0006291908212006092,0.010094046592712402,-0.013504730071872473
encoder.layers.8.self_attn.v_proj,768,eurosat,sun397,8,48,coupling,37,0.03855196759104729,0.07685205340385437,0.010416666666666666,0.023827945813536644,0.06447646208107471,0.028135300924380623,0.014724021777510643,0.012375591322779655,0.010094046592712402,0.004629975184798241
encoder.layers.8.self_attn.v_proj,768,eurosat,svhn,8,48,coupling,37,0.012742535211145878,0.014452774077653885,0.010416666666666666,0.013970525624851385,0.01918639351303379,0.0023258685444792117,-0.0012279904137055073,-0.004733619435379904,0.010094046592712402,-0.01132203700641791
encoder.layers.8.self_attn.v_proj,768,gtsrb,mnist,8,48,coupling,37,0.09923166036605835,0.10181695222854614,0.010416666666666666,0.015836790902540088,0.01816813430438439,0.08881499369939168,0.08339486946351826,0.08364881792416175,0.010094046592712402,0.07330082287080586
encoder.layers.8.self_attn.v_proj,768,gtsrb,resisc45,8,48,coupling,37,0.016237717121839523,0.03915393352508545,0.010416666666666666,0.020707309634114306,0.03715895861387253,0.005821050455172857,-0.004469592512274783,0.001994974911212921,0.010094046592712402,-0.014563639104987185
encoder.layers.8.self_attn.v_proj,768,gtsrb,stanford-cars,8,48,coupling,37,0.024102438241243362,0.03240767866373062,0.010416666666666666,0.013763203208024303,0.02544835318500797,0.013685771574576696,0.01033923503321906,0.006959325478722651,0.010094046592712402,0.00024518844050665754
encoder.layers.8.self_attn.v_proj,768,gtsrb,sun397,8,48,coupling,37,0.01417449302971363,0.0331541933119297,0.010416666666666666,0.01658244718176623,0.037130967093010746,0.0037578263630469646,-0.0024079541520526,-0.003976773781081043,0.010094046592712402,-0.012502000744765002
encoder.layers.8.self_attn.v_proj,768,gtsrb,svhn,8,48,coupling,37,0.11640466004610062,0.1212066113948822,0.010416666666666666,0.013822220653916398,0.01857520399304728,0.10598799337943395,0.10258243939218421,0.10263140740183492,0.010094046592712402,0.09248839279947181
encoder.layers.8.self_attn.v_proj,768,mnist,resisc45,8,48,coupling,37,0.014990456402301788,0.02408226579427719,0.010416666666666666,0.01640430566233893,0.022905580544223387,0.004573789735635122,-0.0014138492600371429,0.0011766852500538043,0.010094046592712402,-0.011507895852749545
encoder.layers.8.self_attn.v_proj,768,mnist,stanford-cars,8,48,coupling,37,0.011013908311724663,0.016276391223073006,0.010416666666666666,0.011659178029124936,0.015456775591398278,0.0005972416450579967,-0.0006452697174002733,0.0008196156316747274,0.010094046592712402,-0.010739316310112676
encoder.layers.8.self_attn.v_proj,768,mnist,sun397,8,48,coupling,37,0.014917385764420033,0.017870360985398293,0.010416666666666666,0.01182938584436973,0.02169852238148451,0.004500719097753366,0.0030879999200503026,-0.003828161396086216,0.010094046592712402,-0.0070060466726621
encoder.layers.8.self_attn.v_proj,768,mnist,svhn,8,48,coupling,37,0.29513421654701233,0.30032259225845337,0.010416666666666666,0.010958653952305516,0.01266843577226003,0.28471754988034564,0.28417556259470683,0.28765415648619336,0.010094046592712402,0.27408151600199443
encoder.layers.8.self_attn.v_proj,768,resisc45,stanford-cars,8,48,coupling,37,0.022562893107533455,0.05086588114500046,0.010416666666666666,0.015957906764621537,0.04097204158703486,0.012146226440866789,0.006604986342911918,0.009893839557965599,0.010094046592712402,-0.0034890602498004845
encoder.layers.8.self_attn.v_proj,768,resisc45,sun397,8,48,coupling,37,0.062400273978710175,0.13197113573551178,0.010416666666666666,0.03158960506940881,0.08678071697552998,0.05198360731204351,0.030810668909301363,0.045190418759981796,0.010094046592712402,0.02071662231658896
encoder.layers.8.self_attn.v_proj,768,resisc45,svhn,8,48,coupling,37,0.013993661850690842,0.025792576372623444,0.010416666666666666,0.014371357935791215,0.02418268541805446,0.0035769951840241756,-0.0003776960851003732,0.0016098909545689821,0.010094046592712402,-0.010471742677812776
encoder.layers.8.self_attn.v_proj,768,stanford-cars,sun397,8,48,coupling,37,0.022280249744653702,0.05209794640541077,0.010416666666666666,0.015610727481544018,0.0479015496869882,0.011863583077987036,0.006669522263109684,0.0041963967184225695,0.010094046592712402,-0.0034245243296027184
encoder.layers.8.self_attn.v_proj,768,stanford-cars,svhn,8,48,coupling,37,0.013028426095843315,0.01846153661608696,0.010416666666666666,0.01118953013792634,0.0177269265986979,0.002611759429176649,0.001838895957916975,0.0007346100173890591,0.010094046592712402,-0.008255150634795427
encoder.layers.8.self_attn.v_proj,768,sun397,svhn,8,48,coupling,37,0.010175718925893307,0.019270507618784904,0.010416666666666666,0.01165637948239843,0.021045100099096697,-0.00024094774077335936,-0.0014806605565051232,-0.0017745924803117923,0.010094046592712402,-0.011574707149217526
encoder.layers.9.self_attn.q_proj,768,dtd,eurosat,8,35,coupling,34,0.04487307742238045,0.05681760609149933,0.010416666666666666,0.025263947279502947,0.046986364759504795,0.03445641075571378,0.0196091301428775,0.009831241331994534,0.007962077856063843,0.011647052286813658
encoder.layers.9.self_attn.q_proj,768,dtd,gtsrb,8,35,coupling,34,0.03452415391802788,0.04719029739499092,0.010416666666666666,0.01621248045315345,0.026260423008352518,0.024107487251361213,0.018311673464874428,0.020929874386638403,0.007962077856063843,0.010349595608810585
encoder.layers.9.self_attn.q_proj,768,dtd,mnist,8,35,coupling,34,0.03186262398958206,0.0349155031144619,0.010416666666666666,0.014219790309046706,0.018337184951330226,0.021445957322915397,0.017642833680535354,0.016578318163131673,0.007962077856063843,0.009680755824471511
encoder.layers.9.self_attn.q_proj,768,dtd,resisc45,8,35,coupling,34,0.03349057585000992,0.04828617721796036,0.010416666666666666,0.02646284146855275,0.050621772184967995,0.023073909183343254,0.007027734381457169,-0.002335594967007637,0.007962077856063843,-0.0009343434746066741
encoder.layers.9.self_attn.q_proj,768,dtd,stanford-cars,8,35,coupling,34,0.057536568492650986,0.06462451070547104,0.010416666666666666,0.013280988748495778,0.02049165964126587,0.04711990182598432,0.044255579744155206,0.04413285106420517,0.007962077856063843,0.03629350188809136
encoder.layers.9.self_attn.q_proj,768,dtd,sun397,8,35,coupling,34,0.05917347967624664,0.07367435842752457,0.010416666666666666,0.020557647027696174,0.038712787286688886,0.04875681300957998,0.038615832648550466,0.03496157114083568,0.007962077856063843,0.030653754792486623
encoder.layers.9.self_attn.q_proj,768,dtd,svhn,8,35,coupling,34,0.026686163619160652,0.024395626038312912,0.010416666666666666,0.014059173486505946,0.019692878626907866,0.016269496952493988,0.012626990132654706,0.004702747411405046,0.007962077856063843,0.004664912276590863
encoder.layers.9.self_attn.q_proj,768,eurosat,gtsrb,8,35,coupling,34,0.03874552249908447,0.054500825703144073,0.010416666666666666,0.018566693101699155,0.0327595022196571,0.02832885583241781,0.020178829397385318,0.021741323483486973,0.007962077856063843,0.012216751541321475
encoder.layers.9.self_attn.q_proj,768,eurosat,mnist,8,35,coupling,34,0.027052294462919235,0.03747148811817169,0.010416666666666666,0.014744911963740984,0.022404169586176675,0.01663562779625257,0.012307382499178251,0.015067318531995017,0.007962077856063843,0.0043453046431144084
encoder.layers.9.self_attn.q_proj,768,eurosat,resisc45,8,35,coupling,34,0.3291752338409424,0.39609023928642273,0.010416666666666666,0.04123230821763476,0.08193580651034911,0.3187585671742757,0.28794292562330764,0.31415443277607363,0.007962077856063843,0.2799808477672438
encoder.layers.9.self_attn.q_proj,768,eurosat,stanford-cars,8,35,coupling,34,0.021824637427926064,0.03205939754843712,0.010416666666666666,0.012948200960333148,0.025408586331953604,0.011407970761259397,0.008876436467592915,0.006650811216483515,0.007962077856063843,0.0009143586115290727
encoder.layers.9.self_attn.q_proj,768,eurosat,sun397,8,35,coupling,34,0.0518026202917099,0.09681584686040878,0.010416666666666666,0.03177671336258451,0.06492653489112854,0.041385953625043236,0.02002590692912539,0.03188931196928024,0.007962077856063843,0.012063829073061548
encoder.layers.9.self_attn.q_proj,768,eurosat,svhn,8,35,coupling,34,0.03424563258886337,0.04242122918367386,0.010416666666666666,0.016248216076443594,0.02582574961706996,0.02382896592219671,0.01799741651241978,0.0165954795666039,0.007962077856063843,0.010035338656355936
encoder.layers.9.self_attn.q_proj,768,gtsrb,mnist,8,35,coupling,34,0.09776890277862549,0.10105261206626892,0.010416666666666666,0.015138821365932623,0.015934427734464407,0.08735223611195882,0.08263008141269286,0.08511818433180451,0.007962077856063843,0.07466800355662902
encoder.layers.9.self_attn.q_proj,768,gtsrb,resisc45,8,35,coupling,34,0.02821078523993492,0.0454200804233551,0.010416666666666666,0.021172078636785347,0.03672230740388235,0.017794118573268257,0.007038706603149574,0.008697773019472756,0.007962077856063843,-0.0009233712529142686
encoder.layers.9.self_attn.q_proj,768,gtsrb,stanford-cars,8,35,coupling,34,0.026014598086476326,0.031017707660794258,0.010416666666666666,0.011862069989244143,0.017143399144212406,0.01559793141980966,0.014152528097232183,0.013874308516581852,0.007962077856063843,0.006190450241168341
encoder.layers.9.self_attn.q_proj,768,gtsrb,sun397,8,35,coupling,34,0.023952677845954895,0.0331818088889122,0.010416666666666666,0.016218962846323848,0.030515858593086403,0.013536011179288229,0.007733714999631047,0.002665950295825798,0.007962077856063843,-0.00022836285643279552
encoder.layers.9.self_attn.q_proj,768,gtsrb,svhn,8,35,coupling,34,0.11100902408361435,0.12200353294610977,0.010416666666666666,0.01742681208997965,0.01880780840292573,0.10059235741694768,0.0935822119936347,0.10319572454318404,0.007962077856063843,0.08562013413757086
encoder.layers.9.self_attn.q_proj,768,mnist,resisc45,8,35,coupling,34,0.019114939495921135,0.028191937133669853,0.010416666666666666,0.014413698654000958,0.02357406976322333,0.008698272829254469,0.0047012408419201766,0.004617867370446522,0.007962077856063843,-0.003260837014143666
encoder.layers.9.self_attn.q_proj,768,mnist,stanford-cars,8,35,coupling,34,0.023607252165675163,0.02819793112576008,0.010416666666666666,0.010726316676785549,0.013106669997796416,0.013190585499008497,0.012880935488889614,0.015091261127963662,0.007962077856063843,0.004918857632825771
encoder.layers.9.self_attn.q_proj,768,mnist,sun397,8,35,coupling,34,0.014739152044057846,0.020440297201275826,0.010416666666666666,0.012027259217575192,0.01865432900376618,0.00432248537739118,0.0027118928264826536,0.0017859681975096464,0.007962077856063843,-0.005250185029581189
encoder.layers.9.self_attn.q_proj,768,mnist,svhn,8,35,coupling,34,0.3762691020965576,0.37371742725372314,0.010416666666666666,0.01425371466514965,0.017676164240886767,0.36585243542989093,0.362015387431408,0.3560412630128364,0.007962077856063843,0.35405330957534414
encoder.layers.9.self_attn.q_proj,768,resisc45,stanford-cars,8,35,coupling,34,0.019557183608412743,0.03127317130565643,0.010416666666666666,0.016712840879336,0.03018743311986327,0.009140516941746077,0.002844342729076743,0.0010857381857931614,0.007962077856063843,-0.0051177351269871
encoder.layers.9.self_attn.q_proj,768,resisc45,sun397,8,35,coupling,34,0.08816301822662354,0.12815554440021515,0.010416666666666666,0.030720364923278492,0.06522425046811502,0.07774635155995686,0.05744265330334504,0.06293129393210013,0.007962077856063843,0.0494805754472812
encoder.layers.9.self_attn.q_proj,768,resisc45,svhn,8,35,coupling,34,0.019361678510904312,0.02629704400897026,0.010416666666666666,0.012783487482617298,0.021661505723992985,0.008945011844237646,0.006578191028287014,0.004635538284977276,0.007962077856063843,-0.0013838868277768288
encoder.layers.9.self_attn.q_proj,768,stanford-cars,sun397,8,35,coupling,34,0.06952270120382309,0.0823671743273735,0.010416666666666666,0.013358000588292876,0.02379000388706724,0.059106034537156425,0.056164700615530215,0.05857717044030626,0.007962077856063843,0.04820262275946637
encoder.layers.9.self_attn.q_proj,768,stanford-cars,svhn,8,35,coupling,34,0.01839124970138073,0.02307588793337345,0.010416666666666666,0.010303979506716132,0.013851275512327751,0.007974583034714064,0.008087270194664598,0.0092246124210457,0.007962077856063843,0.00012519233860075474
encoder.layers.9.self_attn.q_proj,768,sun397,svhn,8,35,coupling,34,0.012669219635426998,0.019916227087378502,0.010416666666666666,0.01507949052999417,0.02397192921489477,0.002252552968760332,-0.002410270894567171,-0.00405570212751627,0.007962077856063843,-0.010372348750631014
encoder.layers.9.self_attn.v_proj,768,dtd,eurosat,8,35,coupling,34,0.04116356000304222,0.05694371089339256,0.010416666666666666,0.026513217637936275,0.053016276409228645,0.030746893336375557,0.014650342365105946,0.003927434484163918,-0.0019552409648895264,0.016605583329995472
encoder.layers.9.self_attn.v_proj,768,dtd,gtsrb,8,35,coupling,34,0.024513961747288704,0.04458259418606758,0.010416666666666666,0.013997226022183895,0.027031065120051306,0.014097295080622038,0.010516735725104809,0.017551529066016276,-0.0019552409648895264,0.012471976689994335
encoder.layers.9.self_attn.v_proj,768,dtd,mnist,8,35,coupling,34,0.05331200361251831,0.05242736637592316,0.010416666666666666,0.012343002948909998,0.016230965343614418,0.042895336945851646,0.04096900066360831,0.03619640103230874,-0.0019552409648895264,0.04292424162849784
encoder.layers.9.self_attn.v_proj,768,dtd,resisc45,8,35,coupling,34,0.025664713233709335,0.049943357706069946,0.010416666666666666,0.02642630459740758,0.059252473836143814,0.01524804656704267,-0.0007615913636982441,-0.009309116130073868,-0.0019552409648895264,0.0011936496011912823
encoder.layers.9.self_attn.v_proj,768,dtd,stanford-cars,8,35,coupling,34,0.020675644278526306,0.02517111599445343,0.010416666666666666,0.013575284586598476,0.02487981552258134,0.01025897761185964,0.00710035969192783,0.0002913004718720913,-0.0019552409648895264,0.009055600656817356
encoder.layers.9.self_attn.v_proj,768,dtd,sun397,8,35,coupling,34,0.037161897867918015,0.06002642214298248,0.010416666666666666,0.01820385727720956,0.04763938797016939,0.02674523120125135,0.018958040590708453,0.012387034172813095,-0.0019552409648895264,0.02091328155559798
encoder.layers.9.self_attn.v_proj,768,dtd,svhn,8,35,coupling,34,0.08120153844356537,0.07905089855194092,0.010416666666666666,0.016500471625477076,0.02158546121791005,0.0707848717768987,0.0647010668180883,0.05746543733403087,-0.0019552409648895264,0.06665630778297782
encoder.layers.9.self_attn.v_proj,768,eurosat,gtsrb,8,35,coupling,34,0.017380468547344208,0.03748195618391037,0.010416666666666666,0.019561465984831255,0.0346244218138357,0.006963801880677542,-0.002180997437487047,0.002857534370074667,-0.0019552409648895264,-0.0002257564725975207
encoder.layers.9.self_attn.v_proj,768,eurosat,mnist,8,35,coupling,34,0.020436687394976616,0.031237490475177765,0.010416666666666666,0.01284687384031713,0.021728467661887407,0.01002002072830995,0.007589813554659486,0.009509022813290358,-0.0019552409648895264,0.009545054519549012
encoder.layers.9.self_attn.v_proj,768,eurosat,resisc45,8,35,coupling,34,0.28457945585250854,0.35292136669158936,0.010416666666666666,0.03850329698373874,0.0821380065754056,0.27416278918584186,0.2460761588687698,0.27078336011618376,-0.0019552409648895264,0.24803139983365932
encoder.layers.9.self_attn.v_proj,768,eurosat,stanford-cars,8,35,coupling,34,0.010987993329763412,0.023666709661483765,0.010416666666666666,0.014346599578857422,0.03123903755719463,0.0005713266630967464,-0.0033586062490940094,-0.007572327895710867,-0.0019552409648895264,-0.001403365284204483
encoder.layers.9.self_attn.v_proj,768,eurosat,sun397,8,35,coupling,34,0.042971763759851456,0.07641537487506866,0.010416666666666666,0.0267348342264692,0.06796552892774343,0.03255509709318479,0.016236929533382256,0.00844984594732523,-0.0019552409648895264,0.018192170498271782
encoder.layers.9.self_attn.v_proj,768,eurosat,svhn,8,35,coupling,34,0.02160360850393772,0.023936668410897255,0.010416666666666666,0.018314539998148877,0.026573090503613155,0.011186941837271055,0.003289068505788844,-0.0026364220927159003,-0.0019552409648895264,0.00524430947067837
encoder.layers.9.self_attn.v_proj,768,gtsrb,mnist,8,35,coupling,34,0.05675022304058075,0.06678377836942673,0.010416666666666666,0.014219839591532946,0.01775285671465099,0.046333556373914085,0.042530383449047804,0.04903092165477574,-0.0019552409648895264,0.04448562441393733
encoder.layers.9.self_attn.v_proj,768,gtsrb,resisc45,8,35,coupling,34,0.018941689282655716,0.042928703129291534,0.010416666666666666,0.021602224403371412,0.039798861679931484,0.00852502261598905,-0.0026605351207156964,0.0031298414493600504,-0.0019552409648895264,-0.0007052941558261701
encoder.layers.9.self_attn.v_proj,768,gtsrb,stanford-cars,8,35,coupling,34,0.021293189376592636,0.031514380127191544,0.010416666666666666,0.012669185409322381,0.02309693085650603,0.01087652270992597,0.008624003967270255,0.008417449270685513,-0.0019552409648895264,0.010579244932159781
encoder.layers.9.self_attn.v_proj,768,gtsrb,sun397,8,35,coupling,34,0.011223836801946163,0.034342024475336075,0.010416666666666666,0.018096542917191982,0.03565783721084396,0.0008071701352794971,-0.006872706115245819,-0.0013158127355078833,-0.0019552409648895264,-0.004917465150356293
encoder.layers.9.self_attn.v_proj,768,gtsrb,svhn,8,35,coupling,34,0.08683142811059952,0.10323827713727951,0.010416666666666666,0.017175813283150394,0.018131466582417488,0.07641476144393285,0.06965561482744913,0.08510681055486202,-0.0019552409648895264,0.07161085579233865
encoder.layers.9.self_attn.v_proj,768,mnist,resisc45,8,35,coupling,34,0.01687707006931305,0.030751226469874382,0.010416666666666666,0.014469492947682738,0.025569375604391098,0.006460403402646383,0.002407577121630311,0.005181850865483284,-0.0019552409648895264,0.004362818086519837
encoder.layers.9.self_attn.v_proj,768,mnist,stanford-cars,8,35,coupling,34,0.012597689405083656,0.01699068956077099,0.010416666666666666,0.01096482741801689,0.015975756493086617,0.0021810227384169902,0.0016328619870667662,0.0010149330676843711,-0.0019552409648895264,0.0035881029519562926
encoder.layers.9.self_attn.v_proj,768,mnist,sun397,8,35,coupling,34,0.01767151802778244,0.021936845034360886,0.010416666666666666,0.013138331550483903,0.02436578879132867,0.007254851361115774,0.004533186477298537,-0.002428943756967783,-0.0019552409648895264,0.006488427442188064
encoder.layers.9.self_attn.v_proj,768,mnist,svhn,8,35,coupling,34,0.4112103581428528,0.4060072600841522,0.010416666666666666,0.01231538139594098,0.014901178112874428,0.4007936914761861,0.3988949767469118,0.3911060819712778,-0.0019552409648895264,0.40085021771180135
encoder.layers.9.self_attn.v_proj,768,resisc45,stanford-cars,8,35,coupling,34,0.015633316710591316,0.0406750924885273,0.010416666666666666,0.019138523067037266,0.043852534145116806,0.00521665004392465,-0.0035052063564459494,-0.003177441656589508,-0.0019552409648895264,-0.001549965391556423
encoder.layers.9.self_attn.v_proj,768,resisc45,sun397,8,35,coupling,34,0.08155521005392075,0.1654272824525833,0.010416666666666666,0.030717704445123672,0.09348481955627601,0.07113854338725407,0.05083750560879707,0.0719424628963073,-0.0019552409648895264,0.0527927465736866
encoder.layers.9.self_attn.v_proj,768,resisc45,svhn,8,35,coupling,34,0.018602855503559113,0.02490859292447567,0.010416666666666666,0.015604696546991667,0.027631173375993967,0.008186188836892446,0.002998158956567446,-0.002722580451518297,-0.0019552409648895264,0.004953399921456972
encoder.layers.9.self_attn.v_proj,768,stanford-cars,sun397,8,35,coupling,34,0.02348969876766205,0.04474416747689247,0.010416666666666666,0.015504652711873254,0.041193872690200806,0.013073032100995382,0.007985046055788795,0.0035502947866916656,-0.0019552409648895264,0.009940287020678321
encoder.layers.9.self_attn.v_proj,768,stanford-cars,svhn,8,35,coupling,34,0.014651499688625336,0.01751813106238842,0.010416666666666666,0.011813519289717078,0.017676429978261392,0.00423483302195867,0.0028379803989082575,-0.00015829891587297237,-0.0019552409648895264,0.004793221363797784
encoder.layers.9.self_attn.v_proj,768,sun397,svhn,8,35,coupling,34,0.02647162228822708,0.0261969193816185,0.010416666666666666,0.015922865519920986,0.025411513944466908,0.016054955621560417,0.010548756768306095,0.0007854054371515921,-0.0019552409648895264,0.012503997733195622
