module,d_in,a,b,k,m,null_kind,n_blocks,raw,cond,null_iso,null_act_raw,null_act_cond,excess_over_iso,excess_raw,excess_cond,h0_excess,excess_raw_corrected
encoder.layers.0.self_attn.q_proj,768,dtd,eurosat,8,18,coupling,24,0.6505789160728455,0.6512371301651001,0.010416666666666666,0.010127988721554479,0.01062095343756179,0.6401622494061788,0.6404509273512909,0.6406161767275383,-0.004959456622600555,0.6454103839738915
encoder.layers.0.self_attn.q_proj,768,dtd,gtsrb,8,18,coupling,24,0.6959546208381653,0.6993286609649658,0.010416666666666666,0.010391711800669631,0.011380890617147088,0.6855379541714987,0.6855629090374956,0.6879477703478187,-0.004959456622600555,0.6905223656600962
encoder.layers.0.self_attn.q_proj,768,dtd,mnist,8,18,coupling,24,0.6788041591644287,0.681914210319519,0.010416666666666666,0.01098725626555582,0.011853502675270041,0.6683874924977621,0.6678169028988729,0.670060707644249,-0.004959456622600555,0.6727763595214734
encoder.layers.0.self_attn.q_proj,768,dtd,resisc45,8,18,coupling,24,0.6960009336471558,0.6938379406929016,0.010416666666666666,0.010741371506204208,0.011018075669805208,0.6855842669804891,0.6852595621409515,0.6828198650230964,-0.004959456622600555,0.6902190187635521
encoder.layers.0.self_attn.q_proj,768,dtd,stanford-cars,8,18,coupling,24,0.7163998484611511,0.7182954549789429,0.010416666666666666,0.010270036446551481,0.01103620727856954,0.7059831817944845,0.7061298120145997,0.7072592477003733,-0.004959456622600555,0.7110892686372002
encoder.layers.0.self_attn.q_proj,768,dtd,sun397,8,18,coupling,24,0.669385552406311,0.6697920560836792,0.010416666666666666,0.011042795221631726,0.011266834801062942,0.6589688857396444,0.6583427571846793,0.6585252212826163,-0.004959456622600555,0.6633022138072798
encoder.layers.0.self_attn.q_proj,768,dtd,svhn,8,18,coupling,24,0.6403217315673828,0.6414437890052795,0.010416666666666666,0.01099789848861595,0.01189963698076705,0.6299050649007162,0.6293238330787668,0.6295441520245125,-0.004959456622600555,0.6342832897013674
encoder.layers.0.self_attn.q_proj,768,eurosat,gtsrb,8,18,coupling,24,0.7172874212265015,0.7203168869018555,0.010416666666666666,0.010758917468289534,0.011980536160990596,0.7068707545598348,0.706528503758212,0.7083363507408649,-0.004959456622600555,0.7114879603808125
encoder.layers.0.self_attn.q_proj,768,eurosat,mnist,8,18,coupling,24,0.6899571418762207,0.6911895275115967,0.010416666666666666,0.011588587736090025,0.01229867928971847,0.6795404752095541,0.6783685541401306,0.6788908482218782,-0.004959456622600555,0.6833280107627312
encoder.layers.0.self_attn.q_proj,768,eurosat,resisc45,8,18,coupling,24,0.6439470648765564,0.6435964703559875,0.010416666666666666,0.010364420323943099,0.010781177785247564,0.6335303982098898,0.6335826445526133,0.63281529257074,-0.004959456622600555,0.6385421011752138
encoder.layers.0.self_attn.q_proj,768,eurosat,stanford-cars,8,18,coupling,24,0.6345300674438477,0.6385817527770996,0.010416666666666666,0.011420073298116526,0.011967010097578168,0.624113400777181,0.6231099941457311,0.6266147426795214,-0.004959456622600555,0.6280694507683316
encoder.layers.0.self_attn.q_proj,768,eurosat,sun397,8,18,coupling,24,0.6531703472137451,0.6512414216995239,0.010416666666666666,0.009477073947588602,0.01013279069835941,0.6427536805470785,0.6436932732661566,0.6411086310011646,-0.004959456622600555,0.6486527298887571
encoder.layers.0.self_attn.q_proj,768,eurosat,svhn,8,18,coupling,24,0.7203212976455688,0.7201100587844849,0.010416666666666666,0.01045869046356529,0.01140007539652288,0.7099046309789022,0.7098626071820036,0.708709983387962,-0.004959456622600555,0.7148220638046041
encoder.layers.0.self_attn.q_proj,768,gtsrb,mnist,8,18,coupling,24,0.7582260966300964,0.7593114376068115,0.010416666666666666,0.011038790728586415,0.012804612362136444,0.7478094299634298,0.7471873059015101,0.746506825244675,-0.004959456622600555,0.7521467625241106
encoder.layers.0.self_attn.q_proj,768,gtsrb,resisc45,8,18,coupling,24,0.6451563239097595,0.6461153030395508,0.010416666666666666,0.009956662543118,0.010555310795704523,0.6347396572430929,0.6351996613666415,0.6355599922438463,-0.004959456622600555,0.6401591179892421
encoder.layers.0.self_attn.q_proj,768,gtsrb,stanford-cars,8,18,coupling,24,0.7060962319374084,0.709700882434845,0.010416666666666666,0.011466235543290773,0.012461165354276696,0.6956795652707418,0.6946299963941177,0.6972397170805683,-0.004959456622600555,0.6995894530167183
encoder.layers.0.self_attn.q_proj,768,gtsrb,sun397,8,18,coupling,24,0.6303057670593262,0.6324228048324585,0.010416666666666666,0.011305575259029865,0.012419927244385084,0.6198891003926595,0.6190001918002963,0.6200028775880734,-0.004959456622600555,0.6239596484228969
encoder.layers.0.self_attn.q_proj,768,gtsrb,svhn,8,18,coupling,24,0.780144214630127,0.7789895534515381,0.010416666666666666,0.010795522946864367,0.012013746968780955,0.7697275479634603,0.7693486916832626,0.7669758064827571,-0.004959456622600555,0.7743081483058631
encoder.layers.0.self_attn.q_proj,768,mnist,resisc45,8,18,coupling,24,0.6550922393798828,0.6546800136566162,0.010416666666666666,0.010983796945462624,0.011917279489959279,0.6446755727132162,0.6441084424344202,0.642762734166657,-0.004959456622600555,0.6490678990570208
encoder.layers.0.self_attn.q_proj,768,mnist,stanford-cars,8,18,coupling,24,0.6154425740242004,0.6163555383682251,0.010416666666666666,0.01009354010845224,0.011336630520721277,0.6050259073575338,0.6053490339157482,0.6050189078475038,-0.004959456622600555,0.6103084905383488
encoder.layers.0.self_attn.q_proj,768,mnist,sun397,8,18,coupling,24,0.6333553791046143,0.6351979970932007,0.010416666666666666,0.011088122807753583,0.012013082780564824,0.6229387124379476,0.6222672562968606,0.6231849143126359,-0.004959456622600555,0.6272267129194612
encoder.layers.0.self_attn.q_proj,768,mnist,svhn,8,18,coupling,24,0.7064230442047119,0.7069411873817444,0.010416666666666666,0.010713848168961704,0.012407854044189056,0.6960063775380453,0.6957091960357502,0.6945333333375553,-0.004959456622600555,0.7006686526583508
encoder.layers.0.self_attn.q_proj,768,resisc45,stanford-cars,8,18,coupling,24,0.64764004945755,0.6471619009971619,0.010416666666666666,0.012185739430909356,0.012931958306580782,0.6372233827908834,0.6354543100266407,0.6342299426905811,-0.004959456622600555,0.6404137666492412
encoder.layers.0.self_attn.q_proj,768,resisc45,sun397,8,18,coupling,24,0.7252742052078247,0.7255719304084778,0.010416666666666666,0.01100743399001658,0.011351022170856595,0.7148575385411581,0.7142667712178081,0.7142209082376212,-0.004959456622600555,0.7192262278404087
encoder.layers.0.self_attn.q_proj,768,resisc45,svhn,8,18,coupling,24,0.6488186717033386,0.6495200395584106,0.010416666666666666,0.010203826241195202,0.010879757503668467,0.638402005036672,0.6386148454621434,0.6386402820547422,-0.004959456622600555,0.643574302084744
encoder.layers.0.self_attn.q_proj,768,stanford-cars,sun397,8,18,coupling,24,0.6335764527320862,0.6390418410301208,0.010416666666666666,0.010177567096737524,0.010500194621272385,0.6231597860654196,0.6233988856353486,0.6285416464088485,-0.004959456622600555,0.6283583422579492
encoder.layers.0.self_attn.q_proj,768,stanford-cars,svhn,8,18,coupling,24,0.6426264047622681,0.6458027362823486,0.010416666666666666,0.010766854121660193,0.011582945318271717,0.6322097380956014,0.6318595506406078,0.6342197909640769,-0.004959456622600555,0.6368190072632084
encoder.layers.0.self_attn.q_proj,768,sun397,svhn,8,18,coupling,24,0.5995428562164307,0.5989588499069214,0.010416666666666666,0.010991261651118597,0.011825461406260729,0.589126189549764,0.588551594565312,0.5871333885006607,-0.004959456622600555,0.5935110511879126
encoder.layers.0.self_attn.v_proj,768,dtd,eurosat,8,18,coupling,24,0.7303366661071777,0.7376425862312317,0.010416666666666666,0.010981558666874966,0.011445081870382031,0.7199199994405111,0.7193551074403027,0.7261975043608496,0.0004208087921142578,0.7189342986481885
encoder.layers.0.self_attn.v_proj,768,dtd,gtsrb,8,18,coupling,24,0.6834592223167419,0.683724582195282,0.010416666666666666,0.010962323363249501,0.012070480889330307,0.6730425556500753,0.6724968989534924,0.6716541013059517,0.0004208087921142578,0.6720760901613781
encoder.layers.0.self_attn.v_proj,768,dtd,mnist,8,18,coupling,24,0.7072743773460388,0.7098329663276672,0.010416666666666666,0.010914438442947963,0.012258242505292097,0.6968577106793722,0.6963599389030909,0.6975747238223752,0.0004208087921142578,0.6959391301109766
encoder.layers.0.self_attn.v_proj,768,dtd,resisc45,8,18,coupling,24,0.8917417526245117,0.8945640921592712,0.010416666666666666,0.011252905785416564,0.011557393707334995,0.8813250859578451,0.8804888468390951,0.8830066984519362,0.0004208087921142578,0.8800680380469809
encoder.layers.0.self_attn.v_proj,768,dtd,stanford-cars,8,18,coupling,24,0.8212538361549377,0.8222370743751526,0.010416666666666666,0.010949342123543223,0.011430929182097316,0.8108371694882711,0.8103044940313945,0.8108061451930553,0.0004208087921142578,0.8098836852392802
encoder.layers.0.self_attn.v_proj,768,dtd,sun397,8,18,coupling,24,0.8376784920692444,0.8361823558807373,0.010416666666666666,0.011989443485314647,0.012880909799908599,0.8272618254025778,0.8256890485839298,0.8233014460808287,0.0004208087921142578,0.8252682397918155
encoder.layers.0.self_attn.v_proj,768,dtd,svhn,8,18,coupling,24,0.700465738773346,0.6994491815567017,0.010416666666666666,0.010689278909315666,0.01133765745908022,0.6900490721066793,0.6897764598640302,0.6881115240976214,0.0004208087921142578,0.689355651071916
encoder.layers.0.self_attn.v_proj,768,eurosat,gtsrb,8,18,coupling,24,0.613587498664856,0.6128893494606018,0.010416666666666666,0.009929923728729287,0.010582808405160904,0.6031708319981893,0.6036575749361267,0.6023065410554409,0.0004208087921142578,0.6032367661440124
encoder.layers.0.self_attn.v_proj,768,eurosat,mnist,8,18,coupling,24,0.6477565169334412,0.6482340097427368,0.010416666666666666,0.01140699985747536,0.012199544891094169,0.6373398502667745,0.6363495170759658,0.6360344648516426,0.0004208087921142578,0.6359287082838515
encoder.layers.0.self_attn.v_proj,768,eurosat,resisc45,8,18,coupling,24,0.7649762034416199,0.7692892551422119,0.010416666666666666,0.010843176006649932,0.011439624009653926,0.7545595367749532,0.7541330274349699,0.757849631132558,0.0004208087921142578,0.7537122186428556
encoder.layers.0.self_attn.v_proj,768,eurosat,stanford-cars,8,18,coupling,24,0.7171012163162231,0.7184289693832397,0.010416666666666666,0.011237459102024635,0.011814269470050931,0.7066845496495565,0.7058637572141985,0.7066146999131888,0.0004208087921142578,0.7054429484220842
encoder.layers.0.self_attn.v_proj,768,eurosat,sun397,8,18,coupling,24,0.7805084586143494,0.7824147939682007,0.010416666666666666,0.010472330963239074,0.010829109077652296,0.7700917919476827,0.7700361276511103,0.7715856848905484,0.0004208087921142578,0.769615318858996
encoder.layers.0.self_attn.v_proj,768,eurosat,svhn,8,18,coupling,24,0.7170013189315796,0.718540608882904,0.010416666666666666,0.010481936585468551,0.01091413382285585,0.706584652264913,0.706519382346111,0.7076264750600482,0.0004208087921142578,0.7060985735539967
encoder.layers.0.self_attn.v_proj,768,gtsrb,mnist,8,18,coupling,24,0.7673395872116089,0.7666521668434143,0.010416666666666666,0.011079276058201989,0.012074703350663185,0.7569229205449423,0.7562603111534069,0.7545774634927511,0.0004208087921142578,0.7558395023612926
encoder.layers.0.self_attn.v_proj,768,gtsrb,resisc45,8,18,coupling,24,0.7103004455566406,0.7100831270217896,0.010416666666666666,0.010703386273235083,0.011605144323160252,0.699883778889974,0.6995970592834055,0.6984779826986293,0.0004208087921142578,0.6991762504912913
encoder.layers.0.self_attn.v_proj,768,gtsrb,stanford-cars,8,18,coupling,24,0.7223628759384155,0.7237080335617065,0.010416666666666666,0.010434171107287208,0.011405932561804851,0.7119462092717489,0.7119287048311284,0.7123021009999017,0.0004208087921142578,0.7115078960390141
encoder.layers.0.self_attn.v_proj,768,gtsrb,sun397,8,18,coupling,24,0.7095894813537598,0.7082576155662537,0.010416666666666666,0.010902797182401022,0.011950546565155188,0.6991728146870931,0.6986866841713587,0.6963070690010985,0.0004208087921142578,0.6982658753792444
encoder.layers.0.self_attn.v_proj,768,gtsrb,svhn,8,18,coupling,24,0.6702628135681152,0.6675119400024414,0.010416666666666666,0.010687009004565576,0.010830702958628535,0.6598461469014486,0.6595758045635497,0.6566812370438129,0.0004208087921142578,0.6591549957714354
encoder.layers.0.self_attn.v_proj,768,mnist,resisc45,8,18,coupling,24,0.776347279548645,0.7766658663749695,0.010416666666666666,0.010705889047433933,0.011700954753905535,0.7659306128819784,0.765641390501211,0.764964911621064,0.0004208087921142578,0.7652205817090968
encoder.layers.0.self_attn.v_proj,768,mnist,stanford-cars,8,18,coupling,24,0.7318909168243408,0.7336831092834473,0.010416666666666666,0.010224132177730402,0.011363235612710318,0.7214742501576742,0.7216667846466104,0.7223198736707369,0.0004208087921142578,0.7212459758544961
encoder.layers.0.self_attn.v_proj,768,mnist,sun397,8,18,coupling,24,0.7521092891693115,0.7561113834381104,0.010416666666666666,0.010676835741226872,0.011716469346235195,0.7416926225026449,0.7414324534280846,0.7443949140918752,0.0004208087921142578,0.7410116446359704
encoder.layers.0.self_attn.v_proj,768,mnist,svhn,8,18,coupling,24,0.6659723520278931,0.6669823527336121,0.010416666666666666,0.011285308748483658,0.01195946770409743,0.6555556853612264,0.6546870432794094,0.6550228850295147,0.0004208087921142578,0.6542662344872952
encoder.layers.0.self_attn.v_proj,768,resisc45,stanford-cars,8,18,coupling,24,0.8244787454605103,0.8264106512069702,0.010416666666666666,0.010657718560347954,0.011413908330723643,0.8140620787938436,0.8138210269001623,0.8149967428762466,0.0004208087921142578,0.8134002181080481
encoder.layers.0.self_attn.v_proj,768,resisc45,sun397,8,18,coupling,24,0.8427913188934326,0.8466857075691223,0.010416666666666666,0.01141769221673409,0.012155486736446619,0.832374652226766,0.8313736266766986,0.8345302208326757,0.0004208087921142578,0.8309528178845843
encoder.layers.0.self_attn.v_proj,768,resisc45,svhn,8,18,coupling,24,0.7240602970123291,0.7229765057563782,0.010416666666666666,0.010233394413565597,0.011125206171224514,0.7136436303456625,0.7138269025987635,0.7118512995851537,0.0004208087921142578,0.7134060938066492
encoder.layers.0.self_attn.v_proj,768,stanford-cars,sun397,8,18,coupling,24,0.9170786738395691,0.9167101979255676,0.010416666666666666,0.010850380019595226,0.01130030358520647,0.9066620071729025,0.9062282938199738,0.9054098943403611,0.0004208087921142578,0.9058074850278596
encoder.layers.0.self_attn.v_proj,768,stanford-cars,svhn,8,18,coupling,24,0.6755786538124084,0.6743312478065491,0.010416666666666666,0.010819283779710531,0.011628792776415745,0.6651619871457418,0.6647593700326979,0.6627024550301334,0.0004208087921142578,0.6643385612405837
encoder.layers.0.self_attn.v_proj,768,sun397,svhn,8,18,coupling,24,0.719781219959259,0.7191884517669678,0.010416666666666666,0.011473985078434149,0.012122370845948657,0.7093645532925924,0.7083072348808249,0.7070660809210191,0.0004208087921142578,0.7078864260887107
encoder.layers.1.self_attn.q_proj,768,dtd,eurosat,8,26,coupling,29,0.6324468851089478,0.6284265518188477,0.010416666666666666,0.010011143089892963,0.010746803988392154,0.6220302184422811,0.6224357420190548,0.6176797478304555,-0.009202040731906891,0.6316377827509617
encoder.layers.1.self_attn.q_proj,768,dtd,gtsrb,8,26,coupling,29,0.6345373392105103,0.6225303411483765,0.010416666666666666,0.010257250784585873,0.011230906083558997,0.6241206725438436,0.6242800884259244,0.6112994350648174,-0.009202040731906891,0.6334821291578313
encoder.layers.1.self_attn.q_proj,768,dtd,mnist,8,26,coupling,29,0.7082240581512451,0.696567714214325,0.010416666666666666,0.010972652273873488,0.011661710062374672,0.6978073914845785,0.6972514058773717,0.6849060041519502,-0.009202040731906891,0.7064534466092786
encoder.layers.1.self_attn.q_proj,768,dtd,resisc45,8,26,coupling,29,0.6955643892288208,0.688973069190979,0.010416666666666666,0.010113962925970554,0.010927455266937613,0.6851477225621542,0.6854504263028502,0.6780456139240414,-0.009202040731906891,0.6946524670347571
encoder.layers.1.self_attn.q_proj,768,dtd,stanford-cars,8,26,coupling,29,0.6256939768791199,0.6133009195327759,0.010416666666666666,0.010373288998380303,0.011438533042867979,0.6152773102124532,0.6153206878807396,0.6018623864899079,-0.009202040731906891,0.6245227286126465
encoder.layers.1.self_attn.q_proj,768,dtd,sun397,8,26,coupling,29,0.7003722190856934,0.6848046183586121,0.010416666666666666,0.011560340644791722,0.012409372255206108,0.6899555524190267,0.6888118784409016,0.672395246103406,-0.009202040731906891,0.6980139191728085
encoder.layers.1.self_attn.q_proj,768,dtd,svhn,8,26,coupling,29,0.6393150687217712,0.6277880072593689,0.010416666666666666,0.010122531869759163,0.010658055078238249,0.6288984020551046,0.629192536852012,0.6171299521811306,-0.009202040731906891,0.6383945775839189
encoder.layers.1.self_attn.q_proj,768,eurosat,gtsrb,8,26,coupling,29,0.6977318525314331,0.6937743425369263,0.010416666666666666,0.010918838903307915,0.01184064126573503,0.6873151858647665,0.6868130136281252,0.6819337012711912,-0.009202040731906891,0.6960150543600321
encoder.layers.1.self_attn.q_proj,768,eurosat,mnist,8,26,coupling,29,0.6853779554367065,0.6840544939041138,0.010416666666666666,0.010982323437929153,0.011376826946313182,0.6749612887700399,0.6743956319987774,0.6726776669578006,-0.009202040731906891,0.6835976727306843
encoder.layers.1.self_attn.q_proj,768,eurosat,resisc45,8,26,coupling,29,0.654071569442749,0.6519268751144409,0.010416666666666666,0.011004204706599316,0.011743550576890508,0.6436549027760824,0.6430673647361497,0.6401833245375504,-0.009202040731906891,0.6522694054680566
encoder.layers.1.self_attn.q_proj,768,eurosat,stanford-cars,8,26,coupling,29,0.634853720664978,0.6369165778160095,0.010416666666666666,0.011110373229409257,0.012332470001031956,0.6244370539983114,0.6237433474355688,0.6245841078149775,-0.009202040731906891,0.6329453881674757
encoder.layers.1.self_attn.q_proj,768,eurosat,sun397,8,26,coupling,29,0.562099814414978,0.5597456693649292,0.010416666666666666,0.011366851084555188,0.012214401581635078,0.5516831477483114,0.5507329633304229,0.5475312677832941,-0.009202040731906891,0.5599350040623298
encoder.layers.1.self_attn.q_proj,768,eurosat,svhn,8,26,coupling,29,0.7089369297027588,0.7041934132575989,0.010416666666666666,0.010978421856028339,0.011450351254704097,0.6985202630360922,0.6979585078467304,0.6927430620028948,-0.009202040731906891,0.7071605485786373
encoder.layers.1.self_attn.q_proj,768,gtsrb,mnist,8,26,coupling,29,0.7305041551589966,0.7296915054321289,0.010416666666666666,0.010091228565822044,0.010926589641409615,0.72008748849233,0.7204129265931746,0.7187649157907193,-0.009202040731906891,0.7296149673250815
encoder.layers.1.self_attn.q_proj,768,gtsrb,resisc45,8,26,coupling,29,0.6798543930053711,0.6724956035614014,0.010416666666666666,0.010636223247274756,0.01140611091007789,0.6694377263387045,0.6692181697580963,0.6610894926513234,-0.009202040731906891,0.6784202104900032
encoder.layers.1.self_attn.q_proj,768,gtsrb,stanford-cars,8,26,coupling,29,0.6630798578262329,0.66717928647995,0.010416666666666666,0.011366625704492131,0.012466350104659796,0.6526631911595663,0.6517132321217408,0.6547129363752902,-0.009202040731906891,0.6609152728536477
encoder.layers.1.self_attn.q_proj,768,gtsrb,sun397,8,26,coupling,29,0.6252138614654541,0.6222941279411316,0.010416666666666666,0.011223756320153674,0.01172698886754612,0.6147971947987875,0.6139901051453004,0.6105671390735855,-0.009202040731906891,0.6231921458772073
encoder.layers.1.self_attn.q_proj,768,gtsrb,svhn,8,26,coupling,29,0.6909462809562683,0.6850450038909912,0.010416666666666666,0.012049861485138535,0.012658940007289251,0.6805296142896017,0.6788964194711298,0.6723860638837019,-0.009202040731906891,0.6880984602030367
encoder.layers.1.self_attn.q_proj,768,mnist,resisc45,8,26,coupling,29,0.6858346462249756,0.6821631193161011,0.010416666666666666,0.010654134520639976,0.011128767703970274,0.675417979558309,0.6751805117043356,0.6710343516121308,-0.009202040731906891,0.6843825524362425
encoder.layers.1.self_attn.q_proj,768,mnist,stanford-cars,8,26,coupling,29,0.6226333379745483,0.6167938113212585,0.010416666666666666,0.010612311462561289,0.010859312179187933,0.6122166713078817,0.6120210265119871,0.6059344991420706,-0.009202040731906891,0.621223067243894
encoder.layers.1.self_attn.q_proj,768,mnist,sun397,8,26,coupling,29,0.7028977274894714,0.6975467205047607,0.010416666666666666,0.010922412504442036,0.011097141851981481,0.6924810608228048,0.6919753149850294,0.6864495786527792,-0.009202040731906891,0.7011773557169363
encoder.layers.1.self_attn.q_proj,768,mnist,svhn,8,26,coupling,29,0.659271240234375,0.6538934111595154,0.010416666666666666,0.011107662382225195,0.011483763344585896,0.6488545735677084,0.6481635778521498,0.6424096478149295,-0.009202040731906891,0.6573656185840567
encoder.layers.1.self_attn.q_proj,768,resisc45,stanford-cars,8,26,coupling,29,0.6988914012908936,0.6946181654930115,0.010416666666666666,0.01016649246836702,0.010685514891520143,0.6884747346242269,0.6887249088225266,0.6839326506014913,-0.009202040731906891,0.6979269495544335
encoder.layers.1.self_attn.q_proj,768,resisc45,sun397,8,26,coupling,29,0.7140602469444275,0.7083113789558411,0.010416666666666666,0.010758575129633149,0.011641497607342899,0.7036435802777609,0.7033016718147943,0.6966698813484982,-0.009202040731906891,0.7125037125467012
encoder.layers.1.self_attn.q_proj,768,resisc45,svhn,8,26,coupling,29,0.6453708410263062,0.6346774101257324,0.010416666666666666,0.011001993591586748,0.011516518813247481,0.6349541743596395,0.6343688474347194,0.623160891312485,-0.009202040731906891,0.6435708881666263
encoder.layers.1.self_attn.q_proj,768,stanford-cars,sun397,8,26,coupling,29,0.7285332083702087,0.7203159332275391,0.010416666666666666,0.010441258161639174,0.011386986550254127,0.7181165417035421,0.7180919502085695,0.7089289466772849,-0.009202040731906891,0.7272939909404764
encoder.layers.1.self_attn.q_proj,768,stanford-cars,svhn,8,26,coupling,29,0.6418812870979309,0.6290252208709717,0.010416666666666666,0.010398764163255692,0.01136505564985176,0.6314646204312643,0.6314825229346752,0.6176601652211199,-0.009202040731906891,0.6406845636665821
encoder.layers.1.self_attn.q_proj,768,sun397,svhn,8,26,coupling,29,0.6287251114845276,0.6196147799491882,0.010416666666666666,0.009759392860966424,0.01010712624217073,0.618308444817861,0.6189657186235612,0.6095076537070175,-0.009202040731906891,0.6281677593554681
encoder.layers.1.self_attn.v_proj,768,dtd,eurosat,8,26,coupling,29,0.6052244901657104,0.5953611135482788,0.010416666666666666,0.010206389163310329,0.011962947125236193,0.5948078234990438,0.5950181010024002,0.5833981664230427,-0.007311612367630005,0.6023297133700302
encoder.layers.1.self_attn.v_proj,768,dtd,gtsrb,8,26,coupling,29,0.6680346727371216,0.6587058901786804,0.010416666666666666,0.011037799219290415,0.013229631896441182,0.657618006070455,0.6569968735178312,0.6454762582822392,-0.007311612367630005,0.6643084858854612
encoder.layers.1.self_attn.v_proj,768,dtd,mnist,8,26,coupling,29,0.6063793897628784,0.6018776893615723,0.010416666666666666,0.011083411828925213,0.013314062263816595,0.5959627230962118,0.5952959779339532,0.5885636270977557,-0.007311612367630005,0.6026075903015832
encoder.layers.1.self_attn.v_proj,768,dtd,resisc45,8,26,coupling,29,0.7812373042106628,0.7792340517044067,0.010416666666666666,0.011474990518763661,0.014355514664202929,0.7708206375439962,0.7697623136918992,0.7648785370402038,-0.007311612367630005,0.7770739260595292
encoder.layers.1.self_attn.v_proj,768,dtd,stanford-cars,8,26,coupling,29,0.7806417942047119,0.7937631607055664,0.010416666666666666,0.009883090271614492,0.011694746053156754,0.7702251275380453,0.7707587039330974,0.7820684146524096,-0.007311612367630005,0.7780703163007274
encoder.layers.1.self_attn.v_proj,768,dtd,sun397,8,26,coupling,29,0.8570364713668823,0.8593310713768005,0.010416666666666666,0.010860508191399276,0.012273751354465881,0.8466198047002157,0.846175963175483,0.8470573200223347,-0.007311612367630005,0.853487575543113
encoder.layers.1.self_attn.v_proj,768,dtd,svhn,8,26,coupling,29,0.609387993812561,0.6045690774917603,0.010416666666666666,0.011042387069513401,0.01272372497866551,0.5989713271458944,0.5983456067430476,0.5918453525130948,-0.007311612367630005,0.6056572191106776
encoder.layers.1.self_attn.v_proj,768,eurosat,gtsrb,8,26,coupling,29,0.626288890838623,0.6303422451019287,0.010416666666666666,0.011101209946597615,0.013538942517091831,0.6158722241719564,0.6151876808920255,0.6168033025848368,-0.007311612367630005,0.6224992932596555
encoder.layers.1.self_attn.v_proj,768,eurosat,mnist,8,26,coupling,29,0.5919293165206909,0.5916709303855896,0.010416666666666666,0.010400198322410384,0.011817212759827575,0.5815126498540243,0.5815291181982806,0.579853717625762,-0.007311612367630005,0.5888407305659106
encoder.layers.1.self_attn.v_proj,768,eurosat,resisc45,8,26,coupling,29,0.7051072120666504,0.6992207169532776,0.010416666666666666,0.010009734619719287,0.011475423273319999,0.6946905453999838,0.6950974774469311,0.6877452936799576,-0.007311612367630005,0.7024090898145611
encoder.layers.1.self_attn.v_proj,768,eurosat,stanford-cars,8,26,coupling,29,0.6148785352706909,0.6089730858802795,0.010416666666666666,0.010920503487189611,0.012808542776231965,0.6044618686040243,0.6039580317835013,0.5961645431040475,-0.007311612367630005,0.6112696441511313
encoder.layers.1.self_attn.v_proj,768,eurosat,sun397,8,26,coupling,29,0.6250513195991516,0.6216049194335938,0.010416666666666666,0.011178524311011037,0.012250824365764856,0.614634652932485,0.6138727952881405,0.6093540950678289,-0.007311612367630005,0.6211844076557705
encoder.layers.1.self_attn.v_proj,768,eurosat,svhn,8,26,coupling,29,0.6960941553115845,0.695741593837738,0.010416666666666666,0.011137101061952611,0.012178994870434204,0.6856774886449178,0.6849570542496318,0.6835625989673039,-0.007311612367630005,0.6922686666172618
encoder.layers.1.self_attn.v_proj,768,gtsrb,mnist,8,26,coupling,29,0.6465471982955933,0.6445639133453369,0.010416666666666666,0.010351083474233747,0.012314470174411932,0.6361305316289266,0.6361961148213595,0.632249443170925,-0.007311612367630005,0.6435077271889895
encoder.layers.1.self_attn.v_proj,768,gtsrb,resisc45,8,26,coupling,29,0.6788163781166077,0.6693388223648071,0.010416666666666666,0.01095950479308764,0.0138388283085078,0.668399711449941,0.6678568733235201,0.6554999940562993,-0.007311612367630005,0.6751684856911501
encoder.layers.1.self_attn.v_proj,768,gtsrb,stanford-cars,8,26,coupling,29,0.7036001682281494,0.6877602934837341,0.010416666666666666,0.011669525876641273,0.01494530045116941,0.6931835015614828,0.6919306423515081,0.6728149930325648,-0.007311612367630005,0.6992422547191381
encoder.layers.1.self_attn.v_proj,768,gtsrb,sun397,8,26,coupling,29,0.704337477684021,0.697187066078186,0.010416666666666666,0.011116000901286801,0.012934808386489749,0.6939208110173544,0.6932214767827342,0.6842522576916963,-0.007311612367630005,0.7005330891503642
encoder.layers.1.self_attn.v_proj,768,gtsrb,svhn,8,26,coupling,29,0.7471139430999756,0.744820773601532,0.010416666666666666,0.010811217439671358,0.013234142136449615,0.736697276433309,0.7363027256603042,0.7315866314650824,-0.007311612367630005,0.7436143380279342
encoder.layers.1.self_attn.v_proj,768,mnist,resisc45,8,26,coupling,29,0.6463087797164917,0.6423631906509399,0.010416666666666666,0.010810225813960036,0.012772215142225226,0.6358921130498251,0.6354985539025316,0.6295909755087147,-0.007311612367630005,0.6428101662701616
encoder.layers.1.self_attn.v_proj,768,mnist,stanford-cars,8,26,coupling,29,0.6118388772010803,0.621458113193512,0.010416666666666666,0.010569165383155147,0.012299892803033194,0.6014222105344137,0.6012697118179252,0.6091582203904787,-0.007311612367630005,0.6085813241855552
encoder.layers.1.self_attn.v_proj,768,mnist,sun397,8,26,coupling,29,0.6725460886955261,0.667315661907196,0.010416666666666666,0.010481258854269981,0.011808300778890649,0.6621294220288595,0.6620648298412561,0.6555073611283054,-0.007311612367630005,0.6693764422088861
encoder.layers.1.self_attn.v_proj,768,mnist,svhn,8,26,coupling,29,0.6055556535720825,0.6075321435928345,0.010416666666666666,0.011038549399624268,0.012446451932191849,0.5951389869054159,0.5945171041724583,0.5950856916606426,-0.007311612367630005,0.6018287165400883
encoder.layers.1.self_attn.v_proj,768,resisc45,stanford-cars,8,26,coupling,29,0.764376699924469,0.7522268295288086,0.010416666666666666,0.011336319070930282,0.013325203986217579,0.7539600332578024,0.7530403808535387,0.738901625542591,-0.007311612367630005,0.7603519932211688
encoder.layers.1.self_attn.v_proj,768,resisc45,sun397,8,26,coupling,29,0.7849097847938538,0.7811672687530518,0.010416666666666666,0.010692199614519874,0.012457011888424555,0.7744931181271871,0.7742175851793339,0.7687102568646272,-0.007311612367630005,0.7815291975469639
encoder.layers.1.self_attn.v_proj,768,resisc45,svhn,8,26,coupling,29,0.6412912011146545,0.6370856165885925,0.010416666666666666,0.010191110816473762,0.01171187311410904,0.6308745344479879,0.6311000902981808,0.6253737434744835,-0.007311612367630005,0.6384117026658108
encoder.layers.1.self_attn.v_proj,768,stanford-cars,sun397,8,26,coupling,29,0.8725764751434326,0.8899895548820496,0.010416666666666666,0.010572550779518982,0.012307022465392947,0.862159808476766,0.8620039243639136,0.8776825324166566,-0.007311612367630005,0.8693155367315436
encoder.layers.1.self_attn.v_proj,768,stanford-cars,svhn,8,26,coupling,29,0.6439332962036133,0.6407642960548401,0.010416666666666666,0.010062850934142867,0.011344725964590907,0.6335166295369467,0.6338704452694705,0.6294195700902492,-0.007311612367630005,0.6411820576371005
encoder.layers.1.self_attn.v_proj,768,sun397,svhn,8,26,coupling,29,0.652299165725708,0.6530654430389404,0.010416666666666666,0.009988477996860942,0.011040465673431754,0.6418824990590414,0.642310687728847,0.6420249773655087,-0.007311612367630005,0.649622300096477
encoder.layers.10.self_attn.q_proj,768,dtd,eurosat,8,18,coupling,32,0.5464981198310852,0.5531033277511597,0.010416666666666666,0.010700634447857738,0.013088278472423553,0.5360814531644186,0.5357974853832275,0.5400150492787361,-0.015155285596847534,0.550952770980075
encoder.layers.10.self_attn.q_proj,768,dtd,gtsrb,8,18,coupling,32,0.5275433659553528,0.5170021057128906,0.010416666666666666,0.010083215466390053,0.011636000902702412,0.5171266992886862,0.5174601504889628,0.5053661048101882,-0.015155285596847534,0.5326154360858103
encoder.layers.10.self_attn.q_proj,768,dtd,mnist,8,18,coupling,32,0.522499680519104,0.5202195644378662,0.010416666666666666,0.011273008227969209,0.012933755293488503,0.5120830138524374,0.5112266722911348,0.5072858091443777,-0.015155285596847534,0.5263819578879824
encoder.layers.10.self_attn.q_proj,768,dtd,resisc45,8,18,coupling,32,0.5274379849433899,0.5332357287406921,0.010416666666666666,0.011070810491219163,0.014931451141213378,0.5170213182767233,0.5163671744521707,0.5183042775994787,-0.015155285596847534,0.5315224600490183
encoder.layers.10.self_attn.q_proj,768,dtd,stanford-cars,8,18,coupling,32,0.557533323764801,0.5603241920471191,0.010416666666666666,0.010615573730319738,0.012935546149189273,0.5471166570981344,0.5469177500344813,0.5473886458979299,-0.015155285596847534,0.5620730356313288
encoder.layers.10.self_attn.q_proj,768,dtd,sun397,8,18,coupling,32,0.6131372451782227,0.6057481169700623,0.010416666666666666,0.010722041595727205,0.013516923102239767,0.602720578511556,0.6024152035824955,0.5922311938678225,-0.015155285596847534,0.617570489179343
encoder.layers.10.self_attn.q_proj,768,dtd,svhn,8,18,coupling,32,0.5497620701789856,0.5452075600624084,0.010416666666666666,0.010079932554314533,0.012139892127985755,0.539345403512319,0.5396821376246711,0.5330676679344227,-0.015155285596847534,0.5548374232215186
encoder.layers.10.self_attn.q_proj,768,eurosat,gtsrb,8,18,coupling,32,0.545907735824585,0.5444846749305725,0.010416666666666666,0.010148557756717006,0.01239675524023672,0.5354910691579183,0.535759178067868,0.5320879196903358,-0.015155285596847534,0.5509144636647155
encoder.layers.10.self_attn.q_proj,768,eurosat,mnist,8,18,coupling,32,0.5159109830856323,0.519084632396698,0.010416666666666666,0.011207181805123886,0.013002117086822787,0.5054943164189657,0.5047038012805084,0.5060825153098752,-0.015155285596847534,0.5198590868773559
encoder.layers.10.self_attn.q_proj,768,eurosat,resisc45,8,18,coupling,32,0.6907088756561279,0.6914565563201904,0.010416666666666666,0.012742821360006928,0.015122647397220135,0.6802922089894613,0.677966054296121,0.6763339089229703,-0.015155285596847534,0.6931213398929685
encoder.layers.10.self_attn.q_proj,768,eurosat,stanford-cars,8,18,coupling,32,0.5755947232246399,0.5715475082397461,0.010416666666666666,0.0099646324912707,0.011976171750575304,0.5651780565579733,0.5656300907333692,0.5595713364891708,-0.015155285596847534,0.5807853763302168
encoder.layers.10.self_attn.q_proj,768,eurosat,sun397,8,18,coupling,32,0.5784399509429932,0.5821253061294556,0.010416666666666666,0.011370828608050942,0.013559184192369381,0.5680232842763265,0.5670691223349422,0.5685661219370862,-0.015155285596847534,0.5822244079317898
encoder.layers.10.self_attn.q_proj,768,eurosat,svhn,8,18,coupling,32,0.5477467775344849,0.5549752116203308,0.010416666666666666,0.011303563990319768,0.013317460349450508,0.5373301108678182,0.5364432135441651,0.5416577512708803,-0.015155285596847534,0.5515984991410127
encoder.layers.10.self_attn.q_proj,768,gtsrb,mnist,8,18,coupling,32,0.5083543062210083,0.5127951502799988,0.010416666666666666,0.011209809997429451,0.013895529322326183,0.4979376395543416,0.49714449622357887,0.4988996209576726,-0.015155285596847534,0.5122997818204265
encoder.layers.10.self_attn.q_proj,768,gtsrb,resisc45,8,18,coupling,32,0.5128649473190308,0.5130593180656433,0.010416666666666666,0.01064104272518307,0.012360721981773773,0.5024482806523641,0.5022239045938477,0.5006985960838696,-0.015155285596847534,0.5173791901906952
encoder.layers.10.self_attn.q_proj,768,gtsrb,stanford-cars,8,18,coupling,32,0.5438404083251953,0.5416456460952759,0.010416666666666666,0.010570152856719991,0.01184546179138124,0.5334237416585287,0.5332702554684753,0.5298001843038946,-0.015155285596847534,0.5484255410653228
encoder.layers.10.self_attn.q_proj,768,gtsrb,sun397,8,18,coupling,32,0.5366305112838745,0.5341899394989014,0.010416666666666666,0.011314988446732363,0.013627398914347092,0.5262138446172079,0.5253155228371421,0.5205625405845543,-0.015155285596847534,0.5404708084339896
encoder.layers.10.self_attn.q_proj,768,gtsrb,svhn,8,18,coupling,32,0.5627804398536682,0.5619954466819763,0.010416666666666666,0.011802974700306853,0.014838591295604905,0.5523637731870016,0.5509774651533613,0.5471568553863714,-0.015155285596847534,0.5661327507502089
encoder.layers.10.self_attn.q_proj,768,mnist,resisc45,8,18,coupling,32,0.5315119028091431,0.5310303568840027,0.010416666666666666,0.0106298818718642,0.01273211146083971,0.5210952361424764,0.5208820209372789,0.5182982454231629,-0.015155285596847534,0.5360373065341264
encoder.layers.10.self_attn.q_proj,768,mnist,stanford-cars,8,18,coupling,32,0.5216497182846069,0.5227755308151245,0.010416666666666666,0.010967442921052376,0.012652677794297537,0.5112330516179403,0.5106822753635546,0.5101228530208269,-0.015155285596847534,0.5258375609604021
encoder.layers.10.self_attn.q_proj,768,mnist,sun397,8,18,coupling,32,0.5866027474403381,0.5838465690612793,0.010416666666666666,0.01103080331813544,0.013168226539467772,0.5761860807736715,0.5755719441222027,0.5706783425218115,-0.015155285596847534,0.5907272297190502
encoder.layers.10.self_attn.q_proj,768,mnist,svhn,8,18,coupling,32,0.638932466506958,0.639135479927063,0.010416666666666666,0.011779103505735597,0.014570140823101005,0.6285157998402914,0.6271533630012224,0.624565339103962,-0.015155285596847534,0.6423086485980699
encoder.layers.10.self_attn.q_proj,768,resisc45,stanford-cars,8,18,coupling,32,0.5306273698806763,0.5312886834144592,0.010416666666666666,0.010618081471572319,0.012204096652567387,0.5202107032140096,0.520009288409104,0.5190845867618918,-0.015155285596847534,0.5351645740059515
encoder.layers.10.self_attn.q_proj,768,resisc45,sun397,8,18,coupling,32,0.5720645189285278,0.579110860824585,0.010416666666666666,0.01114545064046979,0.01416088780388236,0.5616478522618612,0.560919068288058,0.5649499730207026,-0.015155285596847534,0.5760743538849056
encoder.layers.10.self_attn.q_proj,768,resisc45,svhn,8,18,coupling,32,0.4758748412132263,0.4817192256450653,0.010416666666666666,0.010214098612777889,0.012521991118167838,0.46545817454655963,0.46566074260044843,0.4691972345268975,-0.015155285596847534,0.48081602819729596
encoder.layers.10.self_attn.q_proj,768,stanford-cars,sun397,8,18,coupling,32,0.5569040179252625,0.5571342706680298,0.010416666666666666,0.010846599160383144,0.012444155445943276,0.5464873512585958,0.5460574187648793,0.5446901152220865,-0.015155285596847534,0.5612127043617269
encoder.layers.10.self_attn.q_proj,768,stanford-cars,svhn,8,18,coupling,32,0.5789552330970764,0.5773189663887024,0.010416666666666666,0.010996935578684012,0.012305462577690681,0.5685385664304098,0.5679582975183924,0.5650135038110117,-0.015155285596847534,0.58311358311524
encoder.layers.10.self_attn.q_proj,768,sun397,svhn,8,18,coupling,32,0.5805034041404724,0.5734752416610718,0.010416666666666666,0.011326765253519019,0.01301750548494359,0.5700867374738058,0.5691766388869534,0.5604577361761282,-0.015155285596847534,0.5843319244838009
encoder.layers.10.self_attn.v_proj,768,dtd,eurosat,8,18,coupling,32,0.5122570991516113,0.5125954151153564,0.010416666666666666,0.011108515202067792,0.014083533237377802,0.5018404324849447,0.5011485839495435,0.4985118818779786,-0.0026649832725524902,0.503813567222096
encoder.layers.10.self_attn.v_proj,768,dtd,gtsrb,8,18,coupling,32,0.5102378726005554,0.5015677213668823,0.010416666666666666,0.009924424967418114,0.011897533588732282,0.49982120593388873,0.5003134476331373,0.48967018777815,-0.0026649832725524902,0.5029784309056898
encoder.layers.10.self_attn.v_proj,768,dtd,mnist,8,18,coupling,32,0.4695911407470703,0.4667258560657501,0.010416666666666666,0.010841547278687358,0.013494726425657669,0.4591744740804036,0.45874959346838295,0.45323112964009243,-0.0026649832725524902,0.46141457674093544
encoder.layers.10.self_attn.v_proj,768,dtd,resisc45,8,18,coupling,32,0.5869308710098267,0.5806971788406372,0.010416666666666666,0.010486633749678731,0.013947207015007734,0.57651420434316,0.5764442372601479,0.5667499718256295,-0.0026649832725524902,0.5791092205327004
encoder.layers.10.self_attn.v_proj,768,dtd,stanford-cars,8,18,coupling,32,0.46153539419174194,0.45184648036956787,0.010416666666666666,0.009794542915187776,0.012567898646617929,0.45111872752507526,0.45174085127655417,0.4392785817229499,-0.0026649832725524902,0.45440583454910666
encoder.layers.10.self_attn.v_proj,768,dtd,sun397,8,18,coupling,32,0.6305544376373291,0.6271157264709473,0.010416666666666666,0.01131234085187316,0.014851445254559318,0.6201377709706625,0.6192420967854559,0.612264281216388,-0.0026649832725524902,0.6219070800580084
encoder.layers.10.self_attn.v_proj,768,dtd,svhn,8,18,coupling,32,0.4714609682559967,0.4616544842720032,0.010416666666666666,0.00990754373682042,0.012201216770336032,0.46104430158933,0.4615534245191763,0.44945326750166714,-0.0026649832725524902,0.4642184077917288
encoder.layers.10.self_attn.v_proj,768,eurosat,gtsrb,8,18,coupling,32,0.5405048131942749,0.536861777305603,0.010416666666666666,0.010544978780671954,0.012227814178913832,0.5300881465276083,0.529959834413603,0.5246339631266892,-0.0026649832725524902,0.5326248176861554
encoder.layers.10.self_attn.v_proj,768,eurosat,mnist,8,18,coupling,32,0.5689197182655334,0.566489577293396,0.010416666666666666,0.010917321623613438,0.013558112317696214,0.5585030515988668,0.55800239664192,0.5529314649756998,-0.0026649832725524902,0.5606673799144725
encoder.layers.10.self_attn.v_proj,768,eurosat,resisc45,8,18,coupling,32,0.7457942962646484,0.7459560036659241,0.010416666666666666,0.011771402088925242,0.014957207953557372,0.7353776295979818,0.7340228941757232,0.7309987957123667,-0.0026649832725524902,0.7366878774482757
encoder.layers.10.self_attn.v_proj,768,eurosat,stanford-cars,8,18,coupling,32,0.4989280700683594,0.4976559579372406,0.010416666666666666,0.010876041293765107,0.012274537235498428,0.4885114034016927,0.48805202877459425,0.48538142070174217,-0.0026649832725524902,0.49071701204714674
encoder.layers.10.self_attn.v_proj,768,eurosat,sun397,8,18,coupling,32,0.5871591567993164,0.5895390510559082,0.010416666666666666,0.009726991954570016,0.0126300526317209,0.5767424901326498,0.5774321648447464,0.5769089984241873,-0.0026649832725524902,0.5800971481172988
encoder.layers.10.self_attn.v_proj,768,eurosat,svhn,8,18,coupling,32,0.5589593052864075,0.5551750659942627,0.010416666666666666,0.011018815683200955,0.012739807832986116,0.5485426386197408,0.5479404896032065,0.5424352581612766,-0.0026649832725524902,0.550605472875759
encoder.layers.10.self_attn.v_proj,768,gtsrb,mnist,8,18,coupling,32,0.5399489998817444,0.5360202193260193,0.010416666666666666,0.010187731240876019,0.01182604282318304,0.5295323332150778,0.5297612686408684,0.5241941765028363,-0.0026649832725524902,0.5324262519134209
encoder.layers.10.self_attn.v_proj,768,gtsrb,resisc45,8,18,coupling,32,0.572645902633667,0.5642325282096863,0.010416666666666666,0.010672306641936302,0.012501758523285389,0.5622292359670004,0.5619735959917307,0.5517307696864009,-0.0026649832725524902,0.5646385792642832
encoder.layers.10.self_attn.v_proj,768,gtsrb,stanford-cars,8,18,coupling,32,0.5815586447715759,0.5811821818351746,0.010416666666666666,0.011902820086106658,0.012871680626024803,0.5711419781049093,0.5696558246854693,0.5683105012091497,-0.0026649832725524902,0.5723208079580218
encoder.layers.10.self_attn.v_proj,768,gtsrb,sun397,8,18,coupling,32,0.5265554785728455,0.5271804928779602,0.010416666666666666,0.009901583815614382,0.011651546616728107,0.5161388119061788,0.5166538947572311,0.5155289462612321,-0.0026649832725524902,0.5193188780297836
encoder.layers.10.self_attn.v_proj,768,gtsrb,svhn,8,18,coupling,32,0.6617373824119568,0.6552358269691467,0.010416666666666666,0.010798295222533246,0.012729293899610639,0.6513207157452902,0.6509390871894235,0.6425065330695361,-0.0026649832725524902,0.653604070461976
encoder.layers.10.self_attn.v_proj,768,mnist,resisc45,8,18,coupling,32,0.5621508955955505,0.5588634014129639,0.010416666666666666,0.011149008059874177,0.01336863466228048,0.5517342289288839,0.5510018875356764,0.5454947667506834,-0.0026649832725524902,0.5536668708082289
encoder.layers.10.self_attn.v_proj,768,mnist,stanford-cars,8,18,coupling,32,0.5296863317489624,0.521798849105835,0.010416666666666666,0.011382571809614698,0.012111178909738859,0.5192696650822958,0.5183037599393477,0.5096876701960961,-0.0026649832725524902,0.5209687432119002
encoder.layers.10.self_attn.v_proj,768,mnist,sun397,8,18,coupling,32,0.5524328947067261,0.549842119216919,0.010416666666666666,0.010614180355332792,0.013413770434757074,0.5420162280400594,0.5418187143513933,0.5364283487821618,-0.0026649832725524902,0.5444836976239458
encoder.layers.10.self_attn.v_proj,768,mnist,svhn,8,18,coupling,32,0.6748022437095642,0.6736384630203247,0.010416666666666666,0.011094294333209595,0.013578934827819467,0.6643855770428976,0.6637079493763546,0.6600595281925052,-0.0026649832725524902,0.6663729326489071
encoder.layers.10.self_attn.v_proj,768,resisc45,stanford-cars,8,18,coupling,32,0.5204509496688843,0.5111933946609497,0.010416666666666666,0.011089760499695936,0.01303281751461327,0.5100342830022176,0.5093611891691884,0.49816057714633644,-0.0026649832725524902,0.5120261724417409
encoder.layers.10.self_attn.v_proj,768,resisc45,sun397,8,18,coupling,32,0.6470794677734375,0.6458196043968201,0.010416666666666666,0.01214280064838628,0.014935740269720554,0.6366628011067709,0.6349366671250513,0.6308838641270995,-0.0026649832725524902,0.6376016503976037
encoder.layers.10.self_attn.v_proj,768,resisc45,svhn,8,18,coupling,32,0.5765769481658936,0.5683428049087524,0.010416666666666666,0.0097103783627972,0.012443285823489228,0.5661602814992269,0.5668665698030964,0.5558995190852632,-0.0026649832725524902,0.5695315530756488
encoder.layers.10.self_attn.v_proj,768,stanford-cars,sun397,8,18,coupling,32,0.5485222339630127,0.5464006662368774,0.010416666666666666,0.011728820701440176,0.013130941583464542,0.5381055672963461,0.5367934132615725,0.5332697246534129,-0.0026649832725524902,0.539458396534125
encoder.layers.10.self_attn.v_proj,768,stanford-cars,svhn,8,18,coupling,32,0.5742893815040588,0.5723636150360107,0.010416666666666666,0.010933180882905921,0.01229697985885044,0.5638727148373922,0.5633562006211529,0.5600666351771603,-0.0026649832725524902,0.5660211838937054
encoder.layers.10.self_attn.v_proj,768,sun397,svhn,8,18,coupling,32,0.5430039763450623,0.5438206791877747,0.010416666666666666,0.011001855523015061,0.012809161601277689,0.5325873096783956,0.5320021208220472,0.531011517586497,-0.0026649832725524902,0.5346671040945997
encoder.layers.11.self_attn.q_proj,768,dtd,eurosat,8,7,coupling,31,0.5106416940689087,0.5193952322006226,0.010416666666666666,0.010404265640924374,0.012130604746441046,0.5002250274022421,0.5002374284279844,0.5072646274541815,0.0023921355605125427,0.4978452928674718
encoder.layers.11.self_attn.q_proj,768,dtd,gtsrb,8,7,coupling,31,0.5835983753204346,0.5843508243560791,0.010416666666666666,0.010534261624949673,0.012570504720012346,0.5731817086537679,0.5730641136954849,0.5717803196360668,0.0023921355605125427,0.5706719781349724
encoder.layers.11.self_attn.q_proj,768,dtd,mnist,8,7,coupling,31,0.5169026851654053,0.514072835445404,0.010416666666666666,0.010269128407041231,0.011725279657791058,0.5064860184987386,0.5066335567583641,0.502347555787613,0.0023921355605125427,0.5042414211978515
encoder.layers.11.self_attn.q_proj,768,dtd,resisc45,8,7,coupling,31,0.49983182549476624,0.49808046221733093,0.010416666666666666,0.010976204687419036,0.013665413794418177,0.48941515882809955,0.4888556208073472,0.4844150484229128,0.0023921355605125427,0.48646348524683464
encoder.layers.11.self_attn.q_proj,768,dtd,stanford-cars,8,7,coupling,31,0.4739799201488495,0.46821627020835876,0.010416666666666666,0.009488334374812743,0.011298679048195481,0.4635632534821828,0.46449158577403676,0.4569175911601633,0.0023921355605125427,0.4620994502135242
encoder.layers.11.self_attn.q_proj,768,dtd,sun397,8,7,coupling,31,0.5794863104820251,0.5810642838478088,0.010416666666666666,0.010823375545442104,0.01233451534062624,0.5690696438153585,0.568662934936583,0.5687297685071826,0.0023921355605125427,0.5662707993760705
encoder.layers.11.self_attn.q_proj,768,dtd,svhn,8,7,coupling,31,0.5844359993934631,0.5858211517333984,0.010416666666666666,0.00993229386707147,0.011150853669581315,0.5740193327267965,0.5745037055263916,0.5746702980638171,0.0023921355605125427,0.5721115699658791
encoder.layers.11.self_attn.q_proj,768,eurosat,gtsrb,8,7,coupling,31,0.49184709787368774,0.49553611874580383,0.010416666666666666,0.011194409724945823,0.013690087711438537,0.48143043120702106,0.4806526881487419,0.4818460310343653,0.0023921355605125427,0.47826055258822936
encoder.layers.11.self_attn.q_proj,768,eurosat,mnist,8,7,coupling,31,0.434096097946167,0.43584588170051575,0.010416666666666666,0.009877584602994224,0.011735840778176984,0.4236794312795003,0.4242185133431728,0.4241100409223388,0.0023921355605125427,0.42182637778266024
encoder.layers.11.self_attn.q_proj,768,eurosat,resisc45,8,7,coupling,31,0.5933585166931152,0.5965272784233093,0.010416666666666666,0.010692381455252567,0.013690911776696643,0.5829418500264486,0.5826661352378627,0.5828363666466126,0.0023921355605125427,0.5802739996773502
encoder.layers.11.self_attn.q_proj,768,eurosat,stanford-cars,8,7,coupling,31,0.48286646604537964,0.48874378204345703,0.010416666666666666,0.010682571213692427,0.012323951348662376,0.47244979937871295,0.4721838948316872,0.47641983069479465,0.0023921355605125427,0.46979175927117467
encoder.layers.11.self_attn.q_proj,768,eurosat,sun397,8,7,coupling,31,0.4495290517807007,0.4556407928466797,0.010416666666666666,0.010529319561707476,0.013772381391997138,0.439112385114034,0.4389997322189932,0.44186841145468253,0.0023921355605125427,0.43660759665848065
encoder.layers.11.self_attn.q_proj,768,eurosat,svhn,8,7,coupling,31,0.5033382177352905,0.5044246315956116,0.010416666666666666,0.009672213539791604,0.011566881633674106,0.49292155106862384,0.49366600419549894,0.4928577499619375,0.0023921355605125427,0.4912738686349864
encoder.layers.11.self_attn.q_proj,768,gtsrb,mnist,8,7,coupling,31,0.5130611062049866,0.5139122605323792,0.010416666666666666,0.010707587391758958,0.012345189694315195,0.5026444395383199,0.5023535188132277,0.501567070838064,0.0023921355605125427,0.4999613832527151
encoder.layers.11.self_attn.q_proj,768,gtsrb,resisc45,8,7,coupling,31,0.49847590923309326,0.5048083662986755,0.010416666666666666,0.01002118969336152,0.01250798076701661,0.4880592425664266,0.48845471953973174,0.49230038553165895,0.0023921355605125427,0.4860625839792192
encoder.layers.11.self_attn.q_proj,768,gtsrb,stanford-cars,8,7,coupling,31,0.44287508726119995,0.4458913505077362,0.010416666666666666,0.00979576768198361,0.012117453617975116,0.43245842059453327,0.43307931957921636,0.4337738968897611,0.0023921355605125427,0.4306871840187038
encoder.layers.11.self_attn.q_proj,768,gtsrb,sun397,8,7,coupling,31,0.5842685699462891,0.5917907953262329,0.010416666666666666,0.010850259102880955,0.012647630258773765,0.5738519032796224,0.5734183108434081,0.5791431650674591,0.0023921355605125427,0.5710261752828956
encoder.layers.11.self_attn.q_proj,768,gtsrb,svhn,8,7,coupling,31,0.6172028183937073,0.6187219619750977,0.010416666666666666,0.010381860503305992,0.011808926394830147,0.6067861517270406,0.6068209578904012,0.6069130355802675,0.0023921355605125427,0.6044288223298887
encoder.layers.11.self_attn.q_proj,768,mnist,resisc45,8,7,coupling,31,0.5408945083618164,0.5409974455833435,0.010416666666666666,0.009959291821966568,0.011872923622528711,0.5304778416951498,0.5309352165398499,0.5291245219608148,0.0023921355605125427,0.5285430809793373
encoder.layers.11.self_attn.q_proj,768,mnist,stanford-cars,8,7,coupling,31,0.47121939063072205,0.47828835248947144,0.010416666666666666,0.01006410903452585,0.01149216596968472,0.46080272396405536,0.4611552815961962,0.4667961865197867,0.0023921355605125427,0.45876314603568363
encoder.layers.11.self_attn.q_proj,768,mnist,sun397,8,7,coupling,31,0.5010547041893005,0.5029045343399048,0.010416666666666666,0.011046584346331656,0.012883674508581558,0.49063803752263385,0.4900081198429689,0.4900208598313232,0.0023921355605125427,0.48761598428245634
encoder.layers.11.self_attn.q_proj,768,mnist,svhn,8,7,coupling,31,0.6615626215934753,0.6634531021118164,0.010416666666666666,0.010339704031745592,0.011560420777338246,0.6511459549268087,0.6512229175617298,0.6518926813344782,0.0023921355605125427,0.6488307820012172
encoder.layers.11.self_attn.q_proj,768,resisc45,stanford-cars,8,7,coupling,31,0.4269292950630188,0.44417211413383484,0.010416666666666666,0.010363321440915266,0.01264816716623803,0.4165126283963521,0.4165659736221035,0.4315239469675968,0.0023921355605125427,0.41417383806159097
encoder.layers.11.self_attn.q_proj,768,resisc45,sun397,8,7,coupling,31,0.5828573703765869,0.5876511335372925,0.010416666666666666,0.010913894511759281,0.014230201719328761,0.5724407037099203,0.5719434758648276,0.5734209318179637,0.0023921355605125427,0.5695513403043151
encoder.layers.11.self_attn.q_proj,768,resisc45,svhn,8,7,coupling,31,0.48550504446029663,0.4859798550605774,0.010416666666666666,0.011250118647391597,0.01390540941307942,0.47508837779362995,0.474254925812905,0.47207444564749795,0.0023921355605125427,0.47186279025239247
encoder.layers.11.self_attn.q_proj,768,stanford-cars,sun397,8,7,coupling,31,0.5871269106864929,0.5899309515953064,0.010416666666666666,0.011166184209287167,0.013436214765533805,0.5767102440198263,0.5759607264772058,0.5764947368297726,0.0023921355605125427,0.5735685909166932
encoder.layers.11.self_attn.q_proj,768,stanford-cars,svhn,8,7,coupling,31,0.5035842061042786,0.507439374923706,0.010416666666666666,0.011630190070718527,0.01335730302768449,0.4931675394376119,0.49195401603356004,0.49408207189602155,0.0023921355605125427,0.4895618804730475
encoder.layers.11.self_attn.q_proj,768,sun397,svhn,8,7,coupling,31,0.5567633509635925,0.5607337951660156,0.010416666666666666,0.010339605001111826,0.011243268847465515,0.5463466842969259,0.5464237459624807,0.5494905263185501,0.0023921355605125427,0.5440316104019681
encoder.layers.11.self_attn.v_proj,768,dtd,eurosat,8,7,coupling,31,0.579316258430481,0.5720726251602173,0.010416666666666666,0.011564573893944422,0.019048381752024095,0.5688995917638143,0.5677516845365366,0.5530242434081932,0.0024919509887695312,0.565259733547767
encoder.layers.11.self_attn.v_proj,768,dtd,gtsrb,8,7,coupling,31,0.529303789138794,0.5319864749908447,0.010416666666666666,0.011376353446394205,0.016908320831134915,0.5188871224721273,0.5179274356923997,0.5150781541597098,0.0024919509887695312,0.5154354847036302
encoder.layers.11.self_attn.v_proj,768,dtd,mnist,8,7,coupling,31,0.47622331976890564,0.4659208655357361,0.010416666666666666,0.009930653885627786,0.013282885386918982,0.46580665310223895,0.46629266588327783,0.4526379801488171,0.0024919509887695312,0.4638007148945083
encoder.layers.11.self_attn.v_proj,768,dtd,resisc45,8,7,coupling,31,0.5190859436988831,0.5169109106063843,0.010416666666666666,0.012090812204405665,0.02053363419448336,0.5086692770322164,0.5069951314944774,0.49637727641190094,0.0024919509887695312,0.5045031805057079
encoder.layers.11.self_attn.v_proj,768,dtd,stanford-cars,8,7,coupling,31,0.5923969149589539,0.5771154165267944,0.010416666666666666,0.010579816220949093,0.015252499530712763,0.5819802482922872,0.5818170987380048,0.5618629169960817,0.0024919509887695312,0.5793251477492353
encoder.layers.11.self_attn.v_proj,768,dtd,sun397,8,7,coupling,31,0.5892074108123779,0.5873475074768066,0.010416666666666666,0.012216401364033421,0.018198295806845028,0.5787907441457113,0.5769910094483445,0.5691492116699616,0.0024919509887695312,0.5744990584595749
encoder.layers.11.self_attn.v_proj,768,dtd,svhn,8,7,coupling,31,0.48287051916122437,0.4834666848182678,0.010416666666666666,0.010373702350383004,0.014761695871129632,0.4724538524945577,0.4724968168108414,0.4687049889471382,0.0024919509887695312,0.47000486582207185
encoder.layers.11.self_attn.v_proj,768,eurosat,gtsrb,8,7,coupling,31,0.6063824892044067,0.6019726395606995,0.010416666666666666,0.011723073509832224,0.016203719501694042,0.5959658225377401,0.5946594156945745,0.5857689200590054,0.0024919509887695312,0.592167464705805
encoder.layers.11.self_attn.v_proj,768,eurosat,mnist,8,7,coupling,31,0.5350063443183899,0.5278247594833374,0.010416666666666666,0.011489931804438433,0.014464496790120998,0.5245896776517233,0.5235164125139514,0.5133602626932164,0.0024919509887695312,0.5210244615251819
encoder.layers.11.self_attn.v_proj,768,eurosat,resisc45,8,7,coupling,31,0.5679442882537842,0.5708575248718262,0.010416666666666666,0.010462316296373805,0.017212610381344955,0.5575276215871176,0.5574819719574103,0.5536449144904813,0.0024919509887695312,0.5549900209686408
encoder.layers.11.self_attn.v_proj,768,eurosat,stanford-cars,8,7,coupling,31,0.5192328691482544,0.5210632085800171,0.010416666666666666,0.010310990425447622,0.014724412312110266,0.5088162024815878,0.5089218787228068,0.5063387962679068,0.0024919509887695312,0.5064299277340373
encoder.layers.11.self_attn.v_proj,768,eurosat,sun397,8,7,coupling,31,0.5649241805076599,0.5613657832145691,0.010416666666666666,0.01127650976801912,0.01646428454356889,0.5545075138409933,0.5536476707396408,0.5449014986710002,0.0024919509887695312,0.5511557197508713
encoder.layers.11.self_attn.v_proj,768,eurosat,svhn,8,7,coupling,31,0.5830007195472717,0.5807918310165405,0.010416666666666666,0.011289453133940697,0.014695601304993033,0.5725840528806051,0.571711266413331,0.5660962297115475,0.0024919509887695312,0.5692193154245615
encoder.layers.11.self_attn.v_proj,768,gtsrb,mnist,8,7,coupling,31,0.5319687724113464,0.5286811590194702,0.010416666666666666,0.010758281840632359,0.01266586206232508,0.5215521057446798,0.5212104905707141,0.5160152969571451,0.0024919509887695312,0.5187185395819446
encoder.layers.11.self_attn.v_proj,768,gtsrb,resisc45,8,7,coupling,31,0.4947480857372284,0.4858255684375763,0.010416666666666666,0.010663082279885808,0.014934749730552236,0.4843314190705617,0.48408500345734257,0.47089081870702404,0.0024919509887695312,0.48159305246857304
encoder.layers.11.self_attn.v_proj,768,gtsrb,stanford-cars,8,7,coupling,31,0.4977510869503021,0.49323570728302,0.010416666666666666,0.010937377888088426,0.013781294149036208,0.48733442028363544,0.4868137090622137,0.4794544131339838,0.0024919509887695312,0.4843217580734442
encoder.layers.11.self_attn.v_proj,768,gtsrb,sun397,8,7,coupling,31,0.5525684356689453,0.5505393743515015,0.010416666666666666,0.011237827517713109,0.014175942555690805,0.5421517690022787,0.5413306081512322,0.5363634317958107,0.0024919509887695312,0.5388386571624627
encoder.layers.11.self_attn.v_proj,768,gtsrb,svhn,8,7,coupling,31,0.5221381187438965,0.5239874124526978,0.010416666666666666,0.01082024242108067,0.013461639173328876,0.5117214520772299,0.5113178763228158,0.5105257732793689,0.0024919509887695312,0.5088259253340462
encoder.layers.11.self_attn.v_proj,768,mnist,resisc45,8,7,coupling,31,0.4977649450302124,0.49020451307296753,0.010416666666666666,0.011739311662192145,0.013449555883804956,0.4873482783635457,0.48602563336802024,0.47675495718916255,0.0024919509887695312,0.4835336823792507
encoder.layers.11.self_attn.v_proj,768,mnist,stanford-cars,8,7,coupling,31,0.5138442516326904,0.5135642886161804,0.010416666666666666,0.011211467053120336,0.01232833710188667,0.5034275849660238,0.5026327845795701,0.5012359515142938,0.0024919509887695312,0.5001408335908005
encoder.layers.11.self_attn.v_proj,768,mnist,sun397,8,7,coupling,31,0.5549608469009399,0.5532002449035645,0.010416666666666666,0.010863910351569453,0.012795866079007586,0.5445441802342733,0.5440969365493705,0.5404043788245568,0.0024919509887695312,0.541604985560601
encoder.layers.11.self_attn.v_proj,768,mnist,svhn,8,7,coupling,31,0.6318714022636414,0.6231297254562378,0.010416666666666666,0.010966784786432981,0.012323447270318866,0.6214547355969747,0.6209046174772084,0.6108062781859189,0.0024919509887695312,0.6184126664884388
encoder.layers.11.self_attn.v_proj,768,resisc45,stanford-cars,8,7,coupling,31,0.5443891286849976,0.5398993492126465,0.010416666666666666,0.011688732076436281,0.015963705567022164,0.5339724620183309,0.5327003966085613,0.5239356436456243,0.0024919509887695312,0.5302084456197917
encoder.layers.11.self_attn.v_proj,768,resisc45,sun397,8,7,coupling,31,0.6127486824989319,0.6122775077819824,0.010416666666666666,0.010865013231523335,0.0164084165977935,0.6023320158322653,0.6018836692674085,0.595869091184189,0.0024919509887695312,0.599391718278639
encoder.layers.11.self_attn.v_proj,768,resisc45,svhn,8,7,coupling,31,0.4684392213821411,0.45870935916900635,0.010416666666666666,0.010171508106092611,0.014466567353035012,0.45802255471547443,0.4582677132760485,0.4442427918159713,0.0024919509887695312,0.45577576228727895
encoder.layers.11.self_attn.v_proj,768,stanford-cars,sun397,8,7,coupling,31,0.5211461782455444,0.5178049802780151,0.010416666666666666,0.01054938999004662,0.013792868858824173,0.5107295115788778,0.5105967882554978,0.504012111419191,0.0024919509887695312,0.5081048372667283
encoder.layers.11.self_attn.v_proj,768,stanford-cars,svhn,8,7,coupling,31,0.4511635899543762,0.45491352677345276,0.010416666666666666,0.010396223049610853,0.012456300047536692,0.44074692328770954,0.44076736690476537,0.4424572267259161,0.0024919509887695312,0.43827541591599584
encoder.layers.11.self_attn.v_proj,768,sun397,svhn,8,7,coupling,31,0.5213953852653503,0.5241056680679321,0.010416666666666666,0.011371726868674159,0.014797048720841607,0.5109787185986837,0.5100236583966762,0.5093086193470905,0.0024919509887695312,0.5075317074079067
encoder.layers.2.self_attn.q_proj,768,dtd,eurosat,8,26,coupling,47,0.6016170978546143,0.6045110821723938,0.010416666666666666,0.012155324453487992,0.014383217319846153,0.5912004311879476,0.5894617734011263,0.5901278648525476,-0.0014462918043136597,0.5909080652054399
encoder.layers.2.self_attn.q_proj,768,dtd,gtsrb,8,26,coupling,47,0.6675723791122437,0.6724393367767334,0.010416666666666666,0.011140398370722929,0.013872923251862327,0.657155712445577,0.6564319807415208,0.6585664135248711,-0.0014462918043136597,0.6578782725458344
encoder.layers.2.self_attn.q_proj,768,dtd,mnist,8,26,coupling,47,0.5366610288619995,0.5429091453552246,0.010416666666666666,0.011457438192640742,0.014305905749400457,0.5262443621953329,0.5252035906693587,0.5286032396058241,-0.0014462918043136597,0.5266498824736724
encoder.layers.2.self_attn.q_proj,768,dtd,resisc45,8,26,coupling,47,0.718115508556366,0.7306338548660278,0.010416666666666666,0.010879417803759376,0.01366718338492016,0.7076988418896993,0.7072360907526066,0.7169666714811077,-0.0014462918043136597,0.7086823825569203
encoder.layers.2.self_attn.q_proj,768,dtd,stanford-cars,8,26,coupling,47,0.7519170641899109,0.7558650970458984,0.010416666666666666,0.010986722423695028,0.013846809742972255,0.7415003975232443,0.7409303417662159,0.7420182873029262,-0.0014462918043136597,0.7423766335705295
encoder.layers.2.self_attn.q_proj,768,dtd,sun397,8,26,coupling,47,0.7064095139503479,0.7087030410766602,0.010416666666666666,0.01004879044679304,0.013181193654115,0.6959928472836813,0.6963607235035548,0.6955218474225452,-0.0014462918043136597,0.6978070153078685
encoder.layers.2.self_attn.q_proj,768,dtd,svhn,8,26,coupling,47,0.6134894490242004,0.6162109971046448,0.010416666666666666,0.01106886938214302,0.013525652388731638,0.6030727823575338,0.6024205796420574,0.6026853447159132,-0.0014462918043136597,0.6038668714463711
encoder.layers.2.self_attn.q_proj,768,eurosat,gtsrb,8,26,coupling,47,0.6937793493270874,0.6904433965682983,0.010416666666666666,0.0119224872905761,0.013603566524883112,0.6833626826604208,0.6818568620365113,0.6768398300434152,-0.0014462918043136597,0.683303153840825
encoder.layers.2.self_attn.q_proj,768,eurosat,mnist,8,26,coupling,47,0.6461828947067261,0.6422634124755859,0.010416666666666666,0.011109884828329086,0.012485742724190155,0.6357662280400594,0.635073009878397,0.6297776697513958,-0.0014462918043136597,0.6365193016827106
encoder.layers.2.self_attn.q_proj,768,eurosat,resisc45,8,26,coupling,47,0.6798977255821228,0.6791147589683533,0.010416666666666666,0.010717749129980803,0.01231126308751603,0.6694810589154562,0.669179976452142,0.6668034958808372,-0.0014462918043136597,0.6706262682564557
encoder.layers.2.self_attn.q_proj,768,eurosat,stanford-cars,8,26,coupling,47,0.6388219594955444,0.6361032128334045,0.010416666666666666,0.010809544085835418,0.012755604150394598,0.6284052928288778,0.628012415409709,0.62334760868301,-0.0014462918043136597,0.6294587072140226
encoder.layers.2.self_attn.q_proj,768,eurosat,sun397,8,26,coupling,47,0.6361117959022522,0.6392278671264648,0.010416666666666666,0.011331911819676558,0.013194119712958733,0.6256951292355856,0.6247798840825757,0.6260337474135061,-0.0014462918043136597,0.6262261758868893
encoder.layers.2.self_attn.q_proj,768,eurosat,svhn,8,26,coupling,47,0.6595414876937866,0.6565195322036743,0.010416666666666666,0.011905250294754902,0.013621466079105934,0.64912482102712,0.6476362373990318,0.6428980661245683,-0.0014462918043136597,0.6490825292033454
encoder.layers.2.self_attn.q_proj,768,gtsrb,mnist,8,26,coupling,47,0.7461416721343994,0.744972825050354,0.010416666666666666,0.010356868035160005,0.012580291212846836,0.7357250054677328,0.7357848040992394,0.7323925338375071,-0.0014462918043136597,0.7372310959035531
encoder.layers.2.self_attn.q_proj,768,gtsrb,resisc45,8,26,coupling,47,0.7261967062950134,0.7292279601097107,0.010416666666666666,0.012129747619231543,0.014834240389366945,0.7157800396283468,0.7140669586757818,0.7143937197203437,-0.0014462918043136597,0.7155132504800955
encoder.layers.2.self_attn.q_proj,768,gtsrb,stanford-cars,8,26,coupling,47,0.7257182598114014,0.731116771697998,0.010416666666666666,0.010711835968929032,0.013118807614470521,0.7153015931447347,0.7150064238424724,0.7179979640835276,-0.0014462918043136597,0.716452715646786
encoder.layers.2.self_attn.q_proj,768,gtsrb,sun397,8,26,coupling,47,0.736296534538269,0.7344722747802734,0.010416666666666666,0.011411835361892978,0.013109918450936675,0.7258798678716024,0.7248846991763761,0.7213623563293368,-0.0014462918043136597,0.7263309909806898
encoder.layers.2.self_attn.q_proj,768,gtsrb,svhn,8,26,coupling,47,0.7729089260101318,0.7664132118225098,0.010416666666666666,0.011331518413498998,0.013100744768356284,0.7624922593434652,0.7615774075966328,0.7533124670541534,-0.0014462918043136597,0.7630236994009465
encoder.layers.2.self_attn.q_proj,768,mnist,resisc45,8,26,coupling,47,0.68000328540802,0.6826818585395813,0.010416666666666666,0.012231930935134491,0.014539430616423488,0.6695866187413534,0.6677713544728855,0.6681424279231578,-0.0014462918043136597,0.6692176462771992
encoder.layers.2.self_attn.q_proj,768,mnist,stanford-cars,8,26,coupling,47,0.6678445339202881,0.6696219444274902,0.010416666666666666,0.01044694947389265,0.013514884825175008,0.6574278672536215,0.6573975844463954,0.6561070596023152,-0.0014462918043136597,0.6588438762507091
encoder.layers.2.self_attn.q_proj,768,mnist,sun397,8,26,coupling,47,0.6188976764678955,0.6248189210891724,0.010416666666666666,0.012006959761492908,0.01420744159258902,0.6084810098012289,0.6068907167064026,0.6106114794965833,-0.0014462918043136597,0.6083370085107163
encoder.layers.2.self_attn.q_proj,768,mnist,svhn,8,26,coupling,47,0.7430768013000488,0.7415159940719604,0.010416666666666666,0.010928746235246459,0.012934762674073378,0.7326601346333822,0.7321480550648024,0.7285812313978871,-0.0014462918043136597,0.7335943468691161
encoder.layers.2.self_attn.q_proj,768,resisc45,stanford-cars,8,26,coupling,47,0.793907880783081,0.8050732612609863,0.010416666666666666,0.01052055302231262,0.013509937950099507,0.7834912141164144,0.7833873277607685,0.7915633233108869,-0.0014462918043136597,0.7848336195650821
encoder.layers.2.self_attn.q_proj,768,resisc45,sun397,8,26,coupling,47,0.7472869753837585,0.757540225982666,0.010416666666666666,0.011262589522326985,0.01355126352670292,0.7368703087170919,0.7360243858614316,0.7439889624559631,-0.0014462918043136597,0.7374706776657453
encoder.layers.2.self_attn.q_proj,768,resisc45,svhn,8,26,coupling,47,0.6496005654335022,0.655331015586853,0.010416666666666666,0.011197880608960986,0.014056180138140917,0.6391838987668356,0.6384026848245412,0.6412748354487121,-0.0014462918043136597,0.6398489766288549
encoder.layers.2.self_attn.q_proj,768,stanford-cars,sun397,8,26,coupling,47,0.7478034496307373,0.7478843927383423,0.010416666666666666,0.010617113711001972,0.01377580570988357,0.7373867829640707,0.7371863359197354,0.7341085870284587,-0.0014462918043136597,0.738632627724049
encoder.layers.2.self_attn.q_proj,768,stanford-cars,svhn,8,26,coupling,47,0.6618764996528625,0.6631534099578857,0.010416666666666666,0.010538965812884271,0.013009608878443638,0.6514598329861959,0.6513375338399783,0.6501438010794421,-0.0014462918043136597,0.6527838256442919
encoder.layers.2.self_attn.q_proj,768,sun397,svhn,8,26,coupling,47,0.6954516172409058,0.6982330083847046,0.010416666666666666,0.01105547285017868,0.012191453638176123,0.6850349505742391,0.684396144390727,0.6860415547465285,-0.0014462918043136597,0.6858424361950407
encoder.layers.2.self_attn.v_proj,768,dtd,eurosat,8,26,coupling,47,0.6325562000274658,0.6309956312179565,0.010416666666666666,0.012276151916012168,0.01369771376873056,0.6221395333607992,0.6202800481114537,0.617297917449226,-0.00754130631685257,0.6278213544283062
encoder.layers.2.self_attn.v_proj,768,dtd,gtsrb,8,26,coupling,47,0.7018530368804932,0.7064324617385864,0.010416666666666666,0.012002164497971535,0.013453759951516986,0.6914363702138265,0.6898508723825216,0.6929787017870694,-0.00754130631685257,0.6973921786993742
encoder.layers.2.self_attn.v_proj,768,dtd,mnist,8,26,coupling,47,0.6598429679870605,0.6599453091621399,0.010416666666666666,0.011686326004564762,0.014012651362766823,0.6494263013203939,0.6481566419824958,0.645932657799373,-0.00754130631685257,0.6556979482993484
encoder.layers.2.self_attn.v_proj,768,dtd,resisc45,8,26,coupling,47,0.7231095433235168,0.7189886569976807,0.010416666666666666,0.01197033014614135,0.015149646671488881,0.7126928766568502,0.7111392131773755,0.7038390103261918,-0.00754130631685257,0.7186805194942281
encoder.layers.2.self_attn.v_proj,768,dtd,stanford-cars,8,26,coupling,47,0.7144843935966492,0.7099130153656006,0.010416666666666666,0.011069534501681725,0.0139928775994728,0.7040677269299825,0.7034148590949675,0.6959201377661278,-0.00754130631685257,0.71095616541182
encoder.layers.2.self_attn.v_proj,768,dtd,sun397,8,26,coupling,47,0.7690660953521729,0.7669419050216675,0.010416666666666666,0.012042951226855317,0.014430613722652197,0.7586494286855062,0.7570231441253176,0.7525112912990153,-0.00754130631685257,0.7645644504421701
encoder.layers.2.self_attn.v_proj,768,dtd,svhn,8,26,coupling,47,0.6304615139961243,0.6333280801773071,0.010416666666666666,0.012648745517556867,0.014388653449714184,0.6200448473294576,0.6178127684785674,0.618939426727593,-0.00754130631685257,0.6253540747954199
encoder.layers.2.self_attn.v_proj,768,eurosat,gtsrb,8,26,coupling,47,0.7068676352500916,0.7119811177253723,0.010416666666666666,0.012487834319472313,0.014055080789451798,0.6964509685834249,0.6943798009306192,0.6979260369359205,-0.00754130631685257,0.7019211072474718
encoder.layers.2.self_attn.v_proj,768,eurosat,mnist,8,26,coupling,47,0.6784747242927551,0.678164541721344,0.010416666666666666,0.010380929762807986,0.01266218644256393,0.6680580576260885,0.6680937945299471,0.6655023552787801,-0.00754130631685257,0.6756351008467997
encoder.layers.2.self_attn.v_proj,768,eurosat,resisc45,8,26,coupling,47,0.6643655300140381,0.6652207374572754,0.010416666666666666,0.012045555321189264,0.014140562697624167,0.6539488633473715,0.6523199746928489,0.6510801747596512,-0.00754130631685257,0.6598612810097014
encoder.layers.2.self_attn.v_proj,768,eurosat,stanford-cars,8,26,coupling,47,0.7027502655982971,0.7050177454948425,0.010416666666666666,0.012287102329234282,0.014942388283088803,0.6923335989316305,0.6904631632690629,0.6900753572117537,-0.00754130631685257,0.6980044695859154
encoder.layers.2.self_attn.v_proj,768,eurosat,sun397,8,26,coupling,47,0.7861484885215759,0.7885692119598389,0.010416666666666666,0.011656410216043392,0.013746487287183603,0.7757318218549093,0.7744920783055326,0.7748227246726552,-0.00754130631685257,0.7820333846223851
encoder.layers.2.self_attn.v_proj,768,eurosat,svhn,8,26,coupling,47,0.724364697933197,0.7275495529174805,0.010416666666666666,0.011401143468295535,0.01239212059105436,0.7139480312665304,0.7129635544649015,0.7151574323264261,-0.00754130631685257,0.720504860781754
encoder.layers.2.self_attn.v_proj,768,gtsrb,mnist,8,26,coupling,47,0.7350856065750122,0.7298863530158997,0.010416666666666666,0.011119518040989837,0.012584490235894918,0.7246689399083456,0.7239660885340223,0.7173018627800047,-0.00754130631685257,0.7315073948508749
encoder.layers.2.self_attn.v_proj,768,gtsrb,resisc45,8,26,coupling,47,0.6212636828422546,0.6233301162719727,0.010416666666666666,0.01264983012030522,0.014914443250745535,0.610847016175588,0.6086138527219495,0.6084156730212271,-0.00754130631685257,0.616155159038802
encoder.layers.2.self_attn.v_proj,768,gtsrb,stanford-cars,8,26,coupling,47,0.66733717918396,0.6638320684432983,0.010416666666666666,0.011921560391783714,0.01378947744766871,0.6569205125172933,0.6554156187921762,0.6500425909956297,-0.00754130631685257,0.6629569251090288
encoder.layers.2.self_attn.v_proj,768,gtsrb,sun397,8,26,coupling,47,0.7326752543449402,0.7372575998306274,0.010416666666666666,0.011593898758292198,0.013406681129708886,0.7222585876782736,0.721081355586648,0.7238509187009186,-0.00754130631685257,0.7286226619035006
encoder.layers.2.self_attn.v_proj,768,gtsrb,svhn,8,26,coupling,47,0.7298113107681274,0.7302478551864624,0.010416666666666666,0.011388580780476332,0.012792568343381086,0.7193946441014608,0.7184227299876511,0.7174552868430814,-0.00754130631685257,0.7259640363045037
encoder.layers.2.self_attn.v_proj,768,mnist,resisc45,8,26,coupling,47,0.6005397439002991,0.6000345349311829,0.010416666666666666,0.009676194245306155,0.011631662336488565,0.5901230772336324,0.5908635496549929,0.5884028725946943,-0.00754130631685257,0.5984048559718455
encoder.layers.2.self_attn.v_proj,768,mnist,stanford-cars,8,26,coupling,47,0.6305513978004456,0.6267533302307129,0.010416666666666666,0.011242931669888398,0.01392504332276682,0.6201347311337789,0.6193084661305571,0.6128282869079461,-0.00754130631685257,0.6268497724474097
encoder.layers.2.self_attn.v_proj,768,mnist,sun397,8,26,coupling,47,0.6617158055305481,0.6654224395751953,0.010416666666666666,0.010724748872841397,0.013467458464826146,0.6512991388638815,0.6509910566577067,0.6519549811103692,-0.00754130631685257,0.6585323629745593
encoder.layers.2.self_attn.v_proj,768,mnist,svhn,8,26,coupling,47,0.6527239680290222,0.6512030959129333,0.010416666666666666,0.01091605246377488,0.012849241262301803,0.6423073013623556,0.6418079155652473,0.6383538546506315,-0.00754130631685257,0.6493492218820999
encoder.layers.2.self_attn.v_proj,768,resisc45,stanford-cars,8,26,coupling,47,0.7454972267150879,0.7471040487289429,0.010416666666666666,0.010933286704433462,0.01288718132612606,0.7350805600484213,0.7345639400106544,0.7342168674028168,-0.00754130631685257,0.742105246327507
encoder.layers.2.self_attn.v_proj,768,resisc45,sun397,8,26,coupling,47,0.7902560830116272,0.7910017967224121,0.010416666666666666,0.011360944714397192,0.013808097457513213,0.7798394163449606,0.77889513829723,0.7771936992648989,-0.00754130631685257,0.7864364446140826
encoder.layers.2.self_attn.v_proj,768,resisc45,svhn,8,26,coupling,47,0.6738169193267822,0.6734591722488403,0.010416666666666666,0.011511715439458689,0.01336711598560214,0.6634002526601156,0.6623052038873235,0.6600920562632382,-0.00754130631685257,0.6698465102041761
encoder.layers.2.self_attn.v_proj,768,stanford-cars,sun397,8,26,coupling,47,0.8406264781951904,0.8487895727157593,0.010416666666666666,0.01156052341684699,0.013336193670208255,0.8302098115285238,0.8290659547783434,0.8354533790455511,-0.00754130631685257,0.836607261095196
encoder.layers.2.self_attn.v_proj,768,stanford-cars,svhn,8,26,coupling,47,0.5860062837600708,0.6026875972747803,0.010416666666666666,0.01136937791792055,0.012638774467632174,0.5755896170934042,0.5746369058421502,0.5900488228071481,-0.00754130631685257,0.5821782121590028
encoder.layers.2.self_attn.v_proj,768,sun397,svhn,8,26,coupling,47,0.705070972442627,0.7080796360969543,0.010416666666666666,0.01174667136122783,0.013473299099132419,0.6946543057759603,0.6933243010813991,0.6946063369978219,-0.00754130631685257,0.7008656073982517
encoder.layers.3.self_attn.q_proj,768,dtd,eurosat,8,41,coupling,48,0.6934083104133606,0.6854790449142456,0.010416666666666666,0.01065140093366305,0.012362795105824867,0.682991643746694,0.6827569094796976,0.6731162498084208,0.004897713661193848,0.6778591958185037
encoder.layers.3.self_attn.q_proj,768,dtd,gtsrb,8,41,coupling,48,0.6883688569068909,0.6887013912200928,0.010416666666666666,0.01171128925246497,0.013883367491265139,0.6779521902402242,0.6766575676544259,0.6748180237288276,0.004897713661193848,0.671759853993232
encoder.layers.3.self_attn.q_proj,768,dtd,mnist,8,41,coupling,48,0.7373265027999878,0.7335675358772278,0.010416666666666666,0.011096147044251362,0.012713852416103085,0.7269098361333212,0.7262303557557365,0.7208536834611247,0.004897713661193848,0.7213326420945426
encoder.layers.3.self_attn.q_proj,768,dtd,resisc45,8,41,coupling,48,0.7062556743621826,0.7026469111442566,0.010416666666666666,0.010702485994746288,0.011871051819374165,0.695839007695516,0.6955531883674363,0.6907758593248824,0.004897713661193848,0.6906554747062424
encoder.layers.3.self_attn.q_proj,768,dtd,stanford-cars,8,41,coupling,48,0.7319633364677429,0.7257649302482605,0.010416666666666666,0.011361694157434007,0.013139700594668588,0.7215466698010763,0.7206016423103089,0.7126252296535919,0.004897713661193848,0.715703928649115
encoder.layers.3.self_attn.q_proj,768,dtd,sun397,8,41,coupling,48,0.7603446245193481,0.7633613348007202,0.010416666666666666,0.010071860044263303,0.011501037826140722,0.7499279578526815,0.7502727644750848,0.7518602969745795,0.004897713661193848,0.745375050813891
encoder.layers.3.self_attn.q_proj,768,dtd,svhn,8,41,coupling,48,0.5895848870277405,0.594678521156311,0.010416666666666666,0.010940407053567469,0.0134619966459771,0.5791682203610738,0.578644479974173,0.5812165245103339,0.004897713661193848,0.5737467663129792
encoder.layers.3.self_attn.q_proj,768,eurosat,gtsrb,8,41,coupling,48,0.722789466381073,0.7187522649765015,0.010416666666666666,0.011665966439371308,0.014031043353800973,0.7123727997144064,0.7111234999417017,0.7047212216227005,0.004897713661193848,0.7062257862805078
encoder.layers.3.self_attn.q_proj,768,eurosat,mnist,8,41,coupling,48,0.6598494648933411,0.6537075042724609,0.010416666666666666,0.010920130958159765,0.012404608152185878,0.6494327982266744,0.6489293339351813,0.641302896120275,0.004897713661193848,0.6440316202739874
encoder.layers.3.self_attn.q_proj,768,eurosat,resisc45,8,41,coupling,48,0.7055612802505493,0.7029752135276794,0.010416666666666666,0.012456484449406465,0.013876310860117277,0.6951446135838827,0.6931047958011428,0.6890989026675621,0.004897713661193848,0.688207082139949
encoder.layers.3.self_attn.q_proj,768,eurosat,stanford-cars,8,41,coupling,48,0.6850889921188354,0.6796247959136963,0.010416666666666666,0.010491920945545038,0.011603290137524406,0.6746723254521688,0.6745970711732904,0.6680215057761719,0.004897713661193848,0.6696993575120965
encoder.layers.3.self_attn.q_proj,768,eurosat,sun397,8,41,coupling,48,0.7014689445495605,0.696711540222168,0.010416666666666666,0.010606574593111873,0.01166548696346581,0.6910522778828939,0.6908623699564487,0.6850460532587022,0.004897713661193848,0.6859646562952548
encoder.layers.3.self_attn.q_proj,768,eurosat,svhn,8,41,coupling,48,0.7009773254394531,0.6965672969818115,0.010416666666666666,0.0110653859252731,0.012401716240371266,0.6905606587727865,0.6899119395141801,0.6841655807414403,0.004897713661193848,0.6850142258529862
encoder.layers.3.self_attn.q_proj,768,gtsrb,mnist,8,41,coupling,48,0.7543271780014038,0.7487152814865112,0.010416666666666666,0.011437091433132688,0.012774111159766713,0.7439105113347372,0.7428900865682712,0.7359411703267446,0.004897713661193848,0.7379923729070773
encoder.layers.3.self_attn.q_proj,768,gtsrb,resisc45,8,41,coupling,48,0.6589213609695435,0.6667330861091614,0.010416666666666666,0.011053486416737238,0.012520882223422328,0.6485046943028768,0.6478678745528063,0.6542122038857391,0.004897713661193848,0.6429701608916124
encoder.layers.3.self_attn.q_proj,768,gtsrb,stanford-cars,8,41,coupling,48,0.6541162133216858,0.6564423441886902,0.010416666666666666,0.01173126728584369,0.013355038904895386,0.6436995466550192,0.6423849460358421,0.6430873052837948,0.004897713661193848,0.6374872323746482
encoder.layers.3.self_attn.q_proj,768,gtsrb,sun397,8,41,coupling,48,0.6575318574905396,0.6627568006515503,0.010416666666666666,0.010702352660397688,0.012192837428301573,0.6471151908238729,0.6468295048301419,0.6505639632232487,0.004897713661193848,0.641931791168948
encoder.layers.3.self_attn.q_proj,768,gtsrb,svhn,8,41,coupling,48,0.5944983959197998,0.5961814522743225,0.010416666666666666,0.010376841683561603,0.011740442365407944,0.5840817292531332,0.5841215542362382,0.5844410099089146,0.004897713661193848,0.5792238405750444
encoder.layers.3.self_attn.q_proj,768,mnist,resisc45,8,41,coupling,48,0.6522092819213867,0.6509248614311218,0.010416666666666666,0.011021426335598031,0.01259473959604899,0.6417926152547201,0.6411878555857887,0.6383301218350729,0.004897713661193848,0.6362901419245949
encoder.layers.3.self_attn.q_proj,768,mnist,stanford-cars,8,41,coupling,48,0.691371500492096,0.6916409134864807,0.010416666666666666,0.01176804956048727,0.013061212530980507,0.6809548338254293,0.6796034509316087,0.6785797009555002,0.004897713661193848,0.6747057372704148
encoder.layers.3.self_attn.q_proj,768,mnist,sun397,8,41,coupling,48,0.7029657363891602,0.7035203576087952,0.010416666666666666,0.010814741952344775,0.012377894716337323,0.6925490697224935,0.6921509944368154,0.6911424628924578,0.004897713661193848,0.6872532807756215
encoder.layers.3.self_attn.q_proj,768,mnist,svhn,8,41,coupling,48,0.6247032880783081,0.6269630193710327,0.010416666666666666,0.011331600602716208,0.013007867770890394,0.6142866214116415,0.6133716874755919,0.6139551516001424,0.004897713661193848,0.608473973814398
encoder.layers.3.self_attn.q_proj,768,resisc45,stanford-cars,8,41,coupling,48,0.7380099892616272,0.7351299524307251,0.010416666666666666,0.010878328854839006,0.012621806546424827,0.7275933225949606,0.7271316604067882,0.7225081458843002,0.004897713661193848,0.7222339467455944
encoder.layers.3.self_attn.q_proj,768,resisc45,sun397,8,41,coupling,48,0.8000001907348633,0.8023792505264282,0.010416666666666666,0.010848743297780553,0.012129793021207055,0.7895835240681967,0.7891514474370828,0.7902494575052211,0.004897713661193848,0.7842537337758889
encoder.layers.3.self_attn.q_proj,768,resisc45,svhn,8,41,coupling,48,0.6678326725959778,0.6691054105758667,0.010416666666666666,0.011049350684819123,0.012851998287563523,0.6574160059293112,0.6567833219111586,0.6562534122883031,0.004897713661193848,0.6518856082499648
encoder.layers.3.self_attn.q_proj,768,stanford-cars,sun397,8,41,coupling,48,0.7973801493644714,0.7977950572967529,0.010416666666666666,0.010596398652220765,0.01170234001862506,0.7869634826978048,0.7867837507122507,0.7860927172781279,0.004897713661193848,0.7818860370510569
encoder.layers.3.self_attn.q_proj,768,stanford-cars,svhn,8,41,coupling,48,0.6108280420303345,0.6097217202186584,0.010416666666666666,0.010573743027634919,0.012677763976777593,0.6004113753636678,0.6002542990026996,0.5970439562418809,0.004897713661193848,0.5953565853415057
encoder.layers.3.self_attn.q_proj,768,sun397,svhn,8,41,coupling,48,0.6651655435562134,0.6735342741012573,0.010416666666666666,0.011859434734409055,0.013442183146253228,0.6547488768895467,0.6533061088218043,0.6600920909550041,0.004897713661193848,0.6484083951606104
encoder.layers.3.self_attn.v_proj,768,dtd,eurosat,8,41,coupling,48,0.5661930441856384,0.5673692226409912,0.010416666666666666,0.012242756007860104,0.013545630732551217,0.5557763775189718,0.5539502881777784,0.55382359190844,0.0025952011346817017,0.5513550870430967
encoder.layers.3.self_attn.v_proj,768,dtd,gtsrb,8,41,coupling,48,0.5612303018569946,0.5657196640968323,0.010416666666666666,0.012361503283803662,0.012675248552113771,0.550813635190328,0.5488687985731909,0.5530444155447185,0.0025952011346817017,0.5462735974385092
encoder.layers.3.self_attn.v_proj,768,dtd,mnist,8,41,coupling,48,0.6003894209861755,0.6024690270423889,0.010416666666666666,0.010360814010103544,0.012281111208721995,0.5899727543195089,0.590028606976072,0.5901879158336669,0.0025952011346817017,0.5874334058413903
encoder.layers.3.self_attn.v_proj,768,dtd,resisc45,8,41,coupling,48,0.7993185520172119,0.7963383197784424,0.010416666666666666,0.011088302436595162,0.013487909610072771,0.7889018853505453,0.7882302495806167,0.7828504101683696,0.0025952011346817017,0.785635048445935
encoder.layers.3.self_attn.v_proj,768,dtd,stanford-cars,8,41,coupling,48,0.6817747354507446,0.6782154440879822,0.010416666666666666,0.011560597767432531,0.013609921870132288,0.671358068784078,0.6702141376833121,0.6646055222178499,0.0025952011346817017,0.6676189365486304
encoder.layers.3.self_attn.v_proj,768,dtd,sun397,8,41,coupling,48,0.7458171844482422,0.7473559379577637,0.010416666666666666,0.011217810756837329,0.013930932075406114,0.7354005177815756,0.7345993736914048,0.7334250058823576,0.0025952011346817017,0.7320041725567231
encoder.layers.3.self_attn.v_proj,768,dtd,svhn,8,41,coupling,48,0.5165868401527405,0.5157873034477234,0.010416666666666666,0.011666900400693217,0.011913039178277055,0.5061701734860738,0.5049199397520473,0.5038742642694464,0.0025952011346817017,0.5023247386173656
encoder.layers.3.self_attn.v_proj,768,eurosat,gtsrb,8,41,coupling,48,0.5815854668617249,0.584351122379303,0.010416666666666666,0.012719173061971864,0.013312397214273611,0.5711688001950582,0.568866293799753,0.5710387251650294,0.0025952011346817017,0.5662710926650713
encoder.layers.3.self_attn.v_proj,768,eurosat,mnist,8,41,coupling,48,0.5600823760032654,0.5634216070175171,0.010416666666666666,0.011190340000515183,0.01267950345451633,0.5496657093365988,0.5488920360027502,0.5507421035630008,0.0025952011346817017,0.5462968348680685
encoder.layers.3.self_attn.v_proj,768,eurosat,resisc45,8,41,coupling,48,0.6556265354156494,0.6500711441040039,0.010416666666666666,0.01127243305866917,0.011980958670998612,0.6452098687489828,0.6443541023569802,0.6380901854330053,0.0025952011346817017,0.6417589012222985
encoder.layers.3.self_attn.v_proj,768,eurosat,stanford-cars,8,41,coupling,48,0.5731368660926819,0.5715163350105286,0.010416666666666666,0.01046485488768667,0.012207931916539868,0.5627201994260153,0.5626720112049952,0.5593084030939887,0.0025952011346817017,0.5600768100703135
encoder.layers.3.self_attn.v_proj,768,eurosat,sun397,8,41,coupling,48,0.5521275997161865,0.5512206554412842,0.010416666666666666,0.01158386713359505,0.012776222545653582,0.5417109330495199,0.5405437325825915,0.5384444328956306,0.0025952011346817017,0.5379485314479098
encoder.layers.3.self_attn.v_proj,768,eurosat,svhn,8,41,coupling,48,0.494445264339447,0.49129655957221985,0.010416666666666666,0.01081662489256511,0.011316996222982803,0.48402859767278034,0.4836286394468819,0.479979563349237,0.0025952011346817017,0.4810334383122002
encoder.layers.3.self_attn.v_proj,768,gtsrb,mnist,8,41,coupling,48,0.6747962832450867,0.6746360063552856,0.010416666666666666,0.011069162477118274,0.012105794662299255,0.66437961657842,0.6637271207679684,0.6625302116929864,0.0025952011346817017,0.6611319196332867
encoder.layers.3.self_attn.v_proj,768,gtsrb,resisc45,8,41,coupling,48,0.5828273296356201,0.5840292572975159,0.010416666666666666,0.011038563136632243,0.011663426528684795,0.5724106629689535,0.5717887664989879,0.5723658307688311,0.0025952011346817017,0.5691935653643062
encoder.layers.3.self_attn.v_proj,768,gtsrb,stanford-cars,8,41,coupling,48,0.6679407954216003,0.6724417209625244,0.010416666666666666,0.011496677218625942,0.012468121324976286,0.6575241287549337,0.6564441182029744,0.6599735996375481,0.0025952011346817017,0.6538489170682927
encoder.layers.3.self_attn.v_proj,768,gtsrb,sun397,8,41,coupling,48,0.5717788934707642,0.5787280201911926,0.010416666666666666,0.011244249530136585,0.012520510780935487,0.5613622268040975,0.5605346439406276,0.5662075094102571,0.0025952011346817017,0.5579394428059459
encoder.layers.3.self_attn.v_proj,768,gtsrb,svhn,8,41,coupling,48,0.6539082527160645,0.650024950504303,0.010416666666666666,0.012999301310628653,0.012411550929148992,0.6434915860493978,0.6409089514054358,0.637613399575154,0.0025952011346817017,0.6383137502707541
encoder.layers.3.self_attn.v_proj,768,mnist,resisc45,8,41,coupling,48,0.6448293328285217,0.6514672636985779,0.010416666666666666,0.010011744763081273,0.011782934113095203,0.6344126661618551,0.6348175880654404,0.6396843295854827,0.0025952011346817017,0.6322223869307587
encoder.layers.3.self_attn.v_proj,768,mnist,stanford-cars,8,41,coupling,48,0.6513785123825073,0.6491817235946655,0.010416666666666666,0.01170319264444212,0.013270507100969553,0.6409618457158407,0.6396753197380652,0.635911216493696,0.0025952011346817017,0.6370801186033835
encoder.layers.3.self_attn.v_proj,768,mnist,sun397,8,41,coupling,48,0.6913907527923584,0.6908686757087708,0.010416666666666666,0.010668054843942324,0.012443099287338555,0.6809740861256918,0.6807226979484161,0.6784255764214322,0.0025952011346817017,0.6781274968137344
encoder.layers.3.self_attn.v_proj,768,mnist,svhn,8,41,coupling,48,0.6150225400924683,0.6149613261222839,0.010416666666666666,0.01109384985951086,0.012433915554235378,0.6046058734258016,0.6039286902329574,0.6025274105680486,0.0025952011346817017,0.6013334890982757
encoder.layers.3.self_attn.v_proj,768,resisc45,stanford-cars,8,41,coupling,48,0.7586982250213623,0.7522823810577393,0.010416666666666666,0.011574331826219956,0.013252401103576025,0.7482815583546957,0.7471238931951424,0.7390299799541632,0.0025952011346817017,0.7445286920604607
encoder.layers.3.self_attn.v_proj,768,resisc45,sun397,8,41,coupling,48,0.7197716236114502,0.7216562628746033,0.010416666666666666,0.010333558699736992,0.012183577210331956,0.7093549569447836,0.7094380649117132,0.7094726856642714,0.0025952011346817017,0.7068428637770315
encoder.layers.3.self_attn.v_proj,768,resisc45,svhn,8,41,coupling,48,0.547730565071106,0.5453225374221802,0.010416666666666666,0.010758194684361419,0.01188449515029788,0.5373138984044393,0.5369723703867445,0.5334380422718823,0.0025952011346817017,0.5343771692520628
encoder.layers.3.self_attn.v_proj,768,stanford-cars,sun397,8,41,coupling,48,0.7784206867218018,0.7804995179176331,0.010416666666666666,0.010001479104782144,0.012042500466729203,0.7680040200551351,0.7684192076170197,0.7684570174509039,0.0025952011346817017,0.765824006482338
encoder.layers.3.self_attn.v_proj,768,stanford-cars,svhn,8,41,coupling,48,0.6304309964179993,0.6299088597297668,0.010416666666666666,0.012008687326063713,0.012562225727985302,0.6200143297513326,0.6184223090919355,0.6173466340017816,0.0025952011346817017,0.6158271079572538
encoder.layers.3.self_attn.v_proj,768,sun397,svhn,8,41,coupling,48,0.5963224768638611,0.5963175892829895,0.010416666666666666,0.011353450633275012,0.011605868736902872,0.5859058101971945,0.5849690262305861,0.5847117205460867,0.0025952011346817017,0.5823738250959044
encoder.layers.4.self_attn.q_proj,768,dtd,eurosat,8,46,coupling,49,0.6531301140785217,0.645269513130188,0.010416666666666666,0.010221322299912572,0.011002939039220413,0.6427134474118551,0.6429087917786092,0.6342665740909675,0.0054964348673820496,0.6374123569112271
encoder.layers.4.self_attn.q_proj,768,dtd,gtsrb,8,46,coupling,49,0.5607178807258606,0.5514765381813049,0.010416666666666666,0.011819387630869945,0.013883684917042652,0.550301214059194,0.5488984930949906,0.5375928532642623,0.0054964348673820496,0.5434020582276086
encoder.layers.4.self_attn.q_proj,768,dtd,mnist,8,46,coupling,49,0.6463794708251953,0.6378445625305176,0.010416666666666666,0.010943007500221332,0.012675351773699125,0.6359628041585287,0.6354364633249739,0.6251692107568184,0.0054964348673820496,0.6299400284575919
encoder.layers.4.self_attn.q_proj,768,dtd,resisc45,8,46,coupling,49,0.6931138038635254,0.6884310245513916,0.010416666666666666,0.010728273307904601,0.012652654433622956,0.6826971371968588,0.6823855305556208,0.6757783701177686,0.0054964348673820496,0.6768890956882387
encoder.layers.4.self_attn.q_proj,768,dtd,stanford-cars,8,46,coupling,49,0.7080166935920715,0.7143768072128296,0.010416666666666666,0.011335693687821427,0.013039905112236738,0.6976000269254049,0.6966809999042501,0.7013369021005929,0.0054964348673820496,0.6911845650368681
encoder.layers.4.self_attn.q_proj,768,dtd,sun397,8,46,coupling,49,0.7590850591659546,0.769611120223999,0.010416666666666666,0.010402970404053727,0.011677163265024623,0.748668392499288,0.7486820887619009,0.7579339569589744,0.0054964348673820496,0.7431856538945188
encoder.layers.4.self_attn.q_proj,768,dtd,svhn,8,46,coupling,49,0.6177474856376648,0.6047723293304443,0.010416666666666666,0.012009693232054511,0.013261869627361497,0.6073308189709982,0.6057377924056103,0.5915104597030828,0.0054964348673820496,0.6002413575382283
encoder.layers.4.self_attn.q_proj,768,eurosat,gtsrb,8,46,coupling,49,0.7005628347396851,0.6885571479797363,0.010416666666666666,0.010932888292397061,0.011578432051464915,0.6901461680730184,0.689629946447288,0.6769787159282714,0.0054964348673820496,0.684133511579906
encoder.layers.4.self_attn.q_proj,768,eurosat,mnist,8,46,coupling,49,0.6550468802452087,0.654283881187439,0.010416666666666666,0.011609644551451007,0.01287701795808971,0.6446302135785421,0.6434372356937578,0.6414068632293493,0.0054964348673820496,0.6379408008263757
encoder.layers.4.self_attn.q_proj,768,eurosat,resisc45,8,46,coupling,49,0.6828286647796631,0.6836187839508057,0.010416666666666666,0.011661713166783253,0.013158230033392707,0.6724119981129965,0.6711669516128799,0.670460553917413,0.0054964348673820496,0.6656705167454978
encoder.layers.4.self_attn.q_proj,768,eurosat,stanford-cars,8,46,coupling,49,0.5925043225288391,0.5877543687820435,0.010416666666666666,0.010713915340602398,0.012264909960019091,0.5820876558621725,0.5817904071882367,0.5754894588220244,0.0054964348673820496,0.5762939723208547
encoder.layers.4.self_attn.q_proj,768,eurosat,sun397,8,46,coupling,49,0.6801044940948486,0.6782222986221313,0.010416666666666666,0.010250476615813872,0.011980497588713964,0.669687827428182,0.6698540174790347,0.6662418010334173,0.0054964348673820496,0.6643575826116527
encoder.layers.4.self_attn.q_proj,768,eurosat,svhn,8,46,coupling,49,0.6418936252593994,0.6252678632736206,0.010416666666666666,0.01242131576873362,0.013382490413884321,0.6314769585927328,0.6294723094906658,0.6118853728597363,0.0054964348673820496,0.6239758746232837
encoder.layers.4.self_attn.q_proj,768,gtsrb,mnist,8,46,coupling,49,0.689936637878418,0.6891435384750366,0.010416666666666666,0.012279266646752754,0.013542193065707883,0.6795199712117513,0.6776573712316653,0.6756013454093287,0.0054964348673820496,0.6721609363642832
encoder.layers.4.self_attn.q_proj,768,gtsrb,resisc45,8,46,coupling,49,0.5632854104042053,0.5612849593162537,0.010416666666666666,0.01217294631836315,0.013333726674318314,0.5528687437375387,0.5511124640858421,0.5479512326419353,0.0054964348673820496,0.5456160292184601
encoder.layers.4.self_attn.q_proj,768,gtsrb,stanford-cars,8,46,coupling,49,0.5988346338272095,0.5959784984588623,0.010416666666666666,0.010529659416836997,0.011935516959056258,0.5884179671605428,0.5883049744103724,0.584042981499806,0.0054964348673820496,0.5828085395429904
encoder.layers.4.self_attn.q_proj,768,gtsrb,sun397,8,46,coupling,49,0.6124512553215027,0.612060546875,0.010416666666666666,0.010179027526949843,0.01152903827217718,0.6020345886548361,0.6022722277945528,0.6005315086028228,0.0054964348673820496,0.5967757929271708
encoder.layers.4.self_attn.q_proj,768,gtsrb,svhn,8,46,coupling,49,0.655746340751648,0.6442511081695557,0.010416666666666666,0.012367066228762269,0.012466036093731722,0.6453296740849813,0.6433792745228857,0.6317850720758239,0.0054964348673820496,0.6378828396555036
encoder.layers.4.self_attn.q_proj,768,mnist,resisc45,8,46,coupling,49,0.595315158367157,0.5951141715049744,0.010416666666666666,0.011071719190416237,0.012734631231675545,0.5848984917004904,0.5842434391767407,0.5823795402732989,0.0054964348673820496,0.5787470043093587
encoder.layers.4.self_attn.q_proj,768,mnist,stanford-cars,8,46,coupling,49,0.6376087665557861,0.629772424697876,0.010416666666666666,0.010574183737238249,0.012449412839487195,0.6271920998891195,0.6270345828185478,0.6173230118583888,0.0054964348673820496,0.6215381479511658
encoder.layers.4.self_attn.q_proj,768,mnist,sun397,8,46,coupling,49,0.593497633934021,0.5900275707244873,0.010416666666666666,0.010208448007081946,0.01159253588411957,0.5830809672673544,0.583289185926939,0.5784350348403677,0.0054964348673820496,0.577792751059557
encoder.layers.4.self_attn.q_proj,768,mnist,svhn,8,46,coupling,49,0.7341760993003845,0.7291842103004456,0.010416666666666666,0.011873537170079848,0.01309910649433732,0.7237594326337179,0.7223025621303046,0.7160851038061082,0.0054964348673820496,0.7168061272629226
encoder.layers.4.self_attn.q_proj,768,resisc45,stanford-cars,8,46,coupling,49,0.7043419480323792,0.6991084814071655,0.010416666666666666,0.011734964481244484,0.01380401011556387,0.6939252813657125,0.6926069835511347,0.6853044712916017,0.0054964348673820496,0.6871105486837527
encoder.layers.4.self_attn.q_proj,768,resisc45,sun397,8,46,coupling,49,0.736021101474762,0.7444939017295837,0.010416666666666666,0.0106614597607404,0.012161302807119986,0.7256044348080953,0.7253596417140216,0.7323325989224637,0.0054964348673820496,0.7198632068466395
encoder.layers.4.self_attn.q_proj,768,resisc45,svhn,8,46,coupling,49,0.5969066023826599,0.591373860836029,0.010416666666666666,0.011726420683165392,0.013082095499460896,0.5864899357159933,0.5851801816994945,0.5782917653365681,0.0054964348673820496,0.5796837468321124
encoder.layers.4.self_attn.q_proj,768,stanford-cars,sun397,8,46,coupling,49,0.7659457921981812,0.7599033713340759,0.010416666666666666,0.010609135497361422,0.013045065104961395,0.7555291255315145,0.7553366567008197,0.7468583062291145,0.0054964348673820496,0.7498402218334377
encoder.layers.4.self_attn.q_proj,768,stanford-cars,svhn,8,46,coupling,49,0.6172047257423401,0.6037026047706604,0.010416666666666666,0.010407825854296485,0.01146680248590807,0.6067880590756735,0.6067968998880436,0.5922358022847524,0.0054964348673820496,0.6013004650206616
encoder.layers.4.self_attn.q_proj,768,sun397,svhn,8,46,coupling,49,0.6030990481376648,0.6033658385276794,0.010416666666666666,0.009931473604713878,0.011665568997462591,0.5926823814709982,0.5931675745329509,0.5917002695302168,0.0054964348673820496,0.5876711396655688
encoder.layers.4.self_attn.v_proj,768,dtd,eurosat,8,46,coupling,49,0.57680344581604,0.5806703567504883,0.010416666666666666,0.011246970039792359,0.013330928515642881,0.5663867791493734,0.5655564757762477,0.5673394282348454,-0.008826501667499542,0.5743829774437472
encoder.layers.4.self_attn.v_proj,768,dtd,gtsrb,8,46,coupling,49,0.6114223599433899,0.6071139574050903,0.010416666666666666,0.01130386907607317,0.012154883161808053,0.6010056932767233,0.6001184908673167,0.5949590742432823,-0.008826501667499542,0.6089449925348163
encoder.layers.4.self_attn.v_proj,768,dtd,mnist,8,46,coupling,49,0.5167100429534912,0.5099303722381592,0.010416666666666666,0.011512320333470901,0.012454184936359525,0.5062933762868246,0.5051977226200203,0.49747618730179965,-0.008826501667499542,0.5140242242875198
encoder.layers.4.self_attn.v_proj,768,dtd,resisc45,8,46,coupling,49,0.6800873279571533,0.6693798303604126,0.010416666666666666,0.010790871611485878,0.012640534667298198,0.6696706612904867,0.6692964563456675,0.6567392956931144,-0.008826501667499542,0.678122958013167
encoder.layers.4.self_attn.v_proj,768,dtd,stanford-cars,8,46,coupling,49,0.6100137829780579,0.5938258171081543,0.010416666666666666,0.011174449774747094,0.012451364270721873,0.5995971163113912,0.5988393332033107,0.5813744528374324,-0.008826501667499542,0.6076658348708103
encoder.layers.4.self_attn.v_proj,768,dtd,sun397,8,46,coupling,49,0.6884198784828186,0.6777449250221252,0.010416666666666666,0.010738142921278874,0.01307672712331017,0.678003211816152,0.6776817355615398,0.664668197898815,-0.008826501667499542,0.6865082372290393
encoder.layers.4.self_attn.v_proj,768,dtd,svhn,8,46,coupling,49,0.5779660940170288,0.5848857760429382,0.010416666666666666,0.011497392784804106,0.013629611348733306,0.5675494273503622,0.5664687012322247,0.5712561646942049,-0.008826501667499542,0.5752952028997242
encoder.layers.4.self_attn.v_proj,768,eurosat,gtsrb,8,46,coupling,49,0.6363259553909302,0.6347291469573975,0.010416666666666666,0.01100682777663072,0.01221933673756818,0.6259092887242635,0.6253191276142994,0.6225098102198293,-0.008826501667499542,0.634145629281799
encoder.layers.4.self_attn.v_proj,768,eurosat,mnist,8,46,coupling,49,0.5477808713912964,0.5492848753929138,0.010416666666666666,0.011095581925474107,0.013045814664413532,0.5373642047246298,0.5366852894658223,0.5362390607285002,-0.008826501667499542,0.5455117911333218
encoder.layers.4.self_attn.v_proj,768,eurosat,resisc45,8,46,coupling,49,0.5652945637702942,0.5635449886322021,0.010416666666666666,0.009990735057120522,0.011794987289855877,0.5548778971036276,0.5553038287131736,0.5517500013423463,-0.008826501667499542,0.5641303303806732
encoder.layers.4.self_attn.v_proj,768,eurosat,stanford-cars,8,46,coupling,49,0.561335027217865,0.5594218373298645,0.010416666666666666,0.011011974886059761,0.012957806078096231,0.5509183605511984,0.5503230523318052,0.5464640312517682,-0.008826501667499542,0.5591495539993048
encoder.layers.4.self_attn.v_proj,768,eurosat,sun397,8,46,coupling,49,0.6223323941230774,0.6264980435371399,0.010416666666666666,0.010440026875585318,0.012421092639366785,0.6119157274564108,0.6118923672474921,0.6140769508977731,-0.008826501667499542,0.6207188689149916
encoder.layers.4.self_attn.v_proj,768,eurosat,svhn,8,46,coupling,49,0.5952218174934387,0.601310670375824,0.010416666666666666,0.011408839374780655,0.01351715694181621,0.5848051508267721,0.5838129781186581,0.5877935134340078,-0.008826501667499542,0.5926394797861576
encoder.layers.4.self_attn.v_proj,768,gtsrb,mnist,8,46,coupling,49,0.6845254302024841,0.6903387308120728,0.010416666666666666,0.011167452748244008,0.012262584641575813,0.6741087635358175,0.6733579774542401,0.6780761461704969,-0.008826501667499542,0.6821844791217396
encoder.layers.4.self_attn.v_proj,768,gtsrb,resisc45,8,46,coupling,49,0.5787952542304993,0.5739955902099609,0.010416666666666666,0.010039322466279069,0.011112173708776632,0.5683785875638326,0.5687559317642202,0.5628834165011843,-0.008826501667499542,0.5775824334317198
encoder.layers.4.self_attn.v_proj,768,gtsrb,stanford-cars,8,46,coupling,49,0.5939422845840454,0.5839086771011353,0.010416666666666666,0.011102242938553294,0.011965494835749269,0.5835256179173788,0.5828400416454921,0.571943182265386,-0.008826501667499542,0.5916665433129916
encoder.layers.4.self_attn.v_proj,768,gtsrb,sun397,8,46,coupling,49,0.5959464907646179,0.5955696105957031,0.010416666666666666,0.011070506375593444,0.012564062140882015,0.5855298240979513,0.5848759843890244,0.5830055484548211,-0.008826501667499542,0.593702486056524
encoder.layers.4.self_attn.v_proj,768,gtsrb,svhn,8,46,coupling,49,0.5825855731964111,0.5817812085151672,0.010416666666666666,0.012135981465689838,0.012178266420960426,0.5721689065297445,0.5704495917307213,0.5696029420942068,-0.008826501667499542,0.5792760933982208
encoder.layers.4.self_attn.v_proj,768,mnist,resisc45,8,46,coupling,49,0.5343130826950073,0.5347076654434204,0.010416666666666666,0.010474629234522581,0.012157870611796776,0.5238964160283407,0.5238384534604847,0.5225497948316237,-0.008826501667499542,0.5326649551279843
encoder.layers.4.self_attn.v_proj,768,mnist,stanford-cars,8,46,coupling,49,0.5691344738006592,0.5643283724784851,0.010416666666666666,0.010752641479484737,0.011687192367389798,0.5587178071339926,0.5583818323211744,0.5526411801110953,-0.008826501667499542,0.567208333988674
encoder.layers.4.self_attn.v_proj,768,mnist,sun397,8,46,coupling,49,0.5345597863197327,0.5319107174873352,0.010416666666666666,0.01020750314152489,0.012117648342003426,0.524143119653066,0.5243522831782078,0.5197930691453317,-0.008826501667499542,0.5331787848457074
encoder.layers.4.self_attn.v_proj,768,mnist,svhn,8,46,coupling,49,0.5777754783630371,0.5840269327163696,0.010416666666666666,0.012574904598295689,0.013810911759113273,0.5673588116963705,0.5652005737647414,0.5702160209572563,-0.008826501667499542,0.574027075432241
encoder.layers.4.self_attn.v_proj,768,resisc45,stanford-cars,8,46,coupling,49,0.6301591992378235,0.6294115781784058,0.010416666666666666,0.010915301274508238,0.012565370028217634,0.6197425325711569,0.6192438979633152,0.6168462081501881,-0.008826501667499542,0.6280703996308148
encoder.layers.4.self_attn.v_proj,768,resisc45,sun397,8,46,coupling,49,0.6457419991493225,0.6329213380813599,0.010416666666666666,0.010822199750691652,0.012504194242258867,0.6353253324826559,0.6349197993986309,0.620417143839101,-0.008826501667499542,0.6437463010661304
encoder.layers.4.self_attn.v_proj,768,resisc45,svhn,8,46,coupling,49,0.6041151881217957,0.5997722148895264,0.010416666666666666,0.010786568047478795,0.012777213007211685,0.593698521455129,0.5933286200743169,0.5869950018823147,-0.008826501667499542,0.6021551217418164
encoder.layers.4.self_attn.v_proj,768,stanford-cars,sun397,8,46,coupling,49,0.7523735165596008,0.7476769685745239,0.010416666666666666,0.011240764482257267,0.012653451800967256,0.7419568498929342,0.7411327520773435,0.7350235167735567,-0.008826501667499542,0.7499592537448431
encoder.layers.4.self_attn.v_proj,768,stanford-cars,svhn,8,46,coupling,49,0.5418696403503418,0.54300457239151,0.010416666666666666,0.010010286311929425,0.011505426683773598,0.5314529736836752,0.5318593540384123,0.5314991457077364,-0.008826501667499542,0.5406858557059119
encoder.layers.4.self_attn.v_proj,768,sun397,svhn,8,46,coupling,49,0.6144697666168213,0.6103352904319763,0.010416666666666666,0.011283126271640262,0.01311017363332212,0.6040530999501547,0.603186640345181,0.5972251167986542,-0.008826501667499542,0.6120131420126805
encoder.layers.5.self_attn.q_proj,768,dtd,eurosat,8,48,coupling,50,0.5941450595855713,0.594947099685669,0.010416666666666666,0.010810735596654316,0.01279468322172761,0.5837283929189047,0.5833343239889169,0.5821524164639413,0.015135549008846283,0.5681987749800707
encoder.layers.5.self_attn.q_proj,768,dtd,gtsrb,8,48,coupling,50,0.5890808701515198,0.5970093011856079,0.010416666666666666,0.010871407110244036,0.013307155420382818,0.5786642034848531,0.5782094630412757,0.5837021457652251,0.015135549008846283,0.5630739140324295
encoder.layers.5.self_attn.q_proj,768,dtd,mnist,8,48,coupling,50,0.5970608592033386,0.60164475440979,0.010416666666666666,0.011017802947511276,0.014028150510663787,0.586644192536672,0.5860430562558273,0.5876166038991263,0.015135549008846283,0.570907507246981
encoder.layers.5.self_attn.q_proj,768,dtd,resisc45,8,48,coupling,50,0.6620672941207886,0.6651286482810974,0.010416666666666666,0.011033862441157302,0.013495949019367496,0.651650627454122,0.6510334316796312,0.65163269926173,0.015135549008846283,0.635897882670785
encoder.layers.5.self_attn.q_proj,768,dtd,stanford-cars,8,48,coupling,50,0.6369234323501587,0.6368021368980408,0.010416666666666666,0.011040314255903164,0.013673426350578666,0.6265067656834921,0.6258831180942556,0.6231287105474621,0.015135549008846283,0.6107475690854093
encoder.layers.5.self_attn.q_proj,768,dtd,sun397,8,48,coupling,50,0.6440466642379761,0.652176022529602,0.010416666666666666,0.01183035884362956,0.013614567928016186,0.6336299975713094,0.6322163053943465,0.6385614546015859,0.015135549008846283,0.6170807563855002
encoder.layers.5.self_attn.q_proj,768,dtd,svhn,8,48,coupling,50,0.632194459438324,0.6391735672950745,0.010416666666666666,0.011669887074579796,0.013210662097359696,0.6217777927716573,0.6205245723637441,0.6259629051977148,0.015135549008846283,0.6053890233548979
encoder.layers.5.self_attn.q_proj,768,eurosat,gtsrb,8,48,coupling,50,0.480541855096817,0.48252689838409424,0.010416666666666666,0.011581653263419867,0.014152354095131159,0.47012518843015033,0.46896020183339715,0.4683745442889631,0.015135549008846283,0.45382465282455087
encoder.layers.5.self_attn.q_proj,768,eurosat,mnist,8,48,coupling,50,0.43769729137420654,0.44103699922561646,0.010416666666666666,0.011476238646234075,0.014001089613884687,0.42728062470753986,0.42622105272797245,0.42703590961173177,0.015135549008846283,0.41108550371912617
encoder.layers.5.self_attn.q_proj,768,eurosat,resisc45,8,48,coupling,50,0.655886173248291,0.6549837589263916,0.010416666666666666,0.010627167687440911,0.01328367010379831,0.6454695065816244,0.6452590055608501,0.6417000888225933,0.015135549008846283,0.6301234565520039
encoder.layers.5.self_attn.q_proj,768,eurosat,stanford-cars,8,48,coupling,50,0.5574877858161926,0.5536853075027466,0.010416666666666666,0.011127012316137552,0.01325293529468278,0.547071119149526,0.5463607735000551,0.5404323722080638,0.015135549008846283,0.5312252244912088
encoder.layers.5.self_attn.q_proj,768,eurosat,sun397,8,48,coupling,50,0.5978941321372986,0.606168806552887,0.010416666666666666,0.010747545515187085,0.01301804572964708,0.587477465470632,0.5871465866221115,0.5931507608232399,0.015135549008846283,0.5720110376132652
encoder.layers.5.self_attn.q_proj,768,eurosat,svhn,8,48,coupling,50,0.5724638104438782,0.5736466646194458,0.010416666666666666,0.010367734978596369,0.012982784925649563,0.5620471437772115,0.5620960754652818,0.5606638796937963,0.015135549008846283,0.5469605264564356
encoder.layers.5.self_attn.q_proj,768,gtsrb,mnist,8,48,coupling,50,0.6490355134010315,0.6503846645355225,0.010416666666666666,0.011087569369313618,0.014502232894301414,0.6386188467343649,0.6379479440317178,0.635882431641221,0.015135549008846283,0.6228123950228716
encoder.layers.5.self_attn.q_proj,768,gtsrb,resisc45,8,48,coupling,50,0.5230289697647095,0.5294858813285828,0.010416666666666666,0.010445039176071683,0.01286473241634667,0.5126123030980428,0.5125839305886378,0.5166211489122361,0.015135549008846283,0.49744838157979154
encoder.layers.5.self_attn.q_proj,768,gtsrb,stanford-cars,8,48,coupling,50,0.6033079624176025,0.603598415851593,0.010416666666666666,0.009655324703392884,0.01164201848829786,0.5928912957509359,0.5936526377142096,0.5919563973632952,0.015135549008846283,0.5785170887053633
encoder.layers.5.self_attn.q_proj,768,gtsrb,sun397,8,48,coupling,50,0.6100776791572571,0.6174798607826233,0.010416666666666666,0.010341056312123934,0.012610682286322117,0.5996610124905905,0.5997366228451332,0.6048691784963012,0.015135549008846283,0.5846010738362869
encoder.layers.5.self_attn.q_proj,768,gtsrb,svhn,8,48,coupling,50,0.5385521650314331,0.545289158821106,0.010416666666666666,0.009960262260089317,0.012326999800279737,0.5281354983647665,0.5285919027713438,0.5329621590208262,0.015135549008846283,0.5134563537624975
encoder.layers.5.self_attn.q_proj,768,mnist,resisc45,8,48,coupling,50,0.5414376854896545,0.5471787452697754,0.010416666666666666,0.011746653200437626,0.014327813560763994,0.5310210188229879,0.5296910322892169,0.5328509317090114,0.015135549008846283,0.5145554832803706
encoder.layers.5.self_attn.q_proj,768,mnist,stanford-cars,8,48,coupling,50,0.5716823935508728,0.5703624486923218,0.010416666666666666,0.010130008372167746,0.01216865140789499,0.5612657268842062,0.5615523851787051,0.5581937972844268,0.015135549008846283,0.5464168361698588
encoder.layers.5.self_attn.q_proj,768,mnist,sun397,8,48,coupling,50,0.5637269020080566,0.5691465139389038,0.010416666666666666,0.010893447091802955,0.012626172431434194,0.55331023534139,0.5528334549162537,0.5565203415074697,0.015135549008846283,0.5376979059074074
encoder.layers.5.self_attn.q_proj,768,mnist,svhn,8,48,coupling,50,0.5983821749687195,0.6012856960296631,0.010416666666666666,0.011334389680996537,0.014059082449724277,0.5879655083020529,0.587047785287723,0.5872266135799388,0.015135549008846283,0.5719122362788767
encoder.layers.5.self_attn.q_proj,768,resisc45,stanford-cars,8,48,coupling,50,0.5700634717941284,0.5701501965522766,0.010416666666666666,0.010140655329450965,0.012125791128103932,0.5596468051274618,0.5599228164646775,0.5580244054241726,0.015135549008846283,0.5447872674558312
encoder.layers.5.self_attn.q_proj,768,resisc45,sun397,8,48,coupling,50,0.6482341289520264,0.6592711210250854,0.010416666666666666,0.010007806704379618,0.012524417213474711,0.6378174622853597,0.6382263222476467,0.6467467038116107,0.015135549008846283,0.6230907732388005
encoder.layers.5.self_attn.q_proj,768,resisc45,svhn,8,48,coupling,50,0.596958339214325,0.6014177203178406,0.010416666666666666,0.011965197511017323,0.013134423332909742,0.5865416725476583,0.5849931417033076,0.5882832969849309,0.015135549008846283,0.5698575926944613
encoder.layers.5.self_attn.q_proj,768,stanford-cars,sun397,8,48,coupling,50,0.7398031949996948,0.7440956830978394,0.010416666666666666,0.010876459341185788,0.012928692701583108,0.7293865283330282,0.7289267356585091,0.7311669903962562,0.015135549008846283,0.7137911866496628
encoder.layers.5.self_attn.q_proj,768,stanford-cars,svhn,8,48,coupling,50,0.5849224925041199,0.5844636559486389,0.010416666666666666,0.010185162886045873,0.012838085802892843,0.5745058258374532,0.574737329618074,0.5716255701457461,0.015135549008846283,0.5596017806092277
encoder.layers.5.self_attn.q_proj,768,sun397,svhn,8,48,coupling,50,0.6258364915847778,0.6302796602249146,0.010416666666666666,0.011517915797109405,0.013270948625480136,0.6154198249181112,0.6143185757876685,0.6170087115994344,0.015135549008846283,0.5991830267788222
encoder.layers.5.self_attn.v_proj,768,dtd,eurosat,8,48,coupling,50,0.6369995474815369,0.6343482136726379,0.010416666666666666,0.01113236827465395,0.012870546585569778,0.6265828808148702,0.625867179206883,0.6214776670870682,0.014997303485870361,0.6108698757210126
encoder.layers.5.self_attn.v_proj,768,dtd,gtsrb,8,48,coupling,50,0.5736449360847473,0.5707418918609619,0.010416666666666666,0.011582023464143276,0.01333157803552846,0.5632282694180807,0.562062912620604,0.5574103138254335,0.014997303485870361,0.5470656091347337
encoder.layers.5.self_attn.v_proj,768,dtd,mnist,8,48,coupling,50,0.5332793593406677,0.5340619683265686,0.010416666666666666,0.010975466614278654,0.012865110610922178,0.5228626926740011,0.5223038927263891,0.5211968577156464,0.014997303485870361,0.5073065892405187
encoder.layers.5.self_attn.v_proj,768,dtd,resisc45,8,48,coupling,50,0.6186957359313965,0.616693913936615,0.010416666666666666,0.01114592382994791,0.013117884052917361,0.6082790692647299,0.6075498121014485,0.6035760298836976,0.014997303485870361,0.5925525086155782
encoder.layers.5.self_attn.v_proj,768,dtd,stanford-cars,8,48,coupling,50,0.5990134477615356,0.5978822708129883,0.010416666666666666,0.011537725998399159,0.014347523295631012,0.588596781094869,0.5874757217631364,0.5835347475173572,0.014997303485870361,0.5724784182772661
encoder.layers.5.self_attn.v_proj,768,dtd,sun397,8,48,coupling,50,0.6580824255943298,0.6581874489784241,0.010416666666666666,0.01047099350641171,0.012378307757899165,0.6476657589276632,0.6476114320879182,0.6458091412205249,0.014997303485870361,0.6326141286020478
encoder.layers.5.self_attn.v_proj,768,dtd,svhn,8,48,coupling,50,0.6096692085266113,0.6058160066604614,0.010416666666666666,0.011640716499338547,0.01322801054144899,0.5992525418599447,0.5980284920272728,0.5925879961190125,0.014997303485870361,0.5830311885414025
encoder.layers.5.self_attn.v_proj,768,eurosat,gtsrb,8,48,coupling,50,0.6361958980560303,0.6299549341201782,0.010416666666666666,0.01238914493781825,0.013129942196731767,0.6257792313893636,0.623806753118212,0.6168249919234464,0.014997303485870361,0.6088094496323416
encoder.layers.5.self_attn.v_proj,768,eurosat,mnist,8,48,coupling,50,0.5621835589408875,0.5546378493309021,0.010416666666666666,0.01071280698912839,0.012140849294761816,0.5517668922742208,0.5514707519517591,0.5424970000361403,0.014997303485870361,0.5364734484658887
encoder.layers.5.self_attn.v_proj,768,eurosat,resisc45,8,48,coupling,50,0.6361250877380371,0.6266919374465942,0.010416666666666666,0.010766778063649932,0.012460030149668455,0.6257084210713705,0.6253583096743872,0.6142319072969258,0.014997303485870361,0.6103610061885169
encoder.layers.5.self_attn.v_proj,768,eurosat,stanford-cars,8,48,coupling,50,0.5782021284103394,0.5688206553459167,0.010416666666666666,0.010075726391126713,0.011843081253270308,0.5677854617436727,0.5681264020192126,0.5569775740926465,0.014997303485870361,0.5531290985333422
encoder.layers.5.self_attn.v_proj,768,eurosat,sun397,8,48,coupling,50,0.6105116009712219,0.6088704466819763,0.010416666666666666,0.011424302278707424,0.013147004259129366,0.6000949343045553,0.5990872986925145,0.5957234424228469,0.014997303485870361,0.5840899952066442
encoder.layers.5.self_attn.v_proj,768,eurosat,svhn,8,48,coupling,50,0.6207355856895447,0.6140460968017578,0.010416666666666666,0.011540531258409223,0.012231651538362106,0.610318919022878,0.6091950544311354,0.6018144452633957,0.014997303485870361,0.5941977509452651
encoder.layers.5.self_attn.v_proj,768,gtsrb,mnist,8,48,coupling,50,0.6216492652893066,0.6231611967086792,0.010416666666666666,0.010824438417330384,0.012107427309577664,0.61123259862264,0.6108248268719763,0.6110537693991015,0.014997303485870361,0.5958275233861059
encoder.layers.5.self_attn.v_proj,768,gtsrb,resisc45,8,48,coupling,50,0.6282206773757935,0.625723659992218,0.010416666666666666,0.01134715733739237,0.012495393554369608,0.6178040107091268,0.6168735200384011,0.6132282664378484,0.014997303485870361,0.6018762165525308
encoder.layers.5.self_attn.v_proj,768,gtsrb,stanford-cars,8,48,coupling,50,0.5712683200836182,0.5699793100357056,0.010416666666666666,0.011459304563080272,0.012796849710866809,0.5608516534169515,0.5598090155205379,0.5571824603248388,0.014997303485870361,0.5448117120346675
encoder.layers.5.self_attn.v_proj,768,gtsrb,sun397,8,48,coupling,50,0.5955947637557983,0.5871599912643433,0.010416666666666666,0.01093302263567845,0.012142677092924714,0.5851780970891317,0.5846617411201199,0.5750173141714185,0.014997303485870361,0.5696644376342496
encoder.layers.5.self_attn.v_proj,768,gtsrb,svhn,8,48,coupling,50,0.684951663017273,0.6826995611190796,0.010416666666666666,0.0116844247871389,0.01299523088770608,0.6745349963506063,0.673267238230134,0.6697043302313735,0.014997303485870361,0.6582699347442637
encoder.layers.5.self_attn.v_proj,768,mnist,resisc45,8,48,coupling,50,0.5497205257415771,0.5456807613372803,0.010416666666666666,0.011230985401198268,0.012690135510638356,0.5393038590749105,0.5384895403403789,0.5329906258266419,0.014997303485870361,0.5234922368545085
encoder.layers.5.self_attn.v_proj,768,mnist,stanford-cars,8,48,coupling,50,0.5834522843360901,0.5836140513420105,0.010416666666666666,0.010972884095584353,0.012635196869572004,0.5730356176694235,0.5724794002405057,0.5709788544724385,0.014997303485870361,0.5574820967546353
encoder.layers.5.self_attn.v_proj,768,mnist,sun397,8,48,coupling,50,0.5495269894599915,0.5448458790779114,0.010416666666666666,0.01102246786467731,0.012063165117676059,0.5391103227933248,0.5385045215953141,0.5327827139602354,0.014997303485870361,0.5235072181094438
encoder.layers.5.self_attn.v_proj,768,mnist,svhn,8,48,coupling,50,0.5918456315994263,0.5834178924560547,0.010416666666666666,0.012807393679395318,0.014248303370550275,0.5814289649327596,0.579038237920031,0.5691695890855044,0.014997303485870361,0.5640409344341606
encoder.layers.5.self_attn.v_proj,768,resisc45,stanford-cars,8,48,coupling,50,0.5837293863296509,0.578357458114624,0.010416666666666666,0.010560673118258515,0.012407995217169324,0.5733127196629842,0.5731687132113924,0.5659494628974547,0.014997303485870361,0.558171409725522
encoder.layers.5.self_attn.v_proj,768,resisc45,sun397,8,48,coupling,50,0.6434075832366943,0.6405022144317627,0.010416666666666666,0.010825670246655742,0.012977485544979572,0.6329909165700277,0.6325819129900386,0.6275247288867831,0.014997303485870361,0.6175846095041683
encoder.layers.5.self_attn.v_proj,768,resisc45,svhn,8,48,coupling,50,0.6082108616828918,0.6074313521385193,0.010416666666666666,0.010897842003032565,0.01250412524677813,0.5977941950162252,0.5973130196798593,0.5949272268917412,0.014997303485870361,0.5823157161939889
encoder.layers.5.self_attn.v_proj,768,stanford-cars,sun397,8,48,coupling,50,0.6725265383720398,0.6768987774848938,0.010416666666666666,0.011004231947784623,0.012869857406864563,0.6621098717053732,0.6615223064242551,0.6640289200780293,0.014997303485870361,0.6465250029383848
encoder.layers.5.self_attn.v_proj,768,stanford-cars,svhn,8,48,coupling,50,0.5881880521774292,0.5940636396408081,0.010416666666666666,0.010714692917341987,0.012763130245730281,0.5777713855107626,0.5774733592600872,0.5813005093950778,0.014997303485870361,0.5624760557742169
encoder.layers.5.self_attn.v_proj,768,sun397,svhn,8,48,coupling,50,0.6115998029708862,0.6142702698707581,0.010416666666666666,0.011334624917556843,0.012812125186125437,0.6011831363042196,0.6002651780533294,0.6014581446846327,0.014997303485870361,0.585267874567459
encoder.layers.6.self_attn.q_proj,768,dtd,eurosat,8,64,coupling,44,0.5979180335998535,0.5997084379196167,0.010416666666666666,0.011938161061455807,0.013511012308299541,0.5875013669331869,0.5859798725383977,0.5861974256113172,5.336105823516846e-05,0.5859265114801625
encoder.layers.6.self_attn.q_proj,768,dtd,gtsrb,8,64,coupling,44,0.5899970531463623,0.5946420431137085,0.010416666666666666,0.012299263151362538,0.014197716877485314,0.5795803864796957,0.5776977899949998,0.5804443262362232,5.336105823516846e-05,0.5776444289367646
encoder.layers.6.self_attn.q_proj,768,dtd,mnist,8,64,coupling,44,0.5226278901100159,0.5301796793937683,0.010416666666666666,0.011542350752279162,0.013161576508233944,0.5122112234433492,0.5110855393577367,0.5170181028855344,5.336105823516846e-05,0.5110321782995015
encoder.layers.6.self_attn.q_proj,768,dtd,resisc45,8,64,coupling,44,0.706929087638855,0.7086424827575684,0.010416666666666666,0.010897637500117222,0.013538423848027984,0.6965124209721884,0.6960314501387378,0.6951040589095404,5.336105823516846e-05,0.6959780890805026
encoder.layers.6.self_attn.q_proj,768,dtd,stanford-cars,8,64,coupling,44,0.5890359878540039,0.5884366631507874,0.010416666666666666,0.012244318068648377,0.014003048573310176,0.5786193211873373,0.5767916697853556,0.5744336145774772,5.336105823516846e-05,0.5767383087271204
encoder.layers.6.self_attn.q_proj,768,dtd,sun397,8,64,coupling,44,0.6590484380722046,0.6583146452903748,0.010416666666666666,0.011612211742127935,0.014064773141096035,0.648631771405538,0.6474362263300767,0.6442498721492788,5.336105823516846e-05,0.6473828652718415
encoder.layers.6.self_attn.q_proj,768,dtd,svhn,8,64,coupling,44,0.5361475944519043,0.5408369302749634,0.010416666666666666,0.010812660834441582,0.012606450899814567,0.5257309277852377,0.5253349336174628,0.5282304793751488,5.336105823516846e-05,0.5252815725592276
encoder.layers.6.self_attn.q_proj,768,eurosat,gtsrb,8,64,coupling,44,0.5691043734550476,0.5688689947128296,0.010416666666666666,0.011881561561798057,0.01326647928605477,0.558687706788381,0.5572228118932495,0.5556025154267749,5.336105823516846e-05,0.5571694508350143
encoder.layers.6.self_attn.q_proj,768,eurosat,mnist,8,64,coupling,44,0.5322360992431641,0.5315674543380737,0.010416666666666666,0.01019560960897555,0.012154885179673633,0.5218194325764974,0.5220404896341885,0.5194125691584001,5.336105823516846e-05,0.5219871285759533
encoder.layers.6.self_attn.q_proj,768,eurosat,resisc45,8,64,coupling,44,0.6006202697753906,0.6008627414703369,0.010416666666666666,0.011546913223961989,0.013595307866732279,0.590203603108724,0.5890733565514287,0.5872674336036047,5.336105823516846e-05,0.5890199954931935
encoder.layers.6.self_attn.q_proj,768,eurosat,stanford-cars,8,64,coupling,44,0.5257336497306824,0.5286885499954224,0.010416666666666666,0.010592961528648933,0.012439153778056303,0.5153169830640157,0.5151406882020334,0.5162493962173661,5.336105823516846e-05,0.5150873271437982
encoder.layers.6.self_attn.q_proj,768,eurosat,sun397,8,64,coupling,44,0.5684530735015869,0.5681209564208984,0.010416666666666666,0.010637415844636658,0.012064447005589804,0.5580364068349203,0.5578156576569503,0.5560565094153086,5.336105823516846e-05,0.5577622965987151
encoder.layers.6.self_attn.q_proj,768,eurosat,svhn,8,64,coupling,44,0.5873191356658936,0.5892442464828491,0.010416666666666666,0.010530010253811875,0.012333852937445045,0.5769024689992269,0.5767891254120817,0.5769103935454041,5.336105823516846e-05,0.5767357643538465
encoder.layers.6.self_attn.q_proj,768,gtsrb,mnist,8,64,coupling,44,0.6324763298034668,0.6302801966667175,0.010416666666666666,0.01088465917079399,0.013335318149377903,0.6220596631368002,0.6215916706326728,0.6169448785173396,5.336105823516846e-05,0.6215383095744377
encoder.layers.6.self_attn.q_proj,768,gtsrb,resisc45,8,64,coupling,44,0.6758013367652893,0.6749100685119629,0.010416666666666666,0.011316664206484953,0.01318020528803269,0.6653846700986227,0.6644846725588044,0.6617298632239302,5.336105823516846e-05,0.6644313115005692
encoder.layers.6.self_attn.q_proj,768,gtsrb,stanford-cars,8,64,coupling,44,0.5796675086021423,0.5820446014404297,0.010416666666666666,0.010312253143638372,0.012081767781637609,0.5692508419354757,0.569355255458504,0.5699628336587921,5.336105823516846e-05,0.5693018944002688
encoder.layers.6.self_attn.q_proj,768,gtsrb,sun397,8,64,coupling,44,0.5713061690330505,0.5700685977935791,0.010416666666666666,0.011109610631441077,0.013378921275337538,0.5608895023663839,0.5601965584016094,0.5566896765182415,5.336105823516846e-05,0.5601431973433743
encoder.layers.6.self_attn.q_proj,768,gtsrb,svhn,8,64,coupling,44,0.6237342357635498,0.6271960139274597,0.010416666666666666,0.011558585024128357,0.013053480380525192,0.6133175690968832,0.6121756507394215,0.6141425335469345,5.336105823516846e-05,0.6121222896811863
encoder.layers.6.self_attn.q_proj,768,mnist,resisc45,8,64,coupling,44,0.5606178045272827,0.5606876015663147,0.010416666666666666,0.011703573244934281,0.013406035102282962,0.5502011378606161,0.5489142312823484,0.5472815664640317,5.336105823516846e-05,0.5488608702241132
encoder.layers.6.self_attn.q_proj,768,mnist,stanford-cars,8,64,coupling,44,0.5262718796730042,0.5232571363449097,0.010416666666666666,0.01054441963788122,0.012321934647237262,0.5158552130063375,0.5157274600351229,0.5109352016976724,5.336105823516846e-05,0.5156740989768878
encoder.layers.6.self_attn.q_proj,768,mnist,sun397,8,64,coupling,44,0.5051087141036987,0.5019960999488831,0.010416666666666666,0.010118400872064134,0.01199424359947443,0.49469204743703205,0.4949903132316346,0.4900018563494086,5.336105823516846e-05,0.49493695217339945
encoder.layers.6.self_attn.q_proj,768,mnist,svhn,8,64,coupling,44,0.5542213916778564,0.550754725933075,0.010416666666666666,0.009925476624630392,0.011370187004407247,0.5438047250111898,0.544295915053226,0.5393845389286677,5.336105823516846e-05,0.5442425539949909
encoder.layers.6.self_attn.q_proj,768,resisc45,stanford-cars,8,64,coupling,44,0.6893133521080017,0.6916462779045105,0.010416666666666666,0.010796428114796678,0.012686632573604584,0.6788966854413351,0.6785169239932051,0.6789596453309059,5.336105823516846e-05,0.6784635629349699
encoder.layers.6.self_attn.q_proj,768,resisc45,sun397,8,64,coupling,44,0.6910201907157898,0.6897533535957336,0.010416666666666666,0.011314244319995245,0.013501589264099797,0.6806035240491232,0.6797059463957945,0.6762517643316338,5.336105823516846e-05,0.6796525853375593
encoder.layers.6.self_attn.q_proj,768,resisc45,svhn,8,64,coupling,44,0.545843243598938,0.5419486165046692,0.010416666666666666,0.011515584890730679,0.013185005635023117,0.5354265769322714,0.5343276587082073,0.5287636108696461,5.336105823516846e-05,0.5342742976499721
encoder.layers.6.self_attn.q_proj,768,stanford-cars,sun397,8,64,coupling,44,0.6553723216056824,0.6473421454429626,0.010416666666666666,0.011378107825294137,0.013929368695244193,0.6449556549390157,0.6439942137803882,0.6334127767477185,5.336105823516846e-05,0.6439408527221531
encoder.layers.6.self_attn.q_proj,768,stanford-cars,svhn,8,64,coupling,44,0.5464083552360535,0.5459833741188049,0.010416666666666666,0.011051799403503537,0.013218301581218839,0.5359916885693868,0.5353565558325499,0.5327650725375861,5.336105823516846e-05,0.5353031947743148
encoder.layers.6.self_attn.q_proj,768,sun397,svhn,8,64,coupling,44,0.5725685358047485,0.566933274269104,0.010416666666666666,0.011452777854477366,0.01394684542901814,0.5621518691380819,0.5611157579502711,0.5529864288400859,5.336105823516846e-05,0.561062396892036
encoder.layers.6.self_attn.v_proj,768,dtd,eurosat,8,64,coupling,44,0.5514695048332214,0.545380711555481,0.010416666666666666,0.01208268920890987,0.013415727764368057,0.5410528381665548,0.5393868156243116,0.5319649837911129,0.0006288886070251465,0.5387579270172864
encoder.layers.6.self_attn.v_proj,768,dtd,gtsrb,8,64,coupling,44,0.4975503385066986,0.49038463830947876,0.010416666666666666,0.011555968744990727,0.01260884893902888,0.4871336718400319,0.4859943697617079,0.4777757893704499,0.0006288886070251465,0.48536548115468275
encoder.layers.6.self_attn.v_proj,768,dtd,mnist,8,64,coupling,44,0.5364086031913757,0.5328437089920044,0.010416666666666666,0.010309989408900341,0.012336105961973468,0.5259919365247091,0.5260986137824754,0.520507603030031,0.0006288886070251465,0.5254697251754502
encoder.layers.6.self_attn.v_proj,768,dtd,resisc45,8,64,coupling,44,0.6370289325714111,0.6254360675811768,0.010416666666666666,0.011562488429869214,0.013834106425444284,0.6266122659047445,0.625466444141542,0.6116019611557325,0.0006288886070251465,0.6248375555345168
encoder.layers.6.self_attn.v_proj,768,dtd,stanford-cars,8,64,coupling,44,0.5628829002380371,0.5563282370567322,0.010416666666666666,0.010480248524496952,0.013321406984080872,0.5524662335713705,0.5524026517135402,0.5430068300726513,0.0006288886070251465,0.551773763106515
encoder.layers.6.self_attn.v_proj,768,dtd,sun397,8,64,coupling,44,0.5870498418807983,0.5807589292526245,0.010416666666666666,0.01147902081720531,0.012983493894959489,0.5766331752141317,0.575570821063593,0.5677754353576651,0.0006288886070251465,0.5749419324565679
encoder.layers.6.self_attn.v_proj,768,dtd,svhn,8,64,coupling,44,0.45474591851234436,0.4531317353248596,0.010416666666666666,0.011660205239119628,0.013088334972659746,0.4443292518456777,0.4430857132732247,0.44004340035219985,0.0006288886070251465,0.44245682466619957
encoder.layers.6.self_attn.v_proj,768,eurosat,gtsrb,8,64,coupling,44,0.6144428849220276,0.614504337310791,0.010416666666666666,0.010590208927169442,0.01215005045135816,0.604026218255361,0.6038526759948581,0.6023542868594328,0.0006288886070251465,0.603223787387833
encoder.layers.6.self_attn.v_proj,768,eurosat,mnist,8,64,coupling,44,0.6048930287361145,0.6077750325202942,0.010416666666666666,0.010239400435239077,0.012218604562804103,0.5944763620694479,0.5946536283008754,0.5955564279574901,0.0006288886070251465,0.5940247396938503
encoder.layers.6.self_attn.v_proj,768,eurosat,resisc45,8,64,coupling,44,0.605111837387085,0.6031710505485535,0.010416666666666666,0.012458557806288203,0.014248694060370326,0.5946951707204183,0.5926532795807967,0.5889223564881831,0.0006288886070251465,0.5920243909737716
encoder.layers.6.self_attn.v_proj,768,eurosat,stanford-cars,8,64,coupling,44,0.6084518432617188,0.6107885837554932,0.010416666666666666,0.010362183946805695,0.012383700193216404,0.5980351765950521,0.5980896593149131,0.5984048835622767,0.0006288886070251465,0.597460770707888
encoder.layers.6.self_attn.v_proj,768,eurosat,sun397,8,64,coupling,44,0.5601143836975098,0.5543091297149658,0.010416666666666666,0.011382618686184287,0.012663347025712332,0.5496977170308431,0.5487317650113255,0.5416457826892535,0.0006288886070251465,0.5481028764043003
encoder.layers.6.self_attn.v_proj,768,eurosat,svhn,8,64,coupling,44,0.6528951525688171,0.6544654369354248,0.010416666666666666,0.011256737867370248,0.012151823844760656,0.6424784859021505,0.6416384147014469,0.6423136130906641,0.0006288886070251465,0.6410095260944217
encoder.layers.6.self_attn.v_proj,768,gtsrb,mnist,8,64,coupling,44,0.5826255083084106,0.5854612588882446,0.010416666666666666,0.010791672160848975,0.012255548460719487,0.572208841641744,0.5718338361475617,0.5732057104275251,0.0006288886070251465,0.5712049475405365
encoder.layers.6.self_attn.v_proj,768,gtsrb,resisc45,8,64,coupling,44,0.5375654101371765,0.5398283004760742,0.010416666666666666,0.010642001288942993,0.012283369627160331,0.5271487434705099,0.5269234088482335,0.5275449308489139,0.0006288886070251465,0.5262945202412084
encoder.layers.6.self_attn.v_proj,768,gtsrb,stanford-cars,8,64,coupling,44,0.5210645794868469,0.525248110294342,0.010416666666666666,0.010923050538015863,0.012765356184293827,0.5106479128201803,0.510141528948831,0.5124827541100482,0.0006288886070251465,0.5095126403418059
encoder.layers.6.self_attn.v_proj,768,gtsrb,sun397,8,64,coupling,44,0.5892426371574402,0.5913860201835632,0.010416666666666666,0.011625313820938269,0.01275759058383604,0.5788259704907736,0.577617323336502,0.5786284295997272,0.0006288886070251465,0.5769884347294768
encoder.layers.6.self_attn.v_proj,768,gtsrb,svhn,8,64,coupling,44,0.6089470982551575,0.6080334186553955,0.010416666666666666,0.011488887170950571,0.01301844084324936,0.5985304315884908,0.5974582110842069,0.5950149778121462,0.0006288886070251465,0.5968293224771818
encoder.layers.6.self_attn.v_proj,768,mnist,resisc45,8,64,coupling,44,0.507928192615509,0.5096739530563354,0.010416666666666666,0.011522324833398065,0.012979266544183096,0.49751152594884235,0.496405867782111,0.4966946865121524,0.0006288886070251465,0.49577697917508584
encoder.layers.6.self_attn.v_proj,768,mnist,stanford-cars,8,64,coupling,44,0.5199781060218811,0.5214791297912598,0.010416666666666666,0.012181845726445317,0.013967119390144944,0.5095614393552145,0.5077962602954358,0.5075120104011148,0.0006288886070251465,0.5071673716884106
encoder.layers.6.self_attn.v_proj,768,mnist,sun397,8,64,coupling,44,0.5368834733963013,0.5365341305732727,0.010416666666666666,0.01145340665243566,0.013690296250085035,0.5264668067296346,0.5254300667438656,0.5228438343231877,0.0006288886070251465,0.5248011781368405
encoder.layers.6.self_attn.v_proj,768,mnist,svhn,8,64,coupling,44,0.6393769383430481,0.6368532776832581,0.010416666666666666,0.01128345545536528,0.013212278407687942,0.6289602716763815,0.6280934828876829,0.6236409992755702,0.0006288886070251465,0.6274645942806577
encoder.layers.6.self_attn.v_proj,768,resisc45,stanford-cars,8,64,coupling,44,0.5986608862876892,0.5922257900238037,0.010416666666666666,0.01114623803490152,0.013663268803308407,0.5882442196210226,0.5875146482527877,0.5785625212204953,0.0006288886070251465,0.5868857596457625
encoder.layers.6.self_attn.v_proj,768,resisc45,sun397,8,64,coupling,44,0.5992003679275513,0.5888509750366211,0.010416666666666666,0.011389789481957754,0.013889940765996775,0.5887837012608846,0.5878105784455935,0.5749610342706243,0.0006288886070251465,0.5871816898385683
encoder.layers.6.self_attn.v_proj,768,resisc45,svhn,8,64,coupling,44,0.5130378007888794,0.5105358958244324,0.010416666666666666,0.011422301176935434,0.013743916992098093,0.5026211341222128,0.501615499611944,0.4967919788323343,0.0006288886070251465,0.5009866110049188
encoder.layers.6.self_attn.v_proj,768,stanford-cars,sun397,8,64,coupling,44,0.6081044673919678,0.6035043001174927,0.010416666666666666,0.01139808027073741,0.013450331675509611,0.5976878007253011,0.5967063871212304,0.5900539684419831,0.0006288886070251465,0.5960774985142052
encoder.layers.6.self_attn.v_proj,768,stanford-cars,svhn,8,64,coupling,44,0.5947409868240356,0.6009288430213928,0.010416666666666666,0.010706994604940215,0.01217669186492761,0.584324320157369,0.5840339922190955,0.5887521511564652,0.0006288886070251465,0.5834051036120703
encoder.layers.6.self_attn.v_proj,768,sun397,svhn,8,64,coupling,44,0.5010275840759277,0.499301940202713,0.010416666666666666,0.011169977486133575,0.012433794792741537,0.49061091740926105,0.48985760658979416,0.4868681454099715,0.0006288886070251465,0.489228717982769
encoder.layers.7.self_attn.q_proj,768,dtd,eurosat,8,53,coupling,38,0.6191052198410034,0.6172051429748535,0.010416666666666666,0.011184386831397811,0.013970138970762491,0.6086885531743368,0.6079208330096056,0.603235004004091,-0.015711218118667603,0.6236320511282732
encoder.layers.7.self_attn.q_proj,768,dtd,gtsrb,8,53,coupling,38,0.5354394316673279,0.5326398611068726,0.010416666666666666,0.011160009307786822,0.014096110438307127,0.5250227650006613,0.5242794223595411,0.5185437506685654,-0.015711218118667603,0.5399906404782087
encoder.layers.7.self_attn.q_proj,768,dtd,mnist,8,53,coupling,38,0.5753737688064575,0.5764098167419434,0.010416666666666666,0.010245077311992645,0.013124587635199228,0.5649571021397909,0.5651286914944649,0.5632852291067442,-0.015711218118667603,0.5808399096131325
encoder.layers.7.self_attn.q_proj,768,dtd,resisc45,8,53,coupling,38,0.5473694205284119,0.5375219583511353,0.010416666666666666,0.010824687856559953,0.012882001154745618,0.5369527538617452,0.5365447326718519,0.5246399571963897,-0.015711218118667603,0.5522559507905195
encoder.layers.7.self_attn.q_proj,768,dtd,stanford-cars,8,53,coupling,38,0.5162864327430725,0.5040527582168579,0.010416666666666666,0.010806985121841231,0.013408557279035449,0.5058697660764059,0.5054794476212313,0.49064420093782246,-0.015711218118667603,0.5211906657398989
encoder.layers.7.self_attn.q_proj,768,dtd,sun397,8,53,coupling,38,0.5686843395233154,0.5599852204322815,0.010416666666666666,0.011141390927756826,0.014240418638413152,0.5582676728566488,0.5575429485955586,0.5457448017938683,-0.015711218118667603,0.5732541667142262
encoder.layers.7.self_attn.q_proj,768,dtd,svhn,8,53,coupling,38,0.554186224937439,0.5509600639343262,0.010416666666666666,0.012197763426229358,0.015308418466399113,0.5437695582707723,0.5419884615112096,0.5356516454679271,-0.015711218118667603,0.5576996796298772
encoder.layers.7.self_attn.q_proj,768,eurosat,gtsrb,8,53,coupling,38,0.5501261353492737,0.5484577417373657,0.010416666666666666,0.011626367301990589,0.01499285432510078,0.539709468682607,0.5384997680472831,0.5334648874122649,-0.015711218118667603,0.5542109861659507
encoder.layers.7.self_attn.q_proj,768,eurosat,mnist,8,53,coupling,38,0.4780949652194977,0.47935694456100464,0.010416666666666666,0.011041377748673161,0.014207532163709402,0.467678298552831,0.46705358747082454,0.46514941239729524,-0.015711218118667603,0.48276480558949214
encoder.layers.7.self_attn.q_proj,768,eurosat,resisc45,8,53,coupling,38,0.6543179750442505,0.6478353142738342,0.010416666666666666,0.011260027143483361,0.01387097337283194,0.6439013083775839,0.6430579479007671,0.6339643409010023,-0.015711218118667603,0.6587691660194347
encoder.layers.7.self_attn.q_proj,768,eurosat,stanford-cars,8,53,coupling,38,0.5552183389663696,0.5568150877952576,0.010416666666666666,0.011398049614702662,0.014313128078356385,0.544801672299703,0.5438202893516669,0.5425019597169012,-0.015711218118667603,0.5595315074703345
encoder.layers.7.self_attn.q_proj,768,eurosat,sun397,8,53,coupling,38,0.5570914149284363,0.5575510263442993,0.010416666666666666,0.012165396163860956,0.01676816997739176,0.5466747482617696,0.5449260187645754,0.5407828563669076,-0.015711218118667603,0.560637236883243
encoder.layers.7.self_attn.q_proj,768,eurosat,svhn,8,53,coupling,38,0.5933889746665955,0.5972944498062134,0.010416666666666666,0.010360106476582587,0.01305884231502811,0.5829723079999288,0.5830288681900129,0.5842356074911853,-0.015711218118667603,0.5987400863086805
encoder.layers.7.self_attn.q_proj,768,gtsrb,mnist,8,53,coupling,38,0.612533688545227,0.6159470677375793,0.010416666666666666,0.010979629199331006,0.014005485534047088,0.6021170218785604,0.601554059345896,0.6019415822035322,-0.015711218118667603,0.6172652774645636
encoder.layers.7.self_attn.q_proj,768,gtsrb,resisc45,8,53,coupling,38,0.5555908679962158,0.5510562062263489,0.010416666666666666,0.010721601351785163,0.013575779429326454,0.5451742013295492,0.5448692666444307,0.5374804267970225,-0.015711218118667603,0.5605804847630983
encoder.layers.7.self_attn.q_proj,768,gtsrb,stanford-cars,8,53,coupling,38,0.5432677865028381,0.5403436422348022,0.010416666666666666,0.011913891959314546,0.014842160822202763,0.5328511198361715,0.5313538945435236,0.5255014814125994,-0.015711218118667603,0.5470651126621912
encoder.layers.7.self_attn.q_proj,768,gtsrb,sun397,8,53,coupling,38,0.5523842573165894,0.5436881184577942,0.010416666666666666,0.010391465931509932,0.013550791967039308,0.5419675906499227,0.5419927913850794,0.5301373264907548,-0.015711218118667603,0.557704009503747
encoder.layers.7.self_attn.q_proj,768,gtsrb,svhn,8,53,coupling,38,0.6128143668174744,0.6150109767913818,0.010416666666666666,0.010117264930158854,0.01256223573970298,0.6023977001508077,0.6026971018873155,0.6024487410516789,-0.015711218118667603,0.6184083200059831
encoder.layers.7.self_attn.q_proj,768,mnist,resisc45,8,53,coupling,38,0.548139750957489,0.5339599251747131,0.010416666666666666,0.010525436683868369,0.012971323216333985,0.5377230842908224,0.5376143142736206,0.5209886019583791,-0.015711218118667603,0.5533255323922882
encoder.layers.7.self_attn.q_proj,768,mnist,stanford-cars,8,53,coupling,38,0.5226750373840332,0.5173501372337341,0.010416666666666666,0.011104978621006012,0.01368528138846159,0.5122583707173666,0.5115700587630272,0.5036648558452725,-0.015711218118667603,0.5272812768816948
encoder.layers.7.self_attn.q_proj,768,mnist,sun397,8,53,coupling,38,0.5677599310874939,0.5695215463638306,0.010416666666666666,0.010453264694660902,0.01238641624028484,0.5573432644208273,0.557306666392833,0.5571351301235458,-0.015711218118667603,0.5730178845115006
encoder.layers.7.self_attn.q_proj,768,mnist,svhn,8,53,coupling,38,0.577666163444519,0.5762765407562256,0.010416666666666666,0.012481739356492957,0.015439761569723487,0.5672494967778524,0.565184424088026,0.5608367791865021,-0.015711218118667603,0.5808956422066937
encoder.layers.7.self_attn.q_proj,768,resisc45,stanford-cars,8,53,coupling,38,0.515837550163269,0.5094214081764221,0.010416666666666666,0.011065828691547116,0.013680245727300644,0.5054208834966024,0.5047717214717219,0.4957411624491215,-0.015711218118667603,0.5204829395903895
encoder.layers.7.self_attn.q_proj,768,resisc45,sun397,8,53,coupling,38,0.6134659647941589,0.5991528630256653,0.010416666666666666,0.010485276541051766,0.014439586239556471,0.6030492981274923,0.6029806882531071,0.5847132767861088,-0.015711218118667603,0.6186919063717747
encoder.layers.7.self_attn.q_proj,768,resisc45,svhn,8,53,coupling,38,0.5784564018249512,0.5735006332397461,0.010416666666666666,0.01159740968917807,0.013925431994721293,0.5680397351582845,0.5668589921357731,0.5595752012450248,-0.015711218118667603,0.5825702102544407
encoder.layers.7.self_attn.q_proj,768,stanford-cars,sun397,8,53,coupling,38,0.6020435094833374,0.603204607963562,0.010416666666666666,0.010957156812461713,0.013369738512362042,0.5916268428166708,0.5910863526708757,0.5898348694512,-0.015711218118667603,0.6067975707895433
encoder.layers.7.self_attn.q_proj,768,stanford-cars,svhn,8,53,coupling,38,0.5242497324943542,0.528134286403656,0.010416666666666666,0.010923844141264757,0.014363368197033802,0.5138330658276876,0.5133258883530895,0.5137709182066222,-0.015711218118667603,0.5290371064717571
encoder.layers.7.self_attn.q_proj,768,sun397,svhn,8,53,coupling,38,0.5585983395576477,0.5652367472648621,0.010416666666666666,0.010383112045625845,0.013046191617225608,0.5481816728909811,0.5482152275120219,0.5521905556476364,-0.015711218118667603,0.5639264456306895
encoder.layers.7.self_attn.v_proj,768,dtd,eurosat,8,53,coupling,38,0.5676499009132385,0.5585505366325378,0.010416666666666666,0.0108805310446769,0.013595748459920287,0.5572332342465719,0.5567693698685616,0.5449547881726176,0.0017449483275413513,0.5550244215410203
encoder.layers.7.self_attn.v_proj,768,dtd,gtsrb,8,53,coupling,38,0.5589202642440796,0.5536951422691345,0.010416666666666666,0.011080352822318673,0.013942599995061755,0.548503597577413,0.5478399114217609,0.5397525422740728,0.0017449483275413513,0.5460949630942196
encoder.layers.7.self_attn.v_proj,768,dtd,mnist,8,53,coupling,38,0.5304242968559265,0.5266162753105164,0.010416666666666666,0.012094491122600933,0.0142653479706496,0.5200076301892599,0.5183298057333255,0.5123509273398668,0.0017449483275413513,0.5165848574057842
encoder.layers.7.self_attn.v_proj,768,dtd,resisc45,8,53,coupling,38,0.5510801076889038,0.5479606986045837,0.010416666666666666,0.012280577017615238,0.014708448899909854,0.5406634410222372,0.5387995306712886,0.5332522497046739,0.0017449483275413513,0.5370545823437473
encoder.layers.7.self_attn.v_proj,768,dtd,stanford-cars,8,53,coupling,38,0.5555802583694458,0.5564683079719543,0.010416666666666666,0.010654833711062869,0.014360790606588125,0.5451635917027792,0.5449254246583829,0.5421075173653662,0.0017449483275413513,0.5431804763308415
encoder.layers.7.self_attn.v_proj,768,dtd,sun397,8,53,coupling,38,0.584713876247406,0.5809712409973145,0.010416666666666666,0.011218084177623192,0.015142257247741023,0.5742972095807394,0.5734957920697829,0.5658289837495735,0.0017449483275413513,0.5717508437422415
encoder.layers.7.self_attn.v_proj,768,dtd,svhn,8,53,coupling,38,0.5446558594703674,0.5389639735221863,0.010416666666666666,0.011513488832861185,0.013355298666283488,0.5342391928037008,0.5331423706375062,0.5256086748559028,0.0017449483275413513,0.5313974223099649
encoder.layers.7.self_attn.v_proj,768,eurosat,gtsrb,8,53,coupling,38,0.5132872462272644,0.5088372826576233,0.010416666666666666,0.011830391439919671,0.013853842159733176,0.5028705795605978,0.5014568547873447,0.4949834404978901,0.0017449483275413513,0.49971190645980335
encoder.layers.7.self_attn.v_proj,768,eurosat,mnist,8,53,coupling,38,0.5264482498168945,0.5277981162071228,0.010416666666666666,0.011227122585599622,0.013126818851257363,0.5160315831502279,0.5152211272312949,0.5146712973558655,0.0017449483275413513,0.5134761789037535
encoder.layers.7.self_attn.v_proj,768,eurosat,resisc45,8,53,coupling,38,0.5945255756378174,0.5948861837387085,0.010416666666666666,0.012278249176839987,0.013829600453997651,0.5841089089711508,0.5822473264609774,0.5810565832847109,0.0017449483275413513,0.5805023781334361
encoder.layers.7.self_attn.v_proj,768,eurosat,stanford-cars,8,53,coupling,38,0.5102744102478027,0.5139562487602234,0.010416666666666666,0.011587001228084167,0.014475544526552161,0.49985774358113605,0.4986874090197186,0.49948070423367125,0.0017449483275413513,0.49694246069217723
encoder.layers.7.self_attn.v_proj,768,eurosat,sun397,8,53,coupling,38,0.5669937133789062,0.5586769580841064,0.010416666666666666,0.010497829178348184,0.01290182575273017,0.5565770467122396,0.5564958842005581,0.5457751323313763,0.0017449483275413513,0.5547509358730167
encoder.layers.7.self_attn.v_proj,768,eurosat,svhn,8,53,coupling,38,0.5111110210418701,0.5118404030799866,0.010416666666666666,0.01153619020866851,0.012878796473766366,0.5006943543752035,0.4995748308332016,0.4989616066062202,0.0017449483275413513,0.49782988250566024
encoder.layers.7.self_attn.v_proj,768,gtsrb,mnist,8,53,coupling,38,0.5335103273391724,0.5277137756347656,0.010416666666666666,0.010679174292211732,0.012258579644064108,0.5230936606725057,0.5228311530469606,0.5154551959907016,0.0017449483275413513,0.5210862047194192
encoder.layers.7.self_attn.v_proj,768,gtsrb,resisc45,8,53,coupling,38,0.5619944334030151,0.5646467208862305,0.010416666666666666,0.011732292749608556,0.01368887280113995,0.5515777667363485,0.5502621406534066,0.5509578480850905,0.0017449483275413513,0.5485171923258653
encoder.layers.7.self_attn.v_proj,768,gtsrb,stanford-cars,8,53,coupling,38,0.5930113792419434,0.586459219455719,0.010416666666666666,0.01041221215079228,0.01313661977959176,0.5825947125752767,0.5825991670911511,0.5733225996761272,0.0017449483275413513,0.5808542187636098
encoder.layers.7.self_attn.v_proj,768,gtsrb,sun397,8,53,coupling,38,0.5612252950668335,0.5601750612258911,0.010416666666666666,0.011790928663685918,0.014093554656331738,0.5508086284001669,0.5494343664031476,0.5460815065695593,0.0017449483275413513,0.5476894180756062
encoder.layers.7.self_attn.v_proj,768,gtsrb,svhn,8,53,coupling,38,0.5504063963890076,0.5456669330596924,0.010416666666666666,0.010415204140978554,0.011587458662688732,0.5399897297223409,0.539991192248029,0.5340794743970037,0.0017449483275413513,0.5382462439204877
encoder.layers.7.self_attn.v_proj,768,mnist,resisc45,8,53,coupling,38,0.5066332221031189,0.5092083811759949,0.010416666666666666,0.009807531450254222,0.011779988727842769,0.4962165554364522,0.4968256906528647,0.4974283924481521,0.0017449483275413513,0.49508074232532334
encoder.layers.7.self_attn.v_proj,768,mnist,stanford-cars,8,53,coupling,38,0.49410390853881836,0.4944755434989929,0.010416666666666666,0.011271747993305326,0.014183031084636847,0.4836872418721517,0.48283216054551303,0.48029251241435605,0.0017449483275413513,0.4810872122179717
encoder.layers.7.self_attn.v_proj,768,mnist,sun397,8,53,coupling,38,0.48185569047927856,0.4950135052204132,0.010416666666666666,0.01160320321408411,0.014407360382998982,0.4714390238126119,0.4702524872651945,0.4806061448374142,0.0017449483275413513,0.4685075389376531
encoder.layers.7.self_attn.v_proj,768,mnist,svhn,8,53,coupling,38,0.6316313743591309,0.6302217841148376,0.010416666666666666,0.010629557616387805,0.012818624575932821,0.6212147076924642,0.621001816742743,0.6174031595389048,0.0017449483275413513,0.6192568684152017
encoder.layers.7.self_attn.v_proj,768,resisc45,stanford-cars,8,53,coupling,38,0.5828997492790222,0.5808808207511902,0.010416666666666666,0.01112623947362105,0.014066313781465093,0.5724830826123556,0.5717735098054012,0.5668145069697251,0.0017449483275413513,0.5700285614778599
encoder.layers.7.self_attn.v_proj,768,resisc45,sun397,8,53,coupling,38,0.642634391784668,0.6386245489120483,0.010416666666666666,0.01136018467756609,0.014327771418417493,0.6322177251180013,0.6312742071071019,0.6242967774936309,0.0017449483275413513,0.6295292587795606
encoder.layers.7.self_attn.v_proj,768,resisc45,svhn,8,53,coupling,38,0.47868627309799194,0.4851441979408264,0.010416666666666666,0.011416818364523351,0.012970702334617576,0.46826960643132526,0.4672694547334686,0.47217349560620886,0.0017449483275413513,0.46552450640592724
encoder.layers.7.self_attn.v_proj,768,stanford-cars,sun397,8,53,coupling,38,0.6472974419593811,0.6499528288841248,0.010416666666666666,0.011101868546878299,0.01574290101416409,0.6368807752927145,0.6361955734125028,0.6342099278699607,0.0017449483275413513,0.6344506250849614
encoder.layers.7.self_attn.v_proj,768,stanford-cars,svhn,8,53,coupling,38,0.5813995599746704,0.582164466381073,0.010416666666666666,0.010907076143970093,0.013947029132395983,0.5709828933080038,0.5704924838307003,0.568217437248677,0.0017449483275413513,0.5687475355031589
encoder.layers.7.self_attn.v_proj,768,sun397,svhn,8,53,coupling,38,0.501774787902832,0.5093488097190857,0.010416666666666666,0.011476085055619478,0.014454022593175372,0.49135812123616535,0.49029870284721255,0.49489478712591034,0.0017449483275413513,0.4885537545196712
encoder.layers.8.self_attn.q_proj,768,dtd,eurosat,8,48,coupling,37,0.5285237431526184,0.5310759544372559,0.010416666666666666,0.011190308956429362,0.013588428807755312,0.5181070764859518,0.517333434196189,0.5174875256295005,0.005574613809585571,0.5117588203866035
encoder.layers.8.self_attn.q_proj,768,dtd,gtsrb,8,48,coupling,37,0.5437750220298767,0.543803870677948,0.010416666666666666,0.011016100295819342,0.014283195293198029,0.5333583553632101,0.5327589217340574,0.52952067538475,0.005574613809585571,0.5271843079244718
encoder.layers.8.self_attn.q_proj,768,dtd,mnist,8,48,coupling,37,0.5276685953140259,0.5319602489471436,0.010416666666666666,0.01027879681593428,0.012303161046778163,0.5172519286473592,0.5173897984980916,0.5196570879003654,0.005574613809585571,0.5118151846885061
encoder.layers.8.self_attn.q_proj,768,dtd,resisc45,8,48,coupling,37,0.5865156054496765,0.5855340361595154,0.010416666666666666,0.011658943491056561,0.01423010416328907,0.5760989387830099,0.57485666195862,0.5713039319962263,0.005574613809585571,0.5692820481490344
encoder.layers.8.self_attn.q_proj,768,dtd,stanford-cars,8,48,coupling,37,0.5077669620513916,0.5017208456993103,0.010416666666666666,0.01072816721474131,0.013573402228454748,0.4973502953847249,0.4970387948366503,0.48814744347085554,0.005574613809585571,0.49146418102706474
encoder.layers.8.self_attn.q_proj,768,dtd,sun397,8,48,coupling,37,0.6483801603317261,0.6505976915359497,0.010416666666666666,0.01082105259411037,0.014848755051692327,0.6379634936650594,0.6375591077376157,0.6357489364842573,0.005574613809585571,0.6319844939280301
encoder.layers.8.self_attn.q_proj,768,dtd,svhn,8,48,coupling,37,0.47268980741500854,0.48008036613464355,0.010416666666666666,0.010620970899860064,0.012773167807608843,0.46227314074834186,0.46206883651514846,0.4673071983270347,0.005574613809585571,0.4564942227055629
encoder.layers.8.self_attn.q_proj,768,eurosat,gtsrb,8,48,coupling,37,0.5135788917541504,0.5180679559707642,0.010416666666666666,0.01075778272934258,0.013280727667734027,0.5031622250874838,0.5028211090248078,0.5047872283030301,0.005574613809585571,0.49724649521522224
encoder.layers.8.self_attn.q_proj,768,eurosat,mnist,8,48,coupling,37,0.5223163962364197,0.5294153690338135,0.010416666666666666,0.010563879817103347,0.01326107606291771,0.511899729569753,0.5117525164193163,0.5161542929708958,0.005574613809585571,0.5061779026097307
encoder.layers.8.self_attn.q_proj,768,eurosat,resisc45,8,48,coupling,37,0.6311773061752319,0.6317876577377319,0.010416666666666666,0.011162670950094858,0.013997299363836646,0.6207606395085653,0.6200146352251371,0.6177903583738953,0.005574613809585571,0.6144400214155515
encoder.layers.8.self_attn.q_proj,768,eurosat,stanford-cars,8,48,coupling,37,0.5175097584724426,0.5229851007461548,0.010416666666666666,0.010993257630616426,0.012520478495086232,0.507093091805776,0.5065165008418262,0.5104646222510686,0.005574613809585571,0.5009418870322406
encoder.layers.8.self_attn.q_proj,768,eurosat,sun397,8,48,coupling,37,0.5923396348953247,0.5948757529258728,0.010416666666666666,0.011294952283302942,0.014547256287187338,0.5819229682286581,0.5810446826120218,0.5803284966386855,0.005574613809585571,0.5754700688024362
encoder.layers.8.self_attn.q_proj,768,eurosat,svhn,8,48,coupling,37,0.4727057218551636,0.4759010970592499,0.010416666666666666,0.010684948336953918,0.012813714410488805,0.4622890551884969,0.46202077351820964,0.4630873826487611,0.005574613809585571,0.45644615970862407
encoder.layers.8.self_attn.q_proj,768,gtsrb,mnist,8,48,coupling,37,0.6158519983291626,0.6148437261581421,0.010416666666666666,0.011550628580152988,0.01391231408342719,0.605435331662496,0.6043013697490096,0.6009314120747149,0.005574613809585571,0.598726755939424
encoder.layers.8.self_attn.q_proj,768,gtsrb,resisc45,8,48,coupling,37,0.5227788686752319,0.5260058045387268,0.010416666666666666,0.01191584998741746,0.014674061443656683,0.5123622020085653,0.5108630186878145,0.5113317430950701,0.005574613809585571,0.5052884048782289
encoder.layers.8.self_attn.q_proj,768,gtsrb,stanford-cars,8,48,coupling,37,0.5364983081817627,0.5422148704528809,0.010416666666666666,0.010921249631792307,0.013038822372133533,0.5260816415150961,0.5255770585499704,0.5291760480807474,0.005574613809585571,0.5200024447403848
encoder.layers.8.self_attn.q_proj,768,gtsrb,sun397,8,48,coupling,37,0.5424576997756958,0.543490469455719,0.010416666666666666,0.010834066042055687,0.013519787540038427,0.5320410331090292,0.5316236337336401,0.5299706819156805,0.005574613809585571,0.5260490199240545
encoder.layers.8.self_attn.q_proj,768,gtsrb,svhn,8,48,coupling,37,0.4992438554763794,0.5015056729316711,0.010416666666666666,0.011386098805814981,0.013348101560647288,0.4888271888097127,0.4878577566705644,0.48815757137102384,0.005574613809585571,0.48228314286097884
encoder.layers.8.self_attn.q_proj,768,mnist,resisc45,8,48,coupling,37,0.5195227265357971,0.5280089974403381,0.010416666666666666,0.011086934944614768,0.013880680703247586,0.5091060598691305,0.5084357915911824,0.5141283167370906,0.005574613809585571,0.5028611777815968
encoder.layers.8.self_attn.q_proj,768,mnist,stanford-cars,8,48,coupling,37,0.5350350141525269,0.5373386144638062,0.010416666666666666,0.01098613099505504,0.0136290881006668,0.5246183474858602,0.5240488831574718,0.5237095263631394,0.005574613809585571,0.5184742693478862
encoder.layers.8.self_attn.q_proj,768,mnist,sun397,8,48,coupling,37,0.5308976173400879,0.5351604223251343,0.010416666666666666,0.011002580014367899,0.01295829595377048,0.5204809506734213,0.51989503732572,0.5222021263713638,0.005574613809585571,0.5143204235161344
encoder.layers.8.self_attn.q_proj,768,mnist,svhn,8,48,coupling,37,0.5406164526939392,0.5449803471565247,0.010416666666666666,0.011227570784588655,0.013254780787974596,0.5301997860272726,0.5293888819093505,0.5317255663685501,0.005574613809585571,0.523814268099765
encoder.layers.8.self_attn.q_proj,768,resisc45,stanford-cars,8,48,coupling,37,0.5310393571853638,0.5351816415786743,0.010416666666666666,0.011535374137262503,0.014347234275192022,0.5206226905186971,0.5195039830481013,0.5208344073034823,0.005574613809585571,0.5139293692385157
encoder.layers.8.self_attn.q_proj,768,resisc45,sun397,8,48,coupling,37,0.5539757013320923,0.5561487674713135,0.010416666666666666,0.010650132355901102,0.013814458545918265,0.5435590346654257,0.5433255689761912,0.5423343089253952,0.005574613809585571,0.5377509551666056
encoder.layers.8.self_attn.q_proj,768,resisc45,svhn,8,48,coupling,37,0.5285952091217041,0.5312701463699341,0.010416666666666666,0.011233023911093673,0.013214383972808719,0.5181785424550375,0.5173621852106104,0.5180557623971254,0.005574613809585571,0.5117875714010248
encoder.layers.8.self_attn.q_proj,768,stanford-cars,sun397,8,48,coupling,37,0.5922145843505859,0.5938282012939453,0.010416666666666666,0.010177270198861757,0.012414399767294526,0.5817979176839193,0.5820373141517242,0.5814138015266508,0.005574613809585571,0.5764627003421386
encoder.layers.8.self_attn.q_proj,768,stanford-cars,svhn,8,48,coupling,37,0.4924452602863312,0.48699066042900085,0.010416666666666666,0.00984624878037721,0.01206859911326319,0.4820285936196645,0.48259901150595397,0.47492206131573766,0.005574613809585571,0.4770243976963684
encoder.layers.8.self_attn.q_proj,768,sun397,svhn,8,48,coupling,37,0.48538559675216675,0.4939696490764618,0.010416666666666666,0.01007428978725026,0.012287050330390533,0.47496893008550006,0.47531130696491647,0.4816825987460713,0.005574613809585571,0.4697366931553309
encoder.layers.8.self_attn.v_proj,768,dtd,eurosat,8,48,coupling,37,0.5249893665313721,0.5203019976615906,0.010416666666666666,0.011246262157025436,0.013783312713106474,0.5145726998647054,0.5137431043743467,0.5065186849484841,0.010350048542022705,0.503393055832324
encoder.layers.8.self_attn.v_proj,768,dtd,gtsrb,8,48,coupling,37,0.46557506918907166,0.46691417694091797,0.010416666666666666,0.01171273827397575,0.012765197859456142,0.45515840252240497,0.4538623309150959,0.45414897908146185,0.010350048542022705,0.4435122823730732
encoder.layers.8.self_attn.v_proj,768,dtd,mnist,8,48,coupling,37,0.5499207377433777,0.5414459109306335,0.010416666666666666,0.010962280134359995,0.01283824552471439,0.5395040710767111,0.5389584576090177,0.5286076654059192,0.010350048542022705,0.528608409066995
encoder.layers.8.self_attn.v_proj,768,dtd,resisc45,8,48,coupling,37,0.5092908143997192,0.5151079893112183,0.010416666666666666,0.01091914608453711,0.012912307710697254,0.49887414773305255,0.49837166831518215,0.502195681600521,0.010350048542022705,0.48802161977315944
encoder.layers.8.self_attn.v_proj,768,dtd,stanford-cars,8,48,coupling,37,0.5327807068824768,0.5287919044494629,0.010416666666666666,0.01071416202466935,0.013027322284566859,0.5223640402158102,0.5220665448578075,0.5157645821648961,0.010350048542022705,0.5117164963157848
encoder.layers.8.self_attn.v_proj,768,dtd,sun397,8,48,coupling,37,0.4358658194541931,0.44266074895858765,0.010416666666666666,0.01117599344191452,0.013225614869346222,0.42544915278752643,0.4246898260122786,0.42943513408924144,0.010350048542022705,0.4143397774702559
encoder.layers.8.self_attn.v_proj,768,dtd,svhn,8,48,coupling,37,0.44703415036201477,0.446800172328949,0.010416666666666666,0.011479417948673168,0.013392859138548374,0.4366174836953481,0.4355547324133416,0.4334073131904006,0.010350048542022705,0.4252046838713189
encoder.layers.8.self_attn.v_proj,768,eurosat,gtsrb,8,48,coupling,37,0.4710443615913391,0.47246479988098145,0.010416666666666666,0.011615711729973555,0.01241486775688827,0.4606276949246724,0.45942864986136556,0.4600499321240932,0.010350048542022705,0.44907860131934285
encoder.layers.8.self_attn.v_proj,768,eurosat,mnist,8,48,coupling,37,0.5779768228530884,0.5752955675125122,0.010416666666666666,0.01070921499437342,0.011995625449344516,0.5675601561864217,0.567267607858715,0.5632999420631677,0.010350048542022705,0.5569175593166923
encoder.layers.8.self_attn.v_proj,768,eurosat,resisc45,8,48,coupling,37,0.6660503149032593,0.6678241491317749,0.010416666666666666,0.012271294059852758,0.013276997410381833,0.6556336482365926,0.6537790208434066,0.6545471517213931,0.010350048542022705,0.6434289723013839
encoder.layers.8.self_attn.v_proj,768,eurosat,stanford-cars,8,48,coupling,37,0.5885157585144043,0.5934807062149048,0.010416666666666666,0.010903831183289489,0.013039755479743084,0.5780990918477377,0.5776119273311148,0.5804409507351617,0.010350048542022705,0.5672618787890921
encoder.layers.8.self_attn.v_proj,768,eurosat,sun397,8,48,coupling,37,0.48600050806999207,0.4859490394592285,0.010416666666666666,0.01072254590690136,0.012147849813724557,0.4755838414033254,0.4752779621630907,0.47380118964550394,0.010350048542022705,0.464927913621068
encoder.layers.8.self_attn.v_proj,768,eurosat,svhn,8,48,coupling,37,0.5072792768478394,0.5070706605911255,0.010416666666666666,0.011328028592591485,0.012816114428763589,0.49686261018117267,0.4959512482552479,0.4942545461623619,0.010350048542022705,0.4856011997132252
encoder.layers.8.self_attn.v_proj,768,gtsrb,mnist,8,48,coupling,37,0.61325603723526,0.6105867624282837,0.010416666666666666,0.010603181280506154,0.011585185381894311,0.6028393705685934,0.6026528559547538,0.5990015770463893,0.010350048542022705,0.5923028074127311
encoder.layers.8.self_attn.v_proj,768,gtsrb,resisc45,8,48,coupling,37,0.5029793977737427,0.4993996024131775,0.010416666666666666,0.011428402348731955,0.011717239006732902,0.492562731107076,0.49155099542501074,0.4876823634064446,0.010350048542022705,0.48120094688298803
encoder.layers.8.self_attn.v_proj,768,gtsrb,stanford-cars,8,48,coupling,37,0.41894078254699707,0.4223574995994568,0.010416666666666666,0.010234392170483867,0.011632633085052172,0.4085241158803304,0.4087063903765132,0.4107248665144046,0.010350048542022705,0.3983563418344905
encoder.layers.8.self_attn.v_proj,768,gtsrb,sun397,8,48,coupling,37,0.4922923743724823,0.4892730414867401,0.010416666666666666,0.010518398368731141,0.012445669155567884,0.4818757077058156,0.48177397600375116,0.47682737233117223,0.010350048542022705,0.47142392746172845
encoder.layers.8.self_attn.v_proj,768,gtsrb,svhn,8,48,coupling,37,0.5881914496421814,0.582875669002533,0.010416666666666666,0.01086781065290173,0.011947865132242441,0.5777747829755148,0.5773236389892796,0.5709278038702905,0.010350048542022705,0.5669735904472569
encoder.layers.8.self_attn.v_proj,768,mnist,resisc45,8,48,coupling,37,0.48366686701774597,0.48287564516067505,0.010416666666666666,0.011077187489718199,0.012153300379092494,0.4732502003510793,0.4725896795280278,0.47072234478158254,0.010350048542022705,0.46223963098600507
encoder.layers.8.self_attn.v_proj,768,mnist,stanford-cars,8,48,coupling,37,0.47286832332611084,0.47048240900039673,0.010416666666666666,0.011315802034611503,0.012759256099040309,0.46245165665944415,0.4615525212914993,0.4577231529013564,0.010350048542022705,0.4512024727494766
encoder.layers.8.self_attn.v_proj,768,mnist,sun397,8,48,coupling,37,0.4922122359275818,0.488377183675766,0.010416666666666666,0.010829053431128463,0.012933811560894052,0.4817955692609151,0.48138318249645334,0.4754433721148719,0.010350048542022705,0.47103313395443064
encoder.layers.8.self_attn.v_proj,768,mnist,svhn,8,48,coupling,37,0.6524212956428528,0.6508434414863586,0.010416666666666666,0.00999294527961562,0.011088957699636618,0.6420046289761862,0.6424283503632372,0.6397544837867221,0.010350048542022705,0.6320783018212145
encoder.layers.8.self_attn.v_proj,768,resisc45,stanford-cars,8,48,coupling,37,0.5175695419311523,0.5187637805938721,0.010416666666666666,0.012240197897578279,0.014465086550141374,0.5071528752644857,0.5053293440335741,0.5042986940437307,0.010350048542022705,0.4949792954915514
encoder.layers.8.self_attn.v_proj,768,resisc45,sun397,8,48,coupling,37,0.5579432845115662,0.5581381320953369,0.010416666666666666,0.012720241599405805,0.015267072788750133,0.5475266178448995,0.5452230429121604,0.5428710593065867,0.010350048542022705,0.5348729943701377
encoder.layers.8.self_attn.v_proj,768,resisc45,svhn,8,48,coupling,37,0.5197760462760925,0.5203433632850647,0.010416666666666666,0.01129733802129825,0.012210990923146406,0.5093593796094259,0.5084787082547942,0.5081323723619183,0.010350048542022705,0.49812865971277154
encoder.layers.8.self_attn.v_proj,768,stanford-cars,sun397,8,48,coupling,37,0.5685685873031616,0.568570077419281,0.010416666666666666,0.011525778410335382,0.014071300936241945,0.558151920636495,0.5570428088928262,0.554498776483039,0.010350048542022705,0.5466927603508035
encoder.layers.8.self_attn.v_proj,768,stanford-cars,svhn,8,48,coupling,37,0.434020072221756,0.4395395815372467,0.010416666666666666,0.01084262706960241,0.012184595766787728,0.4236034055550893,0.42317744515215355,0.427354985770459,0.010350048542022705,0.41282739661013085
encoder.layers.8.self_attn.v_proj,768,sun397,svhn,8,48,coupling,37,0.5076383352279663,0.5070040822029114,0.010416666666666666,0.010698744949574271,0.01255244955730935,0.4972216685612996,0.496939590278392,0.49445163264560205,0.010350048542022705,0.4865895417363693
encoder.layers.9.self_attn.q_proj,768,dtd,eurosat,8,35,coupling,34,0.613214373588562,0.6141582131385803,0.010416666666666666,0.011960392585024238,0.013262499589473009,0.6027977069218954,0.6012539810035378,0.6008957135491073,0.00788915902376175,0.593364821979776
encoder.layers.9.self_attn.q_proj,768,dtd,gtsrb,8,35,coupling,34,0.5849041938781738,0.5841593146324158,0.010416666666666666,0.011296272239026925,0.013303748642404875,0.5744875272115072,0.5736079216391469,0.5708555659900109,0.00788915902376175,0.5657187626153851
encoder.layers.9.self_attn.q_proj,768,dtd,mnist,8,35,coupling,34,0.5554784536361694,0.5559419989585876,0.010416666666666666,0.011221547766278187,0.012890464160591364,0.5450617869695028,0.5442569058698913,0.5430515347979963,0.00788915902376175,0.5363677468461295
encoder.layers.9.self_attn.q_proj,768,dtd,resisc45,8,35,coupling,34,0.5191145539283752,0.52316814661026,0.010416666666666666,0.011333394329994917,0.013245750529070696,0.5086978872617086,0.5077811595983803,0.5099223960811893,0.00788915902376175,0.4998920005746186
encoder.layers.9.self_attn.q_proj,768,dtd,stanford-cars,8,35,coupling,34,0.5325467586517334,0.5333158373832703,0.010416666666666666,0.010884185632069906,0.012916864827275276,0.5221300919850668,0.5216625730196635,0.520398972555995,0.00788915902376175,0.5137734139959017
encoder.layers.9.self_attn.q_proj,768,dtd,sun397,8,35,coupling,34,0.5494216084480286,0.5461946725845337,0.010416666666666666,0.010890681218976775,0.013142799492925406,0.5390049417813619,0.5385309272290518,0.5330518730916083,0.00788915902376175,0.5306417682052901
encoder.layers.9.self_attn.q_proj,768,dtd,svhn,8,35,coupling,34,0.5343529582023621,0.5322456359863281,0.010416666666666666,0.010479390698795518,0.011710911445940534,0.5239362915356954,0.5238735675035665,0.5205347245403876,0.00788915902376175,0.5159844084798048
encoder.layers.9.self_attn.q_proj,768,eurosat,gtsrb,8,35,coupling,34,0.5415529608726501,0.5422669649124146,0.010416666666666666,0.010452593443915248,0.012520111553991834,0.5311362942059835,0.5311003674287349,0.5297468533584228,0.00788915902376175,0.5232112084049731
encoder.layers.9.self_attn.q_proj,768,eurosat,mnist,8,35,coupling,34,0.516037106513977,0.5170575976371765,0.010416666666666666,0.011301726335659623,0.012869088988130292,0.5056204398473104,0.5047353801783174,0.5041885086490462,0.00788915902376175,0.4968462211545557
encoder.layers.9.self_attn.q_proj,768,eurosat,resisc45,8,35,coupling,34,0.6631093621253967,0.6599299907684326,0.010416666666666666,0.011999776354059577,0.014546603119621674,0.6526926954587301,0.6511095857713372,0.645383387648811,0.00788915902376175,0.6432204267475754
encoder.layers.9.self_attn.q_proj,768,eurosat,stanford-cars,8,35,coupling,34,0.5791107416152954,0.5781001448631287,0.010416666666666666,0.010295467606435219,0.011595593687767783,0.5686940749486288,0.5688152740088602,0.5665045511753609,0.00788915902376175,0.5609261149850985
encoder.layers.9.self_attn.q_proj,768,eurosat,sun397,8,35,coupling,34,0.5886918902397156,0.5827870965003967,0.010416666666666666,0.010726209109028181,0.012109165700773398,0.578275223573049,0.5779656811306874,0.5706779307996234,0.00788915902376175,0.5700765221069256
encoder.layers.9.self_attn.q_proj,768,eurosat,svhn,8,35,coupling,34,0.5196105241775513,0.5175409317016602,0.010416666666666666,0.010850289914136132,0.01184602314606309,0.5091938575108846,0.5087602342634151,0.5056949085555971,0.00788915902376175,0.5008710752396534
encoder.layers.9.self_attn.q_proj,768,gtsrb,mnist,8,35,coupling,34,0.4995231628417969,0.5091412663459778,0.010416666666666666,0.01101672820126017,0.012583626667037606,0.4891064961751302,0.4885064346405367,0.4965576396789402,0.00788915902376175,0.480617275616775
encoder.layers.9.self_attn.q_proj,768,gtsrb,resisc45,8,35,coupling,34,0.5300125479698181,0.5362984538078308,0.010416666666666666,0.011966650917505225,0.014038132426018516,0.5195958813031515,0.5180458970523129,0.5222603213818123,0.00788915902376175,0.5101567380285511
encoder.layers.9.self_attn.q_proj,768,gtsrb,stanford-cars,8,35,coupling,34,0.5700118541717529,0.5720224976539612,0.010416666666666666,0.011475622692766288,0.012808293259392181,0.5595951875050863,0.5585362314789867,0.559214204394569,0.00788915902376175,0.5506470724552249
encoder.layers.9.self_attn.q_proj,768,gtsrb,sun397,8,35,coupling,34,0.5727571845054626,0.5779285430908203,0.010416666666666666,0.012260736043875417,0.014536981470882893,0.562340517838796,0.5604964484615872,0.5633915616199374,0.00788915902376175,0.5526072894378254
encoder.layers.9.self_attn.q_proj,768,gtsrb,svhn,8,35,coupling,34,0.5979804396629333,0.5992194414138794,0.010416666666666666,0.01112804872294267,0.011203752287353078,0.5875637729962667,0.5868523909399906,0.5880156891265264,0.00788915902376175,0.5789632319162289
encoder.layers.9.self_attn.q_proj,768,mnist,resisc45,8,35,coupling,34,0.4895860254764557,0.4942193627357483,0.010416666666666666,0.010926853865385056,0.012886878723899523,0.479169358809789,0.47865917161107063,0.48133248401184875,0.00788915902376175,0.4707700125873089
encoder.layers.9.self_attn.q_proj,768,mnist,stanford-cars,8,35,coupling,34,0.5140380859375,0.5144093632698059,0.010416666666666666,0.01047094453436633,0.01214807154610753,0.5036214192708334,0.5035671414031336,0.5022612917236984,0.00788915902376175,0.4956779823793719
encoder.layers.9.self_attn.q_proj,768,mnist,sun397,8,35,coupling,34,0.4978090524673462,0.491385281085968,0.010416666666666666,0.011298439465463161,0.012768393382430077,0.4873923858006795,0.48651061300188303,0.47861688770353794,0.00788915902376175,0.4786214539781213
encoder.layers.9.self_attn.q_proj,768,mnist,svhn,8,35,coupling,34,0.601442813873291,0.6075212359428406,0.010416666666666666,0.01049940629551808,0.011287215941896042,0.5910261472066244,0.590943407577773,0.5962340200009445,0.00788915902376175,0.5830542485540112
encoder.layers.9.self_attn.q_proj,768,resisc45,stanford-cars,8,35,coupling,34,0.5497721433639526,0.5493095517158508,0.010416666666666666,0.011380066474278768,0.01322135996694366,0.539355476697286,0.5383920768896738,0.5360881917489072,0.00788915902376175,0.5305029178659121
encoder.layers.9.self_attn.q_proj,768,resisc45,sun397,8,35,coupling,34,0.5324802994728088,0.5374991297721863,0.010416666666666666,0.010045604741511246,0.012298885189617673,0.5220636328061422,0.5224346947312976,0.5252002445825686,0.00788915902376175,0.5145455357075358
encoder.layers.9.self_attn.q_proj,768,resisc45,svhn,8,35,coupling,34,0.5314762592315674,0.5287702679634094,0.010416666666666666,0.010149592068046331,0.011860247468575835,0.5210595925649008,0.521326667163521,0.5169100204948336,0.00788915902376175,0.5134375081397593
encoder.layers.9.self_attn.q_proj,768,stanford-cars,sun397,8,35,coupling,34,0.5988817811012268,0.5866986513137817,0.010416666666666666,0.011394577799364924,0.013217633978153268,0.5884651144345602,0.5874872033018619,0.5734810173356285,0.00788915902376175,0.5795980442781001
encoder.layers.9.self_attn.q_proj,768,stanford-cars,svhn,8,35,coupling,34,0.5310556888580322,0.5303363800048828,0.010416666666666666,0.009902328019961715,0.011477144046997031,0.5206390221913656,0.5211533608380705,0.5188592359578857,0.00788915902376175,0.5132642018143088
encoder.layers.9.self_attn.q_proj,768,sun397,svhn,8,35,coupling,34,0.4677966237068176,0.46816545724868774,0.010416666666666666,0.011127846470723549,0.012303031437719861,0.45737995704015094,0.45666877723609406,0.45586242581096786,0.00788915902376175,0.4487796182123323
encoder.layers.9.self_attn.v_proj,768,dtd,eurosat,8,35,coupling,34,0.6150628328323364,0.6064652800559998,0.010416666666666666,0.011407157328600684,0.013612443658833703,0.6046461661656698,0.6036556755037358,0.592852836397166,-0.0017976462841033936,0.6054533217878392
encoder.layers.9.self_attn.v_proj,768,dtd,gtsrb,8,35,coupling,34,0.58461594581604,0.5945624113082886,0.010416666666666666,0.011855078395456076,0.014169308046499888,0.5741992791493734,0.572760867420584,0.5803931032617887,-0.0017976462841033936,0.5745585137046874
encoder.layers.9.self_attn.v_proj,768,dtd,mnist,8,35,coupling,34,0.5936671495437622,0.5942863821983337,0.010416666666666666,0.010845669467623035,0.012330421324198445,0.5832504828770956,0.5828214800761392,0.5819559608741353,-0.0017976462841033936,0.5846191263602426
encoder.layers.9.self_attn.v_proj,768,dtd,resisc45,8,35,coupling,34,0.5688368678092957,0.5644935965538025,0.010416666666666666,0.012784206230814258,0.016343009502937395,0.558420201142629,0.5560526615784814,0.5481505870508651,-0.0017976462841033936,0.5578503078625848
encoder.layers.9.self_attn.v_proj,768,dtd,stanford-cars,8,35,coupling,34,0.5350587964057922,0.5419471263885498,0.010416666666666666,0.011952048361611864,0.014326734468340874,0.5246421297391256,0.5231067480441803,0.5276203919202089,-0.0017976462841033936,0.5249043943282837
encoder.layers.9.self_attn.v_proj,768,dtd,sun397,8,35,coupling,34,0.6332825422286987,0.6304341554641724,0.010416666666666666,0.011974660602087775,0.014915031613782048,0.6228658755620321,0.621307881626611,0.6155191238503903,-0.0017976462841033936,0.6231055279107144
encoder.layers.9.self_attn.v_proj,768,dtd,svhn,8,35,coupling,34,0.6309655904769897,0.6277478933334351,0.010416666666666666,0.01080488289395968,0.012924697560568651,0.6205489238103231,0.6201607075830301,0.6148231957728664,-0.0017976462841033936,0.6219583538671335
encoder.layers.9.self_attn.v_proj,768,eurosat,gtsrb,8,35,coupling,34,0.5914896726608276,0.595636785030365,0.010416666666666666,0.011295876776178678,0.014147881185635924,0.581073005994161,0.5801937958846489,0.5814889038447291,-0.0017976462841033936,0.5819914421687523
encoder.layers.9.self_attn.v_proj,768,eurosat,mnist,8,35,coupling,34,0.6186392903327942,0.6153440475463867,0.010416666666666666,0.00972617615479976,0.011281291100506982,0.6082226236661276,0.6089131141779944,0.6040627564458797,-0.0017976462841033936,0.6107107604620978
encoder.layers.9.self_attn.v_proj,768,eurosat,resisc45,8,35,coupling,34,0.7276788949966431,0.7200935482978821,0.010416666666666666,0.012765324053665003,0.01570874041256805,0.7172622283299764,0.714913570942978,0.704384807885314,-0.0017976462841033936,0.7167112172270814
encoder.layers.9.self_attn.v_proj,768,eurosat,stanford-cars,8,35,coupling,34,0.5679060220718384,0.5628796219825745,0.010416666666666666,0.01076858933083713,0.012939532209808627,0.5574893554051717,0.5571374327410012,0.5499400897727659,-0.0017976462841033936,0.5589350790251046
encoder.layers.9.self_attn.v_proj,768,eurosat,sun397,8,35,coupling,34,0.5689601302146912,0.5688514113426208,0.010416666666666666,0.011522097357859215,0.013920612322787443,0.5585434635480245,0.5574380328568319,0.5549307990198334,-0.0017976462841033936,0.5592356791409353
encoder.layers.9.self_attn.v_proj,768,eurosat,svhn,8,35,coupling,34,0.5297389626502991,0.5282989144325256,0.010416666666666666,0.00983766718612363,0.011151806761821112,0.5193222959836324,0.5199012954641754,0.5171471076707045,-0.0017976462841033936,0.5216989417482788
encoder.layers.9.self_attn.v_proj,768,gtsrb,mnist,8,35,coupling,34,0.6139793992042542,0.6229805946350098,0.010416666666666666,0.01131606474518776,0.012818481074646115,0.6035627325375875,0.6026633344590664,0.6101621135603637,-0.0017976462841033936,0.6044609807431698
encoder.layers.9.self_attn.v_proj,768,gtsrb,resisc45,8,35,coupling,34,0.5932645201683044,0.6011755466461182,0.010416666666666666,0.010909094319989284,0.013422441591198245,0.5828478535016378,0.5823554258483151,0.58775310505492,-0.0017976462841033936,0.5841530721324185
encoder.layers.9.self_attn.v_proj,768,gtsrb,stanford-cars,8,35,coupling,34,0.46798184514045715,0.4771970510482788,0.010416666666666666,0.011081196911012134,0.013272686628624797,0.45756517847379047,0.45690064822944504,0.463924364419654,-0.0017976462841033936,0.45869829451354843
encoder.layers.9.self_attn.v_proj,768,gtsrb,sun397,8,35,coupling,34,0.5689657330513,0.582135796546936,0.010416666666666666,0.010766851948574185,0.013911443684870997,0.5585490663846334,0.5581988811027259,0.5682243528620651,-0.0017976462841033936,0.5599965273868293
encoder.layers.9.self_attn.v_proj,768,gtsrb,svhn,8,35,coupling,34,0.6421234011650085,0.647567629814148,0.010416666666666666,0.0096396947822844,0.010834865621291101,0.6317067344983419,0.6324837063827241,0.6367327641928568,-0.0017976462841033936,0.6342813526668275
encoder.layers.9.self_attn.v_proj,768,mnist,resisc45,8,35,coupling,34,0.6175850629806519,0.6132423877716064,0.010416666666666666,0.011358903255313635,0.01374591514468193,0.6071683963139852,0.6062261597253382,0.5994964726269245,-0.0017976462841033936,0.6080238060094416
encoder.layers.9.self_attn.v_proj,768,mnist,stanford-cars,8,35,coupling,34,0.5498303771018982,0.5421826243400574,0.010416666666666666,0.01066465505088369,0.012121929709489146,0.5394137104352316,0.5391657220510145,0.5300606946305683,-0.0017976462841033936,0.5409633683351179
encoder.layers.9.self_attn.v_proj,768,mnist,sun397,8,35,coupling,34,0.590874969959259,0.5922894477844238,0.010416666666666666,0.010206554201431572,0.01233286348481973,0.5804583032925924,0.5806684157578275,0.5799565842996041,-0.0017976462841033936,0.5824660620419309
encoder.layers.9.self_attn.v_proj,768,mnist,svhn,8,35,coupling,34,0.7506327033042908,0.7542513608932495,0.010416666666666666,0.01028577812636892,0.01154450629837811,0.7402160366376241,0.7403469251779219,0.7427068545948714,-0.0017976462841033936,0.7421445714620253
encoder.layers.9.self_attn.v_proj,768,resisc45,stanford-cars,8,35,coupling,34,0.4804457128047943,0.4744108319282532,0.010416666666666666,0.010947068454697728,0.014146712763855854,0.4700290461381276,0.4694986443500966,0.4602641191643973,-0.0017976462841033936,0.4712962906342
encoder.layers.9.self_attn.v_proj,768,resisc45,sun397,8,35,coupling,34,0.5705046653747559,0.5680526494979858,0.010416666666666666,0.011047398904338479,0.013891238486394286,0.5600879987080892,0.5594572664704174,0.5541614110115916,-0.0017976462841033936,0.5612549127545208
encoder.layers.9.self_attn.v_proj,768,resisc45,svhn,8,35,coupling,34,0.5554976463317871,0.5564366579055786,0.010416666666666666,0.010933757953656217,0.012964105854431788,0.5450809796651205,0.5445638883781309,0.5434725520511469,-0.0017976462841033936,0.5463615346622342
encoder.layers.9.self_attn.v_proj,768,stanford-cars,sun397,8,35,coupling,34,0.6020470857620239,0.603094220161438,0.010416666666666666,0.010613885940983891,0.013089635021363696,0.5916304190953573,0.59143319982104,0.5900045851400743,-0.0017976462841033936,0.5932308461051434
encoder.layers.9.self_attn.v_proj,768,stanford-cars,svhn,8,35,coupling,34,0.5440462231636047,0.5468063354492188,0.010416666666666666,0.010457887508285543,0.012017470241213838,0.5336295564969381,0.5335883356553192,0.534788865208005,-0.0017976462841033936,0.5353859819394226
encoder.layers.9.self_attn.v_proj,768,sun397,svhn,8,35,coupling,34,0.5972795486450195,0.5965676307678223,0.010416666666666666,0.011070525390096009,0.012814606539905071,0.5868628819783529,0.5862090232549235,0.5837530242279172,-0.0017976462841033936,0.5880066695390269
