module,d_in,a,b,k,m,null_kind,n_blocks,raw,cond,null_iso,null_act_raw,null_act_cond,excess_over_iso,excess_raw,excess_cond,h0_excess,excess_raw_corrected
encoder.layers.0.self_attn.q_proj,768,dtd,eurosat,8,18,lora,24,0.6505789160728455,0.6512371301651001,0.010416666666666666,0.520329313352704,0.5214047282934189,0.6401622494061788,0.1302496027201414,0.1298324018716812,0.0,0.1302496027201414
encoder.layers.0.self_attn.q_proj,768,dtd,gtsrb,8,18,lora,24,0.6959546208381653,0.6993286609649658,0.010416666666666666,0.5027017127722502,0.5031107887625694,0.6855379541714987,0.1932529080659151,0.1962178722023964,0.0,0.1932529080659151
encoder.layers.0.self_attn.q_proj,768,dtd,mnist,8,18,lora,24,0.6788041591644287,0.681914210319519,0.010416666666666666,0.5064771715551615,0.5063866022974253,0.6683874924977621,0.17232698760926723,0.17552760802209377,0.0,0.17232698760926723
encoder.layers.0.self_attn.q_proj,768,dtd,resisc45,8,18,lora,24,0.6960009336471558,0.6938379406929016,0.010416666666666666,0.5223574433475733,0.5223154649138451,0.6855842669804891,0.17364349029958248,0.17152247577905655,0.0,0.17364349029958248
encoder.layers.0.self_attn.q_proj,768,dtd,stanford-cars,8,18,lora,24,0.7163998484611511,0.7182954549789429,0.010416666666666666,0.5045188385993242,0.5029795486479998,0.7059831817944845,0.2118810098618269,0.2153159063309431,0.0,0.2118810098618269
encoder.layers.0.self_attn.q_proj,768,dtd,sun397,8,18,lora,24,0.669385552406311,0.6697920560836792,0.010416666666666666,0.49092188850045204,0.4922632873058319,0.6589688857396444,0.178463663905859,0.1775287687778473,0.0,0.178463663905859
encoder.layers.0.self_attn.q_proj,768,dtd,svhn,8,18,lora,24,0.6403217315673828,0.6414437890052795,0.010416666666666666,0.4984642993658781,0.4989145342260599,0.6299050649007162,0.1418574322015047,0.14252925477921963,0.0,0.1418574322015047
encoder.layers.0.self_attn.q_proj,768,eurosat,gtsrb,8,18,lora,24,0.7172874212265015,0.7203168869018555,0.010416666666666666,0.5114802438765764,0.5115875229239464,0.7068707545598348,0.20580717734992504,0.2087293639779091,0.0,0.20580717734992504
encoder.layers.0.self_attn.q_proj,768,eurosat,mnist,8,18,lora,24,0.6899571418762207,0.6911895275115967,0.010416666666666666,0.5138880386948586,0.5144616682082415,0.6795404752095541,0.17606910318136215,0.17672785930335522,0.0,0.17606910318136215
encoder.layers.0.self_attn.q_proj,768,eurosat,resisc45,8,18,lora,24,0.6439470648765564,0.6435964703559875,0.010416666666666666,0.511120367795229,0.511429913341999,0.6335303982098898,0.13282669708132744,0.1321665570139885,0.0,0.13282669708132744
encoder.layers.0.self_attn.q_proj,768,eurosat,stanford-cars,8,18,lora,24,0.6345300674438477,0.6385817527770996,0.010416666666666666,0.4972295928746462,0.4987714011222124,0.624113400777181,0.13730047456920147,0.1398103516548872,0.0,0.13730047456920147
encoder.layers.0.self_attn.q_proj,768,eurosat,sun397,8,18,lora,24,0.6531703472137451,0.6512414216995239,0.010416666666666666,0.4990605004131794,0.4999045468866825,0.6427536805470785,0.15410984680056572,0.15133687481284142,0.0,0.15410984680056572
encoder.layers.0.self_attn.q_proj,768,eurosat,svhn,8,18,lora,24,0.7203212976455688,0.7201100587844849,0.010416666666666666,0.5103015284985304,0.5109138153493404,0.7099046309789022,0.21001976914703846,0.20919624343514442,0.0,0.21001976914703846
encoder.layers.0.self_attn.q_proj,768,gtsrb,mnist,8,18,lora,24,0.7582260966300964,0.7593114376068115,0.010416666666666666,0.5057624224573374,0.5057294964790344,0.7478094299634298,0.25246367417275906,0.2535819411277771,0.0,0.25246367417275906
encoder.layers.0.self_attn.q_proj,768,gtsrb,resisc45,8,18,lora,24,0.6451563239097595,0.6461153030395508,0.010416666666666666,0.49906058609485626,0.4985638000071049,0.6347396572430929,0.14609573781490326,0.1475515030324459,0.0,0.14609573781490326
encoder.layers.0.self_attn.q_proj,768,gtsrb,stanford-cars,8,18,lora,24,0.7060962319374084,0.709700882434845,0.010416666666666666,0.49984239786863327,0.5000348016619682,0.6956795652707418,0.20625383406877518,0.20966608077287674,0.0,0.20625383406877518
encoder.layers.0.self_attn.q_proj,768,gtsrb,sun397,8,18,lora,24,0.6303057670593262,0.6324228048324585,0.010416666666666666,0.4911126382648945,0.4906723704189062,0.6198891003926595,0.1391931287944317,0.14175043441355228,0.0,0.1391931287944317
encoder.layers.0.self_attn.q_proj,768,gtsrb,svhn,8,18,lora,24,0.780144214630127,0.7789895534515381,0.010416666666666666,0.5119664333760738,0.5112608019262552,0.7697275479634603,0.2681777812540531,0.26772875152528286,0.0,0.2681777812540531
encoder.layers.0.self_attn.q_proj,768,mnist,resisc45,8,18,lora,24,0.6550922393798828,0.6546800136566162,0.010416666666666666,0.5133311543613672,0.513149231672287,0.6446755727132162,0.1417610850185156,0.14153078198432922,0.0,0.1417610850185156
encoder.layers.0.self_attn.q_proj,768,mnist,stanford-cars,8,18,lora,24,0.6154425740242004,0.6163555383682251,0.010416666666666666,0.5125746037811041,0.514286607503891,0.6050259073575338,0.10286797024309635,0.1020689308643341,0.0,0.10286797024309635
encoder.layers.0.self_attn.q_proj,768,mnist,sun397,8,18,lora,24,0.6333553791046143,0.6351979970932007,0.010416666666666666,0.5119424872100353,0.5124600101262331,0.6229387124379476,0.12141289189457893,0.12273798696696758,0.0,0.12141289189457893
encoder.layers.0.self_attn.q_proj,768,mnist,svhn,8,18,lora,24,0.7064230442047119,0.7069411873817444,0.010416666666666666,0.5083418432623148,0.5110545866191387,0.6960063775380453,0.19808120094239712,0.19588660076260567,0.0,0.19808120094239712
encoder.layers.0.self_attn.q_proj,768,resisc45,stanford-cars,8,18,lora,24,0.64764004945755,0.6471619009971619,0.010416666666666666,0.5131576173007488,0.5128143392503262,0.6372233827908834,0.13448243215680122,0.1343475617468357,0.0,0.13448243215680122
encoder.layers.0.self_attn.q_proj,768,resisc45,sun397,8,18,lora,24,0.7252742052078247,0.7255719304084778,0.010416666666666666,0.5119573380798101,0.5128124747425318,0.7148575385411581,0.21331686712801456,0.212759455665946,0.0,0.21331686712801456
encoder.layers.0.self_attn.q_proj,768,resisc45,svhn,8,18,lora,24,0.6488186717033386,0.6495200395584106,0.010416666666666666,0.4970517233014107,0.49737573973834515,0.638402005036672,0.15176694840192795,0.1521442998200655,0.0,0.15176694840192795
encoder.layers.0.self_attn.q_proj,768,stanford-cars,sun397,8,18,lora,24,0.6335764527320862,0.6390418410301208,0.010416666666666666,0.5125036835670471,0.5126035548746586,0.6231597860654196,0.12107276916503906,0.12643828615546227,0.0,0.12107276916503906
encoder.layers.0.self_attn.q_proj,768,stanford-cars,svhn,8,18,lora,24,0.6426264047622681,0.6458027362823486,0.010416666666666666,0.4916301593184471,0.4898572117090225,0.6322097380956014,0.15099624544382095,0.1559455245733261,0.0,0.15099624544382095
encoder.layers.0.self_attn.q_proj,768,sun397,svhn,8,18,lora,24,0.5995428562164307,0.5989588499069214,0.010416666666666666,0.5037265215069056,0.5043312627822161,0.589126189549764,0.09581633470952511,0.09462758712470531,0.0,0.09581633470952511
encoder.layers.0.self_attn.v_proj,768,dtd,eurosat,8,18,lora,24,0.7303366661071777,0.7376425862312317,0.010416666666666666,0.49486646987497807,0.4964427724480629,0.7199199994405111,0.23547019623219967,0.2411998137831688,0.0,0.23547019623219967
encoder.layers.0.self_attn.v_proj,768,dtd,gtsrb,8,18,lora,24,0.6834592223167419,0.683724582195282,0.010416666666666666,0.4867210127413273,0.4869498647749424,0.6730425556500753,0.19673820957541466,0.19677471742033958,0.0,0.19673820957541466
encoder.layers.0.self_attn.v_proj,768,dtd,mnist,8,18,lora,24,0.7072743773460388,0.7098329663276672,0.010416666666666666,0.49622638523578644,0.4958409294486046,0.6968577106793722,0.21104799211025238,0.21399203687906265,0.0,0.21104799211025238
encoder.layers.0.self_attn.v_proj,768,dtd,resisc45,8,18,lora,24,0.8917417526245117,0.8945640921592712,0.010416666666666666,0.4736195020377636,0.47370336204767227,0.8813250859578451,0.4181222505867481,0.42086073011159897,0.0,0.4181222505867481
encoder.layers.0.self_attn.v_proj,768,dtd,stanford-cars,8,18,lora,24,0.8212538361549377,0.8222370743751526,0.010416666666666666,0.488879956305027,0.4889167547225952,0.8108371694882711,0.33237387984991074,0.3333203196525574,0.0,0.33237387984991074
encoder.layers.0.self_attn.v_proj,768,dtd,sun397,8,18,lora,24,0.8376784920692444,0.8361823558807373,0.010416666666666666,0.48929774947464466,0.4884091094136238,0.8272618254025778,0.3483807425945997,0.3477732464671135,0.0,0.3483807425945997
encoder.layers.0.self_attn.v_proj,768,dtd,svhn,8,18,lora,24,0.700465738773346,0.6994491815567017,0.010416666666666666,0.49051992408931255,0.4913732036948204,0.6900490721066793,0.2099458146840334,0.20807597786188126,0.0,0.2099458146840334
encoder.layers.0.self_attn.v_proj,768,eurosat,gtsrb,8,18,lora,24,0.613587498664856,0.6128893494606018,0.010416666666666666,0.5044267121702433,0.5045488234609365,0.6031708319981893,0.1091607864946127,0.10834052599966526,0.0,0.1091607864946127
encoder.layers.0.self_attn.v_proj,768,eurosat,mnist,8,18,lora,24,0.6477565169334412,0.6482340097427368,0.010416666666666666,0.48828460462391376,0.48766231164336205,0.6373398502667745,0.1594719123095274,0.16057169809937477,0.0,0.1594719123095274
encoder.layers.0.self_attn.v_proj,768,eurosat,resisc45,8,18,lora,24,0.7649762034416199,0.7692892551422119,0.010416666666666666,0.4996940400451422,0.5005398336797953,0.7545595367749532,0.2652821633964777,0.26874942146241665,0.0,0.2652821633964777
encoder.layers.0.self_attn.v_proj,768,eurosat,stanford-cars,8,18,lora,24,0.7171012163162231,0.7184289693832397,0.010416666666666666,0.5049369223415852,0.505586726590991,0.7066845496495565,0.21216429397463799,0.21284224279224873,0.0,0.21216429397463799
encoder.layers.0.self_attn.v_proj,768,eurosat,sun397,8,18,lora,24,0.7805084586143494,0.7824147939682007,0.010416666666666666,0.5077958554029465,0.5079842247068882,0.7700917919476827,0.2727126032114029,0.2744305692613125,0.0,0.2727126032114029
encoder.layers.0.self_attn.v_proj,768,eurosat,svhn,8,18,lora,24,0.7170013189315796,0.718540608882904,0.010416666666666666,0.49822427704930305,0.49809947796165943,0.706584652264913,0.21877704188227654,0.22044113092124462,0.0,0.21877704188227654
encoder.layers.0.self_attn.v_proj,768,gtsrb,mnist,8,18,lora,24,0.7673395872116089,0.7666521668434143,0.010416666666666666,0.4843545984476805,0.4842818435281515,0.7569229205449423,0.2829849887639284,0.2823703233152628,0.0,0.2829849887639284
encoder.layers.0.self_attn.v_proj,768,gtsrb,resisc45,8,18,lora,24,0.7103004455566406,0.7100831270217896,0.010416666666666666,0.5152051895856857,0.5143848974257708,0.699883778889974,0.1950952559709549,0.1956982295960188,0.0,0.1950952559709549
encoder.layers.0.self_attn.v_proj,768,gtsrb,stanford-cars,8,18,lora,24,0.7223628759384155,0.7237080335617065,0.010416666666666666,0.4867775719612837,0.48494280874729156,0.7119462092717489,0.23558530397713184,0.23876522481441498,0.0,0.23558530397713184
encoder.layers.0.self_attn.v_proj,768,gtsrb,sun397,8,18,lora,24,0.7095894813537598,0.7082576155662537,0.010416666666666666,0.48839748091995716,0.48782969266176224,0.6991728146870931,0.2211920004338026,0.22042792290449142,0.0,0.2211920004338026
encoder.layers.0.self_attn.v_proj,768,gtsrb,svhn,8,18,lora,24,0.6702628135681152,0.6675119400024414,0.010416666666666666,0.49393956176936626,0.4928033761680126,0.6598461469014486,0.17632325179874897,0.1747085638344288,0.0,0.17632325179874897
encoder.layers.0.self_attn.v_proj,768,mnist,resisc45,8,18,lora,24,0.776347279548645,0.7766658663749695,0.010416666666666666,0.49584624730050564,0.4959808010607958,0.7659306128819784,0.2805010322481394,0.2806850653141737,0.0,0.2805010322481394
encoder.layers.0.self_attn.v_proj,768,mnist,stanford-cars,8,18,lora,24,0.7318909168243408,0.7336831092834473,0.010416666666666666,0.4967490900307894,0.4975951090455055,0.7214742501576742,0.23514182679355145,0.23608800023794174,0.0,0.23514182679355145
encoder.layers.0.self_attn.v_proj,768,mnist,sun397,8,18,lora,24,0.7521092891693115,0.7561113834381104,0.010416666666666666,0.47745196148753166,0.4768422059714794,0.7416926225026449,0.27465732768177986,0.27926917746663094,0.0,0.27465732768177986
encoder.layers.0.self_attn.v_proj,768,mnist,svhn,8,18,lora,24,0.6659723520278931,0.6669823527336121,0.010416666666666666,0.4805511273443699,0.4805467613041401,0.6555556853612264,0.18542122468352318,0.18643559142947197,0.0,0.18542122468352318
encoder.layers.0.self_attn.v_proj,768,resisc45,stanford-cars,8,18,lora,24,0.8244787454605103,0.8264106512069702,0.010416666666666666,0.48705819621682167,0.48682117834687233,0.8140620787938436,0.3374205492436886,0.3395894728600979,0.0,0.3374205492436886
encoder.layers.0.self_attn.v_proj,768,resisc45,sun397,8,18,lora,24,0.8427913188934326,0.8466857075691223,0.010416666666666666,0.48618996143341064,0.4870196171104908,0.832374652226766,0.356601357460022,0.3596660904586315,0.0,0.356601357460022
encoder.layers.0.self_attn.v_proj,768,resisc45,svhn,8,18,lora,24,0.7240602970123291,0.7229765057563782,0.010416666666666666,0.48808897100389004,0.48823028057813644,0.7136436303456625,0.23597132600843906,0.23474622517824173,0.0,0.23597132600843906
encoder.layers.0.self_attn.v_proj,768,stanford-cars,sun397,8,18,lora,24,0.9170786738395691,0.9167101979255676,0.010416666666666666,0.5093953236937523,0.5105232279747725,0.9066620071729025,0.4076833501458168,0.4061869699507952,0.0,0.4076833501458168
encoder.layers.0.self_attn.v_proj,768,stanford-cars,svhn,8,18,lora,24,0.6755786538124084,0.6743312478065491,0.010416666666666666,0.4838811978697777,0.4835843946784735,0.6651619871457418,0.19169745594263077,0.1907468531280756,0.0,0.19169745594263077
encoder.layers.0.self_attn.v_proj,768,sun397,svhn,8,18,lora,24,0.719781219959259,0.7191884517669678,0.010416666666666666,0.49470960162580013,0.4948605578392744,0.7093645532925924,0.2250716183334589,0.22432789392769337,0.0,0.2250716183334589
encoder.layers.1.self_attn.q_proj,768,dtd,eurosat,8,26,lora,29,0.6324468851089478,0.6284265518188477,0.010416666666666666,0.5094519015401602,0.5070082880556583,0.6220302184422811,0.12299498356878757,0.12141826376318932,0.0,0.12299498356878757
encoder.layers.1.self_attn.q_proj,768,dtd,gtsrb,8,26,lora,29,0.6345373392105103,0.6225303411483765,0.010416666666666666,0.49988209269940853,0.4961206763982773,0.6241206725438436,0.13465524651110172,0.12640966475009918,0.0,0.13465524651110172
encoder.layers.1.self_attn.q_proj,768,dtd,mnist,8,26,lora,29,0.7082240581512451,0.696567714214325,0.010416666666666666,0.49714480713009834,0.49622499011456966,0.6978073914845785,0.21107925102114677,0.2003427240997553,0.0,0.21107925102114677
encoder.layers.1.self_attn.q_proj,768,dtd,resisc45,8,26,lora,29,0.6955643892288208,0.688973069190979,0.010416666666666666,0.503663869574666,0.5025182962417603,0.6851477225621542,0.19190051965415478,0.18645477294921875,0.0,0.19190051965415478
encoder.layers.1.self_attn.q_proj,768,dtd,stanford-cars,8,26,lora,29,0.6256939768791199,0.6133009195327759,0.010416666666666666,0.5062300190329552,0.5030552297830582,0.6152773102124532,0.1194639578461647,0.11024568974971771,0.0,0.1194639578461647
encoder.layers.1.self_attn.q_proj,768,dtd,sun397,8,26,lora,29,0.7003722190856934,0.6848046183586121,0.010416666666666666,0.5246615801006556,0.5206898022443056,0.6899555524190267,0.1757106389850378,0.16411481611430645,0.0,0.1757106389850378
encoder.layers.1.self_attn.q_proj,768,dtd,svhn,8,26,lora,29,0.6393150687217712,0.6277880072593689,0.010416666666666666,0.5034930985420942,0.5014981776475906,0.6288984020551046,0.135821970179677,0.12628982961177826,0.0,0.135821970179677
encoder.layers.1.self_attn.q_proj,768,eurosat,gtsrb,8,26,lora,29,0.6977318525314331,0.6937743425369263,0.010416666666666666,0.5169842522591352,0.5148875713348389,0.6873151858647665,0.18074760027229786,0.1788867712020874,0.0,0.18074760027229786
encoder.layers.1.self_attn.q_proj,768,eurosat,mnist,8,26,lora,29,0.6853779554367065,0.6840544939041138,0.010416666666666666,0.5202345196157694,0.5173436179757118,0.6749612887700399,0.16514343582093716,0.16671087592840195,0.0,0.16514343582093716
encoder.layers.1.self_attn.q_proj,768,eurosat,resisc45,8,26,lora,29,0.654071569442749,0.6519268751144409,0.010416666666666666,0.4992435686290264,0.4987278189510107,0.6436549027760824,0.1548280008137226,0.15319905616343021,0.0,0.1548280008137226
encoder.layers.1.self_attn.q_proj,768,eurosat,stanford-cars,8,26,lora,29,0.634853720664978,0.6369165778160095,0.010416666666666666,0.48589676432311535,0.4878456834703684,0.6244370539983114,0.14895695634186268,0.14907089434564114,0.0,0.14895695634186268
encoder.layers.1.self_attn.q_proj,768,eurosat,sun397,8,26,lora,29,0.562099814414978,0.5597456693649292,0.010416666666666666,0.5284190643578768,0.5229064337909222,0.5516831477483114,0.03368075005710125,0.036839235574007034,0.0,0.03368075005710125
encoder.layers.1.self_attn.q_proj,768,eurosat,svhn,8,26,lora,29,0.7089369297027588,0.7041934132575989,0.010416666666666666,0.49778273329138756,0.49366025999188423,0.6985202630360922,0.21115419641137123,0.21053315326571465,0.0,0.21115419641137123
encoder.layers.1.self_attn.q_proj,768,gtsrb,mnist,8,26,lora,29,0.7305041551589966,0.7296915054321289,0.010416666666666666,0.48465135879814625,0.4826004132628441,0.72008748849233,0.24585279636085033,0.24709109216928482,0.0,0.24585279636085033
encoder.layers.1.self_attn.q_proj,768,gtsrb,resisc45,8,26,lora,29,0.6798543930053711,0.6724956035614014,0.010416666666666666,0.5094155594706535,0.5079675167798996,0.6694377263387045,0.17043883353471756,0.16452808678150177,0.0,0.17043883353471756
encoder.layers.1.self_attn.q_proj,768,gtsrb,stanford-cars,8,26,lora,29,0.6630798578262329,0.66717928647995,0.010416666666666666,0.5036004930734634,0.5028341729193926,0.6526631911595663,0.15947936475276947,0.16434511356055737,0.0,0.15947936475276947
encoder.layers.1.self_attn.q_proj,768,gtsrb,sun397,8,26,lora,29,0.6252138614654541,0.6222941279411316,0.010416666666666666,0.5160741023719311,0.5153124332427979,0.6147971947987875,0.10913975909352303,0.10698169469833374,0.0,0.10913975909352303
encoder.layers.1.self_attn.q_proj,768,gtsrb,svhn,8,26,lora,29,0.6909462809562683,0.6850450038909912,0.010416666666666666,0.5041180942207575,0.5031554382294416,0.6805296142896017,0.18682818673551083,0.18188956566154957,0.0,0.18682818673551083
encoder.layers.1.self_attn.q_proj,768,mnist,resisc45,8,26,lora,29,0.6858346462249756,0.6821631193161011,0.010416666666666666,0.5047091636806726,0.5035352054983377,0.675417979558309,0.18112548254430294,0.17862791381776333,0.0,0.18112548254430294
encoder.layers.1.self_attn.q_proj,768,mnist,stanford-cars,8,26,lora,29,0.6226333379745483,0.6167938113212585,0.010416666666666666,0.5098009593784809,0.5091216173022985,0.6122166713078817,0.11283237859606743,0.10767219401896,0.0,0.11283237859606743
encoder.layers.1.self_attn.q_proj,768,mnist,sun397,8,26,lora,29,0.7028977274894714,0.6975467205047607,0.010416666666666666,0.5178945176303387,0.5161454360932112,0.6924810608228048,0.18500320985913277,0.18140128441154957,0.0,0.18500320985913277
encoder.layers.1.self_attn.q_proj,768,mnist,svhn,8,26,lora,29,0.659271240234375,0.6538934111595154,0.010416666666666666,0.5022924207150936,0.5005749426782131,0.6488545735677084,0.1569788195192814,0.15331846848130226,0.0,0.1569788195192814
encoder.layers.1.self_attn.q_proj,768,resisc45,stanford-cars,8,26,lora,29,0.6988914012908936,0.6946181654930115,0.010416666666666666,0.5054152477532625,0.5080361478030682,0.6884747346242269,0.19347615353763103,0.1865820176899433,0.0,0.19347615353763103
encoder.layers.1.self_attn.q_proj,768,resisc45,sun397,8,26,lora,29,0.7140602469444275,0.7083113789558411,0.010416666666666666,0.519869077950716,0.5143907777965069,0.7036435802777609,0.19419116899371147,0.19392060115933418,0.0,0.19419116899371147
encoder.layers.1.self_attn.q_proj,768,resisc45,svhn,8,26,lora,29,0.6453708410263062,0.6346774101257324,0.010416666666666666,0.48068893142044544,0.479125639423728,0.6349541743596395,0.1646819096058607,0.15555177070200443,0.0,0.1646819096058607
encoder.layers.1.self_attn.q_proj,768,stanford-cars,sun397,8,26,lora,29,0.7285332083702087,0.7203159332275391,0.010416666666666666,0.5198084227740765,0.5225459560751915,0.7181165417035421,0.20872478559613228,0.19776997715234756,0.0,0.20872478559613228
encoder.layers.1.self_attn.q_proj,768,stanford-cars,svhn,8,26,lora,29,0.6418812870979309,0.6290252208709717,0.010416666666666666,0.4967420008033514,0.49296507239341736,0.6314646204312643,0.1451392862945795,0.13606014847755432,0.0,0.1451392862945795
encoder.layers.1.self_attn.q_proj,768,sun397,svhn,8,26,lora,29,0.6287251114845276,0.6196147799491882,0.010416666666666666,0.5016378406435251,0.49754416942596436,0.618308444817861,0.12708727084100246,0.12207061052322388,0.0,0.12708727084100246
encoder.layers.1.self_attn.v_proj,768,dtd,eurosat,8,26,lora,29,0.6052244901657104,0.5953611135482788,0.010416666666666666,0.48613846115767956,0.48232767544686794,0.5948078234990438,0.11908602900803089,0.11303343810141087,0.0,0.11908602900803089
encoder.layers.1.self_attn.v_proj,768,dtd,gtsrb,8,26,lora,29,0.6680346727371216,0.6587058901786804,0.010416666666666666,0.49117516353726387,0.4891301691532135,0.657618006070455,0.1768595091998577,0.16957572102546692,0.0,0.1768595091998577
encoder.layers.1.self_attn.v_proj,768,dtd,mnist,8,26,lora,29,0.6063793897628784,0.6018776893615723,0.010416666666666666,0.4715739767998457,0.47131112962961197,0.5959627230962118,0.13480541296303272,0.1305665597319603,0.0,0.13480541296303272
encoder.layers.1.self_attn.v_proj,768,dtd,resisc45,8,26,lora,29,0.7812373042106628,0.7792340517044067,0.010416666666666666,0.49497720785439014,0.4948463886976242,0.7708206375439962,0.2862600963562727,0.28438766300678253,0.0,0.2862600963562727
encoder.layers.1.self_attn.v_proj,768,dtd,stanford-cars,8,26,lora,29,0.7806417942047119,0.7937631607055664,0.010416666666666666,0.4965093117207289,0.496019572019577,0.7702251275380453,0.28413248248398304,0.2977435886859894,0.0,0.28413248248398304
encoder.layers.1.self_attn.v_proj,768,dtd,sun397,8,26,lora,29,0.8570364713668823,0.8593310713768005,0.010416666666666666,0.49219766445457935,0.49112917855381966,0.8466198047002157,0.36483880691230297,0.3682018928229809,0.0,0.36483880691230297
encoder.layers.1.self_attn.v_proj,768,dtd,svhn,8,26,lora,29,0.609387993812561,0.6045690774917603,0.010416666666666666,0.4900795388966799,0.4880730416625738,0.5989713271458944,0.11930845491588116,0.11649603582918644,0.0,0.11930845491588116
encoder.layers.1.self_attn.v_proj,768,eurosat,gtsrb,8,26,lora,29,0.626288890838623,0.6303422451019287,0.010416666666666666,0.4861883968114853,0.4833084177225828,0.6158722241719564,0.14010049402713776,0.1470338273793459,0.0,0.14010049402713776
encoder.layers.1.self_attn.v_proj,768,eurosat,mnist,8,26,lora,29,0.5919293165206909,0.5916709303855896,0.010416666666666666,0.4923047199845314,0.4909858964383602,0.5815126498540243,0.09962459653615952,0.10068503394722939,0.0,0.09962459653615952
encoder.layers.1.self_attn.v_proj,768,eurosat,resisc45,8,26,lora,29,0.7051072120666504,0.6992207169532776,0.010416666666666666,0.5010765846818686,0.5001694373786449,0.6946905453999838,0.20403062738478184,0.19905127957463264,0.0,0.20403062738478184
encoder.layers.1.self_attn.v_proj,768,eurosat,stanford-cars,8,26,lora,29,0.6148785352706909,0.6089730858802795,0.010416666666666666,0.4986482821404934,0.4976856391876936,0.6044618686040243,0.11623025313019753,0.11128744669258595,0.0,0.11623025313019753
encoder.layers.1.self_attn.v_proj,768,eurosat,sun397,8,26,lora,29,0.6250513195991516,0.6216049194335938,0.010416666666666666,0.5039537083357573,0.5011755544692278,0.614634652932485,0.12109761126339436,0.12042936496436596,0.0,0.12109761126339436
encoder.layers.1.self_attn.v_proj,768,eurosat,svhn,8,26,lora,29,0.6960941553115845,0.695741593837738,0.010416666666666666,0.5137512218207121,0.5124939493834972,0.6856774886449178,0.18234293349087238,0.1832476444542408,0.0,0.18234293349087238
encoder.layers.1.self_attn.v_proj,768,gtsrb,mnist,8,26,lora,29,0.6465471982955933,0.6445639133453369,0.010416666666666666,0.4989688843488693,0.49730601347982883,0.6361305316289266,0.14757831394672394,0.14725789986550808,0.0,0.14757831394672394
encoder.layers.1.self_attn.v_proj,768,gtsrb,resisc45,8,26,lora,29,0.6788163781166077,0.6693388223648071,0.010416666666666666,0.47603644989430904,0.47309306263923645,0.668399711449941,0.20277992822229862,0.19624575972557068,0.0,0.20277992822229862
encoder.layers.1.self_attn.v_proj,768,gtsrb,stanford-cars,8,26,lora,29,0.7036001682281494,0.6877602934837341,0.010416666666666666,0.4930282700806856,0.49031184054911137,0.6931835015614828,0.2105718981474638,0.19744845293462276,0.0,0.2105718981474638
encoder.layers.1.self_attn.v_proj,768,gtsrb,sun397,8,26,lora,29,0.704337477684021,0.697187066078186,0.010416666666666666,0.4893333110958338,0.4851156007498503,0.6939208110173544,0.21500416658818722,0.21207146532833576,0.0,0.21500416658818722
encoder.layers.1.self_attn.v_proj,768,gtsrb,svhn,8,26,lora,29,0.7471139430999756,0.744820773601532,0.010416666666666666,0.47224074229598045,0.4701754320412874,0.736697276433309,0.27487320080399513,0.27464534156024456,0.0,0.27487320080399513
encoder.layers.1.self_attn.v_proj,768,mnist,resisc45,8,26,lora,29,0.6463087797164917,0.6423631906509399,0.010416666666666666,0.4796289410442114,0.47459379211068153,0.6358921130498251,0.1666798386722803,0.1677693985402584,0.0,0.1666798386722803
encoder.layers.1.self_attn.v_proj,768,mnist,stanford-cars,8,26,lora,29,0.6118388772010803,0.621458113193512,0.010416666666666666,0.5092448405921459,0.5082767587155104,0.6014222105344137,0.1025940366089344,0.1131813544780016,0.0,0.1025940366089344
encoder.layers.1.self_attn.v_proj,768,mnist,sun397,8,26,lora,29,0.6725460886955261,0.667315661907196,0.010416666666666666,0.49099580757319927,0.4901935923844576,0.6621294220288595,0.18155028112232685,0.17712206952273846,0.0,0.18155028112232685
encoder.layers.1.self_attn.v_proj,768,mnist,svhn,8,26,lora,29,0.6055556535720825,0.6075321435928345,0.010416666666666666,0.47174770571291447,0.46964694932103157,0.5951389869054159,0.13380794785916805,0.1378851942718029,0.0,0.13380794785916805
encoder.layers.1.self_attn.v_proj,768,resisc45,stanford-cars,8,26,lora,29,0.764376699924469,0.7522268295288086,0.010416666666666666,0.4901913721114397,0.48743841238319874,0.7539600332578024,0.2741853278130293,0.26478841714560986,0.0,0.2741853278130293
encoder.layers.1.self_attn.v_proj,768,resisc45,sun397,8,26,lora,29,0.7849097847938538,0.7811672687530518,0.010416666666666666,0.5300934258848429,0.5292475335299969,0.7744931181271871,0.2548163589090109,0.2519197352230549,0.0,0.2548163589090109
encoder.layers.1.self_attn.v_proj,768,resisc45,svhn,8,26,lora,29,0.6412912011146545,0.6370856165885925,0.010416666666666666,0.475951025262475,0.4733508862555027,0.6308745344479879,0.16534017585217953,0.16373473033308983,0.0,0.16534017585217953
encoder.layers.1.self_attn.v_proj,768,stanford-cars,sun397,8,26,lora,29,0.8725764751434326,0.8899895548820496,0.010416666666666666,0.5053945500403643,0.5050652306526899,0.862159808476766,0.36718192510306835,0.3849243242293596,0.0,0.36718192510306835
encoder.layers.1.self_attn.v_proj,768,stanford-cars,svhn,8,26,lora,29,0.6439332962036133,0.6407642960548401,0.010416666666666666,0.48347873985767365,0.4838667679578066,0.6335166295369467,0.16045455634593964,0.1568975280970335,0.0,0.16045455634593964
encoder.layers.1.self_attn.v_proj,768,sun397,svhn,8,26,lora,29,0.652299165725708,0.6530654430389404,0.010416666666666666,0.4642453119158745,0.46343157440423965,0.6418824990590414,0.18805385380983353,0.18963386863470078,0.0,0.18805385380983353
encoder.layers.10.self_attn.q_proj,768,dtd,eurosat,8,18,lora,32,0.5464981198310852,0.5531033277511597,0.010416666666666666,0.47438639402389526,0.4732379335910082,0.5360814531644186,0.07211172580718994,0.07986539416015148,0.0,0.07211172580718994
encoder.layers.10.self_attn.q_proj,768,dtd,gtsrb,8,18,lora,32,0.5275433659553528,0.5170021057128906,0.010416666666666666,0.47840544395148754,0.4762628097087145,0.5171266992886862,0.04913792200386524,0.04073929600417614,0.0,0.04913792200386524
encoder.layers.10.self_attn.q_proj,768,dtd,mnist,8,18,lora,32,0.522499680519104,0.5202195644378662,0.010416666666666666,0.47013653069734573,0.46786936186254025,0.5120830138524374,0.05236314982175827,0.052350202575325966,0.0,0.05236314982175827
encoder.layers.10.self_attn.q_proj,768,dtd,resisc45,8,18,lora,32,0.5274379849433899,0.5332357287406921,0.010416666666666666,0.4635566174983978,0.46410895697772503,0.5170213182767233,0.06388136744499207,0.06912677176296711,0.0,0.06388136744499207
encoder.layers.10.self_attn.q_proj,768,dtd,stanford-cars,8,18,lora,32,0.557533323764801,0.5603241920471191,0.010416666666666666,0.47257581166923046,0.469678184017539,0.5471166570981344,0.08495751209557056,0.09064600802958012,0.0,0.08495751209557056
encoder.layers.10.self_attn.q_proj,768,dtd,sun397,8,18,lora,32,0.6131372451782227,0.6057481169700623,0.010416666666666666,0.4852808453142643,0.4825687389820814,0.602720578511556,0.12785639986395836,0.12317937798798084,0.0,0.12785639986395836
encoder.layers.10.self_attn.q_proj,768,dtd,svhn,8,18,lora,32,0.5497620701789856,0.5452075600624084,0.010416666666666666,0.4686553552746773,0.4668803736567497,0.539345403512319,0.08110671490430832,0.07832718640565872,0.0,0.08110671490430832
encoder.layers.10.self_attn.q_proj,768,eurosat,gtsrb,8,18,lora,32,0.545907735824585,0.5444846749305725,0.010416666666666666,0.4487432688474655,0.4482142310589552,0.5354910691579183,0.09716446697711945,0.09627044387161732,0.0,0.09716446697711945
encoder.layers.10.self_attn.q_proj,768,eurosat,mnist,8,18,lora,32,0.5159109830856323,0.519084632396698,0.010416666666666666,0.49659628234803677,0.49775303713977337,0.5054943164189657,0.019314700737595558,0.02133159525692463,0.0,0.019314700737595558
encoder.layers.10.self_attn.q_proj,768,eurosat,resisc45,8,18,lora,32,0.6907088756561279,0.6914565563201904,0.010416666666666666,0.48039236292243004,0.48165961541235447,0.6802922089894613,0.2103165127336979,0.20979694090783596,0.0,0.2103165127336979
encoder.layers.10.self_attn.q_proj,768,eurosat,stanford-cars,8,18,lora,32,0.5755947232246399,0.5715475082397461,0.010416666666666666,0.4797682259231806,0.4787480738013983,0.5651780565579733,0.09582649730145931,0.09279943443834782,0.0,0.09582649730145931
encoder.layers.10.self_attn.q_proj,768,eurosat,sun397,8,18,lora,32,0.5784399509429932,0.5821253061294556,0.010416666666666666,0.5029200296849012,0.5010113660246134,0.5680232842763265,0.07551992125809193,0.08111394010484219,0.0,0.07551992125809193
encoder.layers.10.self_attn.q_proj,768,eurosat,svhn,8,18,lora,32,0.5477467775344849,0.5549752116203308,0.010416666666666666,0.478623915463686,0.4765577521175146,0.5373301108678182,0.06912286207079887,0.0784174595028162,0.0,0.06912286207079887
encoder.layers.10.self_attn.q_proj,768,gtsrb,mnist,8,18,lora,32,0.5083543062210083,0.5127951502799988,0.010416666666666666,0.5021680798381567,0.5033927466720343,0.4979376395543416,0.006186226382851601,0.009402403607964516,0.0,0.006186226382851601
encoder.layers.10.self_attn.q_proj,768,gtsrb,resisc45,8,18,lora,32,0.5128649473190308,0.5130593180656433,0.010416666666666666,0.4678238295018673,0.4667401723563671,0.5024482806523641,0.04504111781716347,0.0463191457092762,0.0,0.04504111781716347
encoder.layers.10.self_attn.q_proj,768,gtsrb,stanford-cars,8,18,lora,32,0.5438404083251953,0.5416456460952759,0.010416666666666666,0.5011476874351501,0.5004871636629105,0.5334237416585287,0.042692720890045166,0.04115848243236542,0.0,0.042692720890045166
encoder.layers.10.self_attn.q_proj,768,gtsrb,sun397,8,18,lora,32,0.5366305112838745,0.5341899394989014,0.010416666666666666,0.483313100412488,0.4841336440294981,0.5262138446172079,0.05331741087138653,0.05005629546940327,0.0,0.05331741087138653
encoder.layers.10.self_attn.q_proj,768,gtsrb,svhn,8,18,lora,32,0.5627804398536682,0.5619954466819763,0.010416666666666666,0.5129543915390968,0.5127754602581263,0.5523637731870016,0.04982604831457138,0.04921998642385006,0.0,0.04982604831457138
encoder.layers.10.self_attn.q_proj,768,mnist,resisc45,8,18,lora,32,0.5315119028091431,0.5310303568840027,0.010416666666666666,0.4942952133715153,0.4947776459157467,0.5210952361424764,0.03721668943762779,0.036252710968256,0.0,0.03721668943762779
encoder.layers.10.self_attn.q_proj,768,mnist,stanford-cars,8,18,lora,32,0.5216497182846069,0.5227755308151245,0.010416666666666666,0.4721579533070326,0.4714409187436104,0.5112330516179403,0.04949176497757435,0.05133461207151413,0.0,0.04949176497757435
encoder.layers.10.self_attn.q_proj,768,mnist,sun397,8,18,lora,32,0.5866027474403381,0.5838465690612793,0.010416666666666666,0.4990427605807781,0.4981969129294157,0.5761860807736715,0.08755998685956001,0.0856496561318636,0.0,0.08755998685956001
encoder.layers.10.self_attn.q_proj,768,mnist,svhn,8,18,lora,32,0.638932466506958,0.639135479927063,0.010416666666666666,0.4984402135014534,0.4980901647359133,0.6285157998402914,0.1404922530055046,0.1410453151911497,0.0,0.1404922530055046
encoder.layers.10.self_attn.q_proj,768,resisc45,stanford-cars,8,18,lora,32,0.5306273698806763,0.5312886834144592,0.010416666666666666,0.4767496231943369,0.4740744698792696,0.5202107032140096,0.05387774668633938,0.05721421353518963,0.0,0.05387774668633938
encoder.layers.10.self_attn.q_proj,768,resisc45,sun397,8,18,lora,32,0.5720645189285278,0.579110860824585,0.010416666666666666,0.5056457500904799,0.5062384773045778,0.5616478522618612,0.06641876883804798,0.07287238352000713,0.0,0.06641876883804798
encoder.layers.10.self_attn.q_proj,768,resisc45,svhn,8,18,lora,32,0.4758748412132263,0.4817192256450653,0.010416666666666666,0.4970349185168743,0.49682391062378883,0.46545817454655963,-0.021160077303647995,-0.015104684978723526,0.0,-0.021160077303647995
encoder.layers.10.self_attn.q_proj,768,stanford-cars,sun397,8,18,lora,32,0.5569040179252625,0.5571342706680298,0.010416666666666666,0.48827048763632774,0.491841247305274,0.5464873512585958,0.06863353028893471,0.06529302336275578,0.0,0.06863353028893471
encoder.layers.10.self_attn.q_proj,768,stanford-cars,svhn,8,18,lora,32,0.5789552330970764,0.5773189663887024,0.010416666666666666,0.48713764175772667,0.4865319225937128,0.5685385664304098,0.09181759133934975,0.09078704379498959,0.0,0.09181759133934975
encoder.layers.10.self_attn.q_proj,768,sun397,svhn,8,18,lora,32,0.5805034041404724,0.5734752416610718,0.010416666666666666,0.47823498025536537,0.47766039334237576,0.5700867374738058,0.10226842388510704,0.09581484831869602,0.0,0.10226842388510704
encoder.layers.10.self_attn.v_proj,768,dtd,eurosat,8,18,lora,32,0.5122570991516113,0.5125954151153564,0.010416666666666666,0.46247454173862934,0.45610731840133667,0.5018404324849447,0.04978255741298199,0.056488096714019775,0.0,0.04978255741298199
encoder.layers.10.self_attn.v_proj,768,dtd,gtsrb,8,18,lora,32,0.5102378726005554,0.5015677213668823,0.010416666666666666,0.45763626880943775,0.4550979044288397,0.49982120593388873,0.05260160379111767,0.04646981693804264,0.0,0.05260160379111767
encoder.layers.10.self_attn.v_proj,768,dtd,mnist,8,18,lora,32,0.4695911407470703,0.4667258560657501,0.010416666666666666,0.4586760066449642,0.45538339391350746,0.4591744740804036,0.010915134102106094,0.01134246215224266,0.0,0.010915134102106094
encoder.layers.10.self_attn.v_proj,768,dtd,resisc45,8,18,lora,32,0.5869308710098267,0.5806971788406372,0.010416666666666666,0.4722018726170063,0.4681670777499676,0.57651420434316,0.11472899839282036,0.11253010109066963,0.0,0.11472899839282036
encoder.layers.10.self_attn.v_proj,768,dtd,stanford-cars,8,18,lora,32,0.46153539419174194,0.45184648036956787,0.010416666666666666,0.47783250734210014,0.4725346975028515,0.45111872752507526,-0.0162971131503582,-0.020688217133283615,0.0,-0.0162971131503582
encoder.layers.10.self_attn.v_proj,768,dtd,sun397,8,18,lora,32,0.6305544376373291,0.6271157264709473,0.010416666666666666,0.4844370409846306,0.48110885359346867,0.6201377709706625,0.14611739665269852,0.1460068728774786,0.0,0.14611739665269852
encoder.layers.10.self_attn.v_proj,768,dtd,svhn,8,18,lora,32,0.4714609682559967,0.4616544842720032,0.010416666666666666,0.4771388787776232,0.47484949603676796,0.46104430158933,-0.0056779105216264725,-0.013195011764764786,0.0,-0.0056779105216264725
encoder.layers.10.self_attn.v_proj,768,eurosat,gtsrb,8,18,lora,32,0.5405048131942749,0.536861777305603,0.010416666666666666,0.4465210996568203,0.4481515660881996,0.5300881465276083,0.0939837135374546,0.08871021121740341,0.0,0.0939837135374546
encoder.layers.10.self_attn.v_proj,768,eurosat,mnist,8,18,lora,32,0.5689197182655334,0.566489577293396,0.010416666666666666,0.48928813450038433,0.48525891825556755,0.5585030515988668,0.07963158376514912,0.08123065903782845,0.0,0.07963158376514912
encoder.layers.10.self_attn.v_proj,768,eurosat,resisc45,8,18,lora,32,0.7457942962646484,0.7459560036659241,0.010416666666666666,0.4813008923083544,0.482134947553277,0.7353776295979818,0.26449340395629406,0.26382105611264706,0.0,0.26449340395629406
encoder.layers.10.self_attn.v_proj,768,eurosat,stanford-cars,8,18,lora,32,0.4989280700683594,0.4976559579372406,0.010416666666666666,0.47814352065324783,0.47586771845817566,0.4885114034016927,0.020784549415111542,0.02178823947906494,0.0,0.020784549415111542
encoder.layers.10.self_attn.v_proj,768,eurosat,sun397,8,18,lora,32,0.5871591567993164,0.5895390510559082,0.010416666666666666,0.465980164706707,0.46486084908246994,0.5767424901326498,0.1211789920926094,0.12467820197343826,0.0,0.1211789920926094
encoder.layers.10.self_attn.v_proj,768,eurosat,svhn,8,18,lora,32,0.5589593052864075,0.5551750659942627,0.010416666666666666,0.46601879969239235,0.46378269605338573,0.5485426386197408,0.09294050559401512,0.09139236994087696,0.0,0.09294050559401512
encoder.layers.10.self_attn.v_proj,768,gtsrb,mnist,8,18,lora,32,0.5399489998817444,0.5360202193260193,0.010416666666666666,0.4763636887073517,0.47515692561864853,0.5295323332150778,0.0635853111743927,0.06086329370737076,0.0,0.0635853111743927
encoder.layers.10.self_attn.v_proj,768,gtsrb,resisc45,8,18,lora,32,0.572645902633667,0.5642325282096863,0.010416666666666666,0.4731871075928211,0.47081646136939526,0.5622292359670004,0.09945879504084587,0.09341606684029102,0.0,0.09945879504084587
encoder.layers.10.self_attn.v_proj,768,gtsrb,stanford-cars,8,18,lora,32,0.5815586447715759,0.5811821818351746,0.010416666666666666,0.4617515914142132,0.4608291480690241,0.5711419781049093,0.11980705335736275,0.12035303376615047,0.0,0.11980705335736275
encoder.layers.10.self_attn.v_proj,768,gtsrb,sun397,8,18,lora,32,0.5265554785728455,0.5271804928779602,0.010416666666666666,0.4634215049445629,0.46406132355332375,0.5161388119061788,0.06313397362828255,0.06311916932463646,0.0,0.06313397362828255
encoder.layers.10.self_attn.v_proj,768,gtsrb,svhn,8,18,lora,32,0.6617373824119568,0.6552358269691467,0.010416666666666666,0.474354000762105,0.47324094735085964,0.6513207157452902,0.1873833816498518,0.1819948796182871,0.0,0.1873833816498518
encoder.layers.10.self_attn.v_proj,768,mnist,resisc45,8,18,lora,32,0.5621508955955505,0.5588634014129639,0.010416666666666666,0.4808762762695551,0.4761971812695265,0.5517342289288839,0.08127461932599545,0.08266622014343739,0.0,0.08127461932599545
encoder.layers.10.self_attn.v_proj,768,mnist,stanford-cars,8,18,lora,32,0.5296863317489624,0.521798849105835,0.010416666666666666,0.48676030710339546,0.48394719883799553,0.5192696650822958,0.04292602464556694,0.03785165026783943,0.0,0.04292602464556694
encoder.layers.10.self_attn.v_proj,768,mnist,sun397,8,18,lora,32,0.5524328947067261,0.549842119216919,0.010416666666666666,0.4781764317303896,0.4750586040318012,0.5420162280400594,0.07425646297633648,0.07478351518511772,0.0,0.07425646297633648
encoder.layers.10.self_attn.v_proj,768,mnist,svhn,8,18,lora,32,0.6748022437095642,0.6736384630203247,0.010416666666666666,0.4964189622551203,0.4965264443308115,0.6643855770428976,0.17838328145444393,0.1771120186895132,0.0,0.17838328145444393
encoder.layers.10.self_attn.v_proj,768,resisc45,stanford-cars,8,18,lora,32,0.5204509496688843,0.5111933946609497,0.010416666666666666,0.48117404989898205,0.4790796544402838,0.5100342830022176,0.03927689976990223,0.03211374022066593,0.0,0.03927689976990223
encoder.layers.10.self_attn.v_proj,768,resisc45,sun397,8,18,lora,32,0.6470794677734375,0.6458196043968201,0.010416666666666666,0.4814530424773693,0.48003287240862846,0.6366628011067709,0.1656264252960682,0.1657867319881916,0.0,0.1656264252960682
encoder.layers.10.self_attn.v_proj,768,resisc45,svhn,8,18,lora,32,0.5765769481658936,0.5683428049087524,0.010416666666666666,0.480938458815217,0.4796610400080681,0.5661602814992269,0.09563848935067654,0.08868176490068436,0.0,0.09563848935067654
encoder.layers.10.self_attn.v_proj,768,stanford-cars,sun397,8,18,lora,32,0.5485222339630127,0.5464006662368774,0.010416666666666666,0.4744813423603773,0.4725069887936115,0.5381055672963461,0.07404089160263538,0.07389367744326591,0.0,0.07404089160263538
encoder.layers.10.self_attn.v_proj,768,stanford-cars,svhn,8,18,lora,32,0.5742893815040588,0.5723636150360107,0.010416666666666666,0.4959096107631922,0.49473561719059944,0.5638727148373922,0.07837977074086666,0.0776279978454113,0.0,0.07837977074086666
encoder.layers.10.self_attn.v_proj,768,sun397,svhn,8,18,lora,32,0.5430039763450623,0.5438206791877747,0.010416666666666666,0.4623505063354969,0.46262106485664845,0.5325873096783956,0.08065347000956535,0.08119961433112621,0.0,0.08065347000956535
encoder.layers.11.self_attn.q_proj,768,dtd,eurosat,8,7,lora,31,0.5106416940689087,0.5193952322006226,0.010416666666666666,0.4532758258283138,0.454295014962554,0.5002250274022421,0.057365868240594864,0.06510021723806858,0.0,0.057365868240594864
encoder.layers.11.self_attn.q_proj,768,dtd,gtsrb,8,7,lora,31,0.5835983753204346,0.5843508243560791,0.010416666666666666,0.4462114479392767,0.4488770328462124,0.5731817086537679,0.13738692738115788,0.13547379150986671,0.0,0.13738692738115788
encoder.layers.11.self_attn.q_proj,768,dtd,mnist,8,7,lora,31,0.5169026851654053,0.514072835445404,0.010416666666666666,0.4576809350401163,0.4584306236356497,0.5064860184987386,0.05922175012528896,0.05564221180975437,0.0,0.05922175012528896
encoder.layers.11.self_attn.q_proj,768,dtd,resisc45,8,7,lora,31,0.49983182549476624,0.49808046221733093,0.010416666666666666,0.4648176971822977,0.4657295998185873,0.48941515882809955,0.03501412831246853,0.03235086239874363,0.0,0.03501412831246853
encoder.layers.11.self_attn.q_proj,768,dtd,stanford-cars,8,7,lora,31,0.4739799201488495,0.46821627020835876,0.010416666666666666,0.4607799928635359,0.4585493579506874,0.4635632534821828,0.013199927285313606,0.009666912257671356,0.0,0.013199927285313606
encoder.layers.11.self_attn.q_proj,768,dtd,sun397,8,7,lora,31,0.5794863104820251,0.5810642838478088,0.010416666666666666,0.4874829985201359,0.4894274100661278,0.5690696438153585,0.09200331196188927,0.09163687378168106,0.0,0.09200331196188927
encoder.layers.11.self_attn.q_proj,768,dtd,svhn,8,7,lora,31,0.5844359993934631,0.5858211517333984,0.010416666666666666,0.46643854677677155,0.4683330524712801,0.5740193327267965,0.11799745261669159,0.11748809926211834,0.0,0.11799745261669159
encoder.layers.11.self_attn.q_proj,768,eurosat,gtsrb,8,7,lora,31,0.49184709787368774,0.49553611874580383,0.010416666666666666,0.48133005760610104,0.48612595349550247,0.48143043120702106,0.010517040267586708,0.009410165250301361,0.0,0.010517040267586708
encoder.layers.11.self_attn.q_proj,768,eurosat,mnist,8,7,lora,31,0.434096097946167,0.43584588170051575,0.010416666666666666,0.4769743960350752,0.4778093993663788,0.4236794312795003,-0.042878298088908195,-0.04196351766586304,0.0,-0.042878298088908195
encoder.layers.11.self_attn.q_proj,768,eurosat,resisc45,8,7,lora,31,0.5933585166931152,0.5965272784233093,0.010416666666666666,0.4839931968599558,0.4853523727506399,0.5829418500264486,0.10936531983315945,0.11117490567266941,0.0,0.10936531983315945
encoder.layers.11.self_attn.q_proj,768,eurosat,stanford-cars,8,7,lora,31,0.48286646604537964,0.48874378204345703,0.010416666666666666,0.4910365790128708,0.4893744457513094,0.47244979937871295,-0.00817011296749115,-0.0006306637078523636,0.0,-0.00817011296749115
encoder.layers.11.self_attn.q_proj,768,eurosat,sun397,8,7,lora,31,0.4495290517807007,0.4556407928466797,0.010416666666666666,0.47662446834146976,0.47836434468626976,0.439112385114034,-0.02709541656076908,-0.022723551839590073,0.0,-0.02709541656076908
encoder.layers.11.self_attn.q_proj,768,eurosat,svhn,8,7,lora,31,0.5033382177352905,0.5044246315956116,0.010416666666666666,0.4695618189871311,0.4691903907805681,0.49292155106862384,0.03377639874815941,0.03523424081504345,0.0,0.03377639874815941
encoder.layers.11.self_attn.q_proj,768,gtsrb,mnist,8,7,lora,31,0.5130611062049866,0.5139122605323792,0.010416666666666666,0.46619919314980507,0.4694138392806053,0.5026444395383199,0.0468619130551815,0.044498421251773834,0.0,0.0468619130551815
encoder.layers.11.self_attn.q_proj,768,gtsrb,resisc45,8,7,lora,31,0.49847590923309326,0.5048083662986755,0.010416666666666666,0.48648275062441826,0.48963253386318684,0.4880592425664266,0.011993158608675003,0.0151758324354887,0.0,0.011993158608675003
encoder.layers.11.self_attn.q_proj,768,gtsrb,stanford-cars,8,7,lora,31,0.44287508726119995,0.4458913505077362,0.010416666666666666,0.4593430142849684,0.460196515545249,0.43245842059453327,-0.016467927023768425,-0.01430516503751278,0.0,-0.016467927023768425
encoder.layers.11.self_attn.q_proj,768,gtsrb,sun397,8,7,lora,31,0.5842685699462891,0.5917907953262329,0.010416666666666666,0.4803185574710369,0.4811634160578251,0.5738519032796224,0.10395001247525215,0.11062737926840782,0.0,0.10395001247525215
encoder.layers.11.self_attn.q_proj,768,gtsrb,svhn,8,7,lora,31,0.6172028183937073,0.6187219619750977,0.010416666666666666,0.4844860974699259,0.4868299588561058,0.6067861517270406,0.1327167209237814,0.13189200311899185,0.0,0.1327167209237814
encoder.layers.11.self_attn.q_proj,768,mnist,resisc45,8,7,lora,31,0.5408945083618164,0.5409974455833435,0.010416666666666666,0.46479945443570614,0.46621095202863216,0.5304778416951498,0.07609505392611027,0.07478649355471134,0.0,0.07609505392611027
encoder.layers.11.self_attn.q_proj,768,mnist,stanford-cars,8,7,lora,31,0.47121939063072205,0.47828835248947144,0.010416666666666666,0.4581999685615301,0.45712588354945183,0.46080272396405536,0.013019422069191933,0.021162468940019608,0.0,0.013019422069191933
encoder.layers.11.self_attn.q_proj,768,mnist,sun397,8,7,lora,31,0.5010547041893005,0.5029045343399048,0.010416666666666666,0.49510338716208935,0.49506652168929577,0.49063803752263385,0.005951317027211189,0.007838012650609016,0.0,0.005951317027211189
encoder.layers.11.self_attn.q_proj,768,mnist,svhn,8,7,lora,31,0.6615626215934753,0.6634531021118164,0.010416666666666666,0.47249731980264187,0.47387736290693283,0.6511459549268087,0.18906530179083347,0.18957573920488358,0.0,0.18906530179083347
encoder.layers.11.self_attn.q_proj,768,resisc45,stanford-cars,8,7,lora,31,0.4269292950630188,0.44417211413383484,0.010416666666666666,0.4565502032637596,0.4567302856594324,0.4165126283963521,-0.029620908200740814,-0.012558171525597572,0.0,-0.029620908200740814
encoder.layers.11.self_attn.q_proj,768,resisc45,sun397,8,7,lora,31,0.5828573703765869,0.5876511335372925,0.010416666666666666,0.4788668770343065,0.47701884992420673,0.5724407037099203,0.10399049334228039,0.11063228361308575,0.0,0.10399049334228039
encoder.layers.11.self_attn.q_proj,768,resisc45,svhn,8,7,lora,31,0.48550504446029663,0.4859798550605774,0.010416666666666666,0.48337813280522823,0.48355818912386894,0.47508837779362995,0.0021269116550683975,0.0024216659367084503,0.0,0.0021269116550683975
encoder.layers.11.self_attn.q_proj,768,stanford-cars,sun397,8,7,lora,31,0.5871269106864929,0.5899309515953064,0.010416666666666666,0.4911963492631912,0.4916615001857281,0.5767102440198263,0.0959305614233017,0.09826945140957832,0.0,0.0959305614233017
encoder.layers.11.self_attn.q_proj,768,stanford-cars,svhn,8,7,lora,31,0.5035842061042786,0.507439374923706,0.010416666666666666,0.4802557174116373,0.48222442902624607,0.4931675394376119,0.023328488692641258,0.025214945897459984,0.0,0.023328488692641258
encoder.layers.11.self_attn.q_proj,768,sun397,svhn,8,7,lora,31,0.5567633509635925,0.5607337951660156,0.010416666666666666,0.47587507776916027,0.47675116173923016,0.5463466842969259,0.08088827319443226,0.08398263342678547,0.0,0.08088827319443226
encoder.layers.11.self_attn.v_proj,768,dtd,eurosat,8,7,lora,31,0.579316258430481,0.5720726251602173,0.010416666666666666,0.479544835165143,0.473472798243165,0.5688995917638143,0.09977142326533794,0.09859982691705227,0.0,0.09977142326533794
encoder.layers.11.self_attn.v_proj,768,dtd,gtsrb,8,7,lora,31,0.529303789138794,0.5319864749908447,0.010416666666666666,0.4639556482434273,0.4595437329262495,0.5188871224721273,0.06534814089536667,0.07244274206459522,0.0,0.06534814089536667
encoder.layers.11.self_attn.v_proj,768,dtd,mnist,8,7,lora,31,0.47622331976890564,0.4659208655357361,0.010416666666666666,0.46123871579766273,0.4574013575911522,0.46580665310223895,0.014984603971242905,0.008519507944583893,0.0,0.014984603971242905
encoder.layers.11.self_attn.v_proj,768,dtd,resisc45,8,7,lora,31,0.5190859436988831,0.5169109106063843,0.010416666666666666,0.4682660475373268,0.4602641500532627,0.5086692770322164,0.050819896161556244,0.05664676055312157,0.0,0.050819896161556244
encoder.layers.11.self_attn.v_proj,768,dtd,stanford-cars,8,7,lora,31,0.5923969149589539,0.5771154165267944,0.010416666666666666,0.460791639983654,0.4525645337998867,0.5819802482922872,0.13160527497529984,0.12455088272690773,0.0,0.13160527497529984
encoder.layers.11.self_attn.v_proj,768,dtd,sun397,8,7,lora,31,0.5892074108123779,0.5873475074768066,0.010416666666666666,0.4811693597584963,0.47731188125908375,0.5787907441457113,0.10803805105388165,0.11003562621772289,0.0,0.10803805105388165
encoder.layers.11.self_attn.v_proj,768,dtd,svhn,8,7,lora,31,0.48287051916122437,0.4834666848182678,0.010416666666666666,0.4710137937217951,0.4631322342902422,0.4724538524945577,0.011856725439429283,0.020334450528025627,0.0,0.011856725439429283
encoder.layers.11.self_attn.v_proj,768,eurosat,gtsrb,8,7,lora,31,0.6063824892044067,0.6019726395606995,0.010416666666666666,0.48917327634990215,0.48624622635543346,0.5959658225377401,0.11720921285450459,0.115726413205266,0.0,0.11720921285450459
encoder.layers.11.self_attn.v_proj,768,eurosat,mnist,8,7,lora,31,0.5350063443183899,0.5278247594833374,0.010416666666666666,0.48825850524008274,0.4876624010503292,0.5245896776517233,0.04674783907830715,0.040162358433008194,0.0,0.04674783907830715
encoder.layers.11.self_attn.v_proj,768,eurosat,resisc45,8,7,lora,31,0.5679442882537842,0.5708575248718262,0.010416666666666666,0.4850152451545,0.4836268909275532,0.5575276215871176,0.08292904309928417,0.087230633944273,0.0,0.08292904309928417
encoder.layers.11.self_attn.v_proj,768,eurosat,stanford-cars,8,7,lora,31,0.5192328691482544,0.5210632085800171,0.010416666666666666,0.4790063053369522,0.47636178508400917,0.5088162024815878,0.040226563811302185,0.04470142349600792,0.0,0.040226563811302185
encoder.layers.11.self_attn.v_proj,768,eurosat,sun397,8,7,lora,31,0.5649241805076599,0.5613657832145691,0.010416666666666666,0.4789182338863611,0.47869021631777287,0.5545075138409933,0.08600594662129879,0.08267556689679623,0.0,0.08600594662129879
encoder.layers.11.self_attn.v_proj,768,eurosat,svhn,8,7,lora,31,0.5830007195472717,0.5807918310165405,0.010416666666666666,0.48406916856765747,0.48281505331397057,0.5725840528806051,0.09893155097961426,0.09797677770256996,0.0,0.09893155097961426
encoder.layers.11.self_attn.v_proj,768,gtsrb,mnist,8,7,lora,31,0.5319687724113464,0.5286811590194702,0.010416666666666666,0.47167399525642395,0.47102596797049046,0.5215521057446798,0.060294777154922485,0.05765519104897976,0.0,0.060294777154922485
encoder.layers.11.self_attn.v_proj,768,gtsrb,resisc45,8,7,lora,31,0.4947480857372284,0.4858255684375763,0.010416666666666666,0.4720458295196295,0.469259787350893,0.4843314190705617,0.022702256217598915,0.016565781086683273,0.0,0.022702256217598915
encoder.layers.11.self_attn.v_proj,768,gtsrb,stanford-cars,8,7,lora,31,0.4977510869503021,0.49323570728302,0.010416666666666666,0.45788644067943096,0.4604399148374796,0.48733442028363544,0.03986464627087116,0.03279579244554043,0.0,0.03986464627087116
encoder.layers.11.self_attn.v_proj,768,gtsrb,sun397,8,7,lora,31,0.5525684356689453,0.5505393743515015,0.010416666666666666,0.48133215866982937,0.4815877191722393,0.5421517690022787,0.07123627699911594,0.06895165517926216,0.0,0.07123627699911594
encoder.layers.11.self_attn.v_proj,768,gtsrb,svhn,8,7,lora,31,0.5221381187438965,0.5239874124526978,0.010416666666666666,0.4585032109171152,0.45892186276614666,0.5117214520772299,0.06363490782678127,0.0650655496865511,0.0,0.06363490782678127
encoder.layers.11.self_attn.v_proj,768,mnist,resisc45,8,7,lora,31,0.4977649450302124,0.49020451307296753,0.010416666666666666,0.45177303068339825,0.44901912845671177,0.4873482783635457,0.045991914346814156,0.04118538461625576,0.0,0.045991914346814156
encoder.layers.11.self_attn.v_proj,768,mnist,stanford-cars,8,7,lora,31,0.5138442516326904,0.5135642886161804,0.010416666666666666,0.471814326941967,0.47243797220289707,0.5034275849660238,0.04202992469072342,0.04112631641328335,0.0,0.04202992469072342
encoder.layers.11.self_attn.v_proj,768,mnist,sun397,8,7,lora,31,0.5549608469009399,0.5532002449035645,0.010416666666666666,0.45707347244024277,0.45836461149156094,0.5445441802342733,0.09788737446069717,0.09483563341200352,0.0,0.09788737446069717
encoder.layers.11.self_attn.v_proj,768,mnist,svhn,8,7,lora,31,0.6318714022636414,0.6231297254562378,0.010416666666666666,0.48474881798028946,0.4867031555622816,0.6214547355969747,0.1471225842833519,0.13642656989395618,0.0,0.1471225842833519
encoder.layers.11.self_attn.v_proj,768,resisc45,stanford-cars,8,7,lora,31,0.5443891286849976,0.5398993492126465,0.010416666666666666,0.47144713811576366,0.46351251751184464,0.5339724620183309,0.0729419905692339,0.07638683170080185,0.0,0.0729419905692339
encoder.layers.11.self_attn.v_proj,768,resisc45,sun397,8,7,lora,31,0.6127486824989319,0.6122775077819824,0.010416666666666666,0.4886900819838047,0.49346512369811535,0.6023320158322653,0.12405860051512718,0.11881238408386707,0.0,0.12405860051512718
encoder.layers.11.self_attn.v_proj,768,resisc45,svhn,8,7,lora,31,0.4684392213821411,0.45870935916900635,0.010416666666666666,0.48055328615009785,0.4771726094186306,0.45802255471547443,-0.012114064767956734,-0.018463250249624252,0.0,-0.012114064767956734
encoder.layers.11.self_attn.v_proj,768,stanford-cars,sun397,8,7,lora,31,0.5211461782455444,0.5178049802780151,0.010416666666666666,0.4828293677419424,0.4852192606776953,0.5107295115788778,0.03831681050360203,0.03258571960031986,0.0,0.03831681050360203
encoder.layers.11.self_attn.v_proj,768,stanford-cars,svhn,8,7,lora,31,0.4511635899543762,0.45491352677345276,0.010416666666666666,0.4815407246351242,0.47981226444244385,0.44074692328770954,-0.030377134680747986,-0.02489873766899109,0.0,-0.030377134680747986
encoder.layers.11.self_attn.v_proj,768,sun397,svhn,8,7,lora,31,0.5213953852653503,0.5241056680679321,0.010416666666666666,0.48524620942771435,0.48407658375799656,0.5109787185986837,0.036149175837635994,0.04002908430993557,0.0,0.036149175837635994
encoder.layers.2.self_attn.q_proj,768,dtd,eurosat,8,26,lora,47,0.6016170978546143,0.6045110821723938,0.010416666666666666,0.5039895307272673,0.5040161591023207,0.5912004311879476,0.09762756712734699,0.10049492307007313,0.0,0.09762756712734699
encoder.layers.2.self_attn.q_proj,768,dtd,gtsrb,8,26,lora,47,0.6675723791122437,0.6724393367767334,0.010416666666666666,0.4843821208924055,0.4849961791187525,0.657155712445577,0.18319025821983814,0.18744315765798092,0.0,0.18319025821983814
encoder.layers.2.self_attn.q_proj,768,dtd,mnist,8,26,lora,47,0.5366610288619995,0.5429091453552246,0.010416666666666666,0.5015367101877928,0.5019617062062025,0.5262443621953329,0.035124318674206734,0.0409474391490221,0.0,0.035124318674206734
encoder.layers.2.self_attn.q_proj,768,dtd,resisc45,8,26,lora,47,0.718115508556366,0.7306338548660278,0.010416666666666666,0.49661905504763126,0.4995341021567583,0.7076988418896993,0.2214964535087347,0.23109975270926952,0.0,0.2214964535087347
encoder.layers.2.self_attn.q_proj,768,dtd,stanford-cars,8,26,lora,47,0.7519170641899109,0.7558650970458984,0.010416666666666666,0.4968699123710394,0.5005791317671537,0.7415003975232443,0.2550471518188715,0.2552859652787447,0.0,0.2550471518188715
encoder.layers.2.self_attn.q_proj,768,dtd,sun397,8,26,lora,47,0.7064095139503479,0.7087030410766602,0.010416666666666666,0.5097523760050535,0.513452397659421,0.6959928472836813,0.19665713794529438,0.1952506434172392,0.0,0.19665713794529438
encoder.layers.2.self_attn.q_proj,768,dtd,svhn,8,26,lora,47,0.6134894490242004,0.6162109971046448,0.010416666666666666,0.5093591939657927,0.5118510033935308,0.6030727823575338,0.10413025505840778,0.10435999371111393,0.0,0.10413025505840778
encoder.layers.2.self_attn.q_proj,768,eurosat,gtsrb,8,26,lora,47,0.6937793493270874,0.6904433965682983,0.010416666666666666,0.4893189612776041,0.4884874317795038,0.6833626826604208,0.2044603880494833,0.20195596478879452,0.0,0.2044603880494833
encoder.layers.2.self_attn.q_proj,768,eurosat,mnist,8,26,lora,47,0.6461828947067261,0.6422634124755859,0.010416666666666666,0.47940404526889324,0.48003207333385944,0.6357662280400594,0.16677884943783283,0.1622313391417265,0.0,0.16677884943783283
encoder.layers.2.self_attn.q_proj,768,eurosat,resisc45,8,26,lora,47,0.6798977255821228,0.6791147589683533,0.010416666666666666,0.5038714334368706,0.5019873641431332,0.6694810589154562,0.17602629214525223,0.1771273948252201,0.0,0.17602629214525223
encoder.layers.2.self_attn.q_proj,768,eurosat,stanford-cars,8,26,lora,47,0.6388219594955444,0.6361032128334045,0.010416666666666666,0.49728524312376976,0.49964941293001175,0.6284052928288778,0.14153671637177467,0.1364537999033928,0.0,0.14153671637177467
encoder.layers.2.self_attn.q_proj,768,eurosat,sun397,8,26,lora,47,0.6361117959022522,0.6392278671264648,0.010416666666666666,0.5099911019206047,0.5141917448490858,0.6256951292355856,0.1261206939816475,0.12503612227737904,0.0,0.1261206939816475
encoder.layers.2.self_attn.q_proj,768,eurosat,svhn,8,26,lora,47,0.6595414876937866,0.6565195322036743,0.010416666666666666,0.48311070166528225,0.4837754964828491,0.64912482102712,0.17643078602850437,0.1727440357208252,0.0,0.17643078602850437
encoder.layers.2.self_attn.q_proj,768,gtsrb,mnist,8,26,lora,47,0.7461416721343994,0.744972825050354,0.010416666666666666,0.4936983585357666,0.4938711728900671,0.7357250054677328,0.2524433135986328,0.2511016521602869,0.0,0.2524433135986328
encoder.layers.2.self_attn.q_proj,768,gtsrb,resisc45,8,26,lora,47,0.7261967062950134,0.7292279601097107,0.010416666666666666,0.5068661980330944,0.5028366260230541,0.7157800396283468,0.21933050826191902,0.22639133408665657,0.0,0.21933050826191902
encoder.layers.2.self_attn.q_proj,768,gtsrb,stanford-cars,8,26,lora,47,0.7257182598114014,0.731116771697998,0.010416666666666666,0.5090108141303062,0.5100200120359659,0.7153015931447347,0.21670744568109512,0.22109675966203213,0.0,0.21670744568109512
encoder.layers.2.self_attn.q_proj,768,gtsrb,sun397,8,26,lora,47,0.736296534538269,0.7344722747802734,0.010416666666666666,0.504110062494874,0.505532743409276,0.7258798678716024,0.23218647204339504,0.22893953137099743,0.0,0.23218647204339504
encoder.layers.2.self_attn.q_proj,768,gtsrb,svhn,8,26,lora,47,0.7729089260101318,0.7664132118225098,0.010416666666666666,0.5009337887167931,0.5002698358148336,0.7624922593434652,0.2719751372933388,0.2661433760076761,0.0,0.2719751372933388
encoder.layers.2.self_attn.q_proj,768,mnist,resisc45,8,26,lora,47,0.68000328540802,0.6826818585395813,0.010416666666666666,0.5124821774661541,0.515227435156703,0.6695866187413534,0.16752110794186592,0.1674544233828783,0.0,0.16752110794186592
encoder.layers.2.self_attn.q_proj,768,mnist,stanford-cars,8,26,lora,47,0.6678445339202881,0.6696219444274902,0.010416666666666666,0.5223721321672201,0.524491585791111,0.6574278672536215,0.14547240175306797,0.14513035863637924,0.0,0.14547240175306797
encoder.layers.2.self_attn.q_proj,768,mnist,sun397,8,26,lora,47,0.6188976764678955,0.6248189210891724,0.010416666666666666,0.4997800122946501,0.5021203607320786,0.6084810098012289,0.11911766417324543,0.12269856035709381,0.0,0.11911766417324543
encoder.layers.2.self_attn.q_proj,768,mnist,svhn,8,26,lora,47,0.7430768013000488,0.7415159940719604,0.010416666666666666,0.4938836693763733,0.49591643549501896,0.7326601346333822,0.24919313192367554,0.2455995585769415,0.0,0.24919313192367554
encoder.layers.2.self_attn.q_proj,768,resisc45,stanford-cars,8,26,lora,47,0.793907880783081,0.8050732612609863,0.010416666666666666,0.5033056996762753,0.504028681665659,0.7834912141164144,0.2906021811068058,0.3010445795953274,0.0,0.2906021811068058
encoder.layers.2.self_attn.q_proj,768,resisc45,sun397,8,26,lora,47,0.7472869753837585,0.757540225982666,0.010416666666666666,0.5137684233486652,0.5160649381577969,0.7368703087170919,0.2335185520350933,0.24147528782486916,0.0,0.2335185520350933
encoder.layers.2.self_attn.q_proj,768,resisc45,svhn,8,26,lora,47,0.6496005654335022,0.655331015586853,0.010416666666666666,0.5016174372285604,0.5034857131540775,0.6391838987668356,0.14798312820494175,0.1518453024327755,0.0,0.14798312820494175
encoder.layers.2.self_attn.q_proj,768,stanford-cars,sun397,8,26,lora,47,0.7478034496307373,0.7478843927383423,0.010416666666666666,0.5145970452576876,0.5225235745310783,0.7373867829640707,0.23320640437304974,0.22536081820726395,0.0,0.23320640437304974
encoder.layers.2.self_attn.q_proj,768,stanford-cars,svhn,8,26,lora,47,0.6618764996528625,0.6631534099578857,0.010416666666666666,0.4937494359910488,0.4985261391848326,0.6514598329861959,0.16812706366181374,0.16462727077305317,0.0,0.16812706366181374
encoder.layers.2.self_attn.q_proj,768,sun397,svhn,8,26,lora,47,0.6954516172409058,0.6982330083847046,0.010416666666666666,0.5072363149374723,0.5100495535880327,0.6850349505742391,0.18821530230343342,0.18818345479667187,0.0,0.18821530230343342
encoder.layers.2.self_attn.v_proj,768,dtd,eurosat,8,26,lora,47,0.6325562000274658,0.6309956312179565,0.010416666666666666,0.48470909148454666,0.4841789472848177,0.6221395333607992,0.14784710854291916,0.14681668393313885,0.0,0.14784710854291916
encoder.layers.2.self_attn.v_proj,768,dtd,gtsrb,8,26,lora,47,0.7018530368804932,0.7064324617385864,0.010416666666666666,0.4854905419051647,0.48608032427728176,0.6914363702138265,0.21636249497532845,0.22035213746130466,0.0,0.21636249497532845
encoder.layers.2.self_attn.v_proj,768,dtd,mnist,8,26,lora,47,0.6598429679870605,0.6599453091621399,0.010416666666666666,0.502776363864541,0.5002637524157763,0.6494263013203939,0.1570666041225195,0.15968155674636364,0.0,0.1570666041225195
encoder.layers.2.self_attn.v_proj,768,dtd,resisc45,8,26,lora,47,0.7231095433235168,0.7189886569976807,0.010416666666666666,0.4816675093024969,0.48241338320076466,0.7126928766568502,0.24144203402101994,0.236575273796916,0.0,0.24144203402101994
encoder.layers.2.self_attn.v_proj,768,dtd,stanford-cars,8,26,lora,47,0.7144843935966492,0.7099130153656006,0.010416666666666666,0.516273807734251,0.5174637418240309,0.7040677269299825,0.19821058586239815,0.1924492735415697,0.0,0.19821058586239815
encoder.layers.2.self_attn.v_proj,768,dtd,sun397,8,26,lora,47,0.7690660953521729,0.7669419050216675,0.010416666666666666,0.49143816344439983,0.48860346525907516,0.7586494286855062,0.277627931907773,0.2783384397625923,0.0,0.277627931907773
encoder.layers.2.self_attn.v_proj,768,dtd,svhn,8,26,lora,47,0.6304615139961243,0.6333280801773071,0.010416666666666666,0.47750282660126686,0.47544179297983646,0.6200448473294576,0.1529586873948574,0.15788628719747066,0.0,0.1529586873948574
encoder.layers.2.self_attn.v_proj,768,eurosat,gtsrb,8,26,lora,47,0.7068676352500916,0.7119811177253723,0.010416666666666666,0.4859710428863764,0.48443303257226944,0.6964509685834249,0.22089659236371517,0.22754808515310287,0.0,0.22089659236371517
encoder.layers.2.self_attn.v_proj,768,eurosat,mnist,8,26,lora,47,0.6784747242927551,0.678164541721344,0.010416666666666666,0.49120245687663555,0.48955176025629044,0.6680580576260885,0.18727226741611958,0.18861278146505356,0.0,0.18727226741611958
encoder.layers.2.self_attn.v_proj,768,eurosat,resisc45,8,26,lora,47,0.6643655300140381,0.6652207374572754,0.010416666666666666,0.48890303261578083,0.4954190831631422,0.6539488633473715,0.17546249739825726,0.1698016542941332,0.0,0.17546249739825726
encoder.layers.2.self_attn.v_proj,768,eurosat,stanford-cars,8,26,lora,47,0.7027502655982971,0.7050177454948425,0.010416666666666666,0.47802290320396423,0.4813195988535881,0.6923335989316305,0.22472736239433289,0.22369814664125443,0.0,0.22472736239433289
encoder.layers.2.self_attn.v_proj,768,eurosat,sun397,8,26,lora,47,0.7861484885215759,0.7885692119598389,0.010416666666666666,0.4904731325805187,0.4900799412280321,0.7757318218549093,0.2956753559410572,0.29848927073180676,0.0,0.2956753559410572
encoder.layers.2.self_attn.v_proj,768,eurosat,svhn,8,26,lora,47,0.724364697933197,0.7275495529174805,0.010416666666666666,0.5199442077428102,0.5171104334294796,0.7139480312665304,0.20442049019038677,0.21043911948800087,0.0,0.20442049019038677
encoder.layers.2.self_attn.v_proj,768,gtsrb,mnist,8,26,lora,47,0.7350856065750122,0.7298863530158997,0.010416666666666666,0.49306972324848175,0.4949060548096895,0.7246689399083456,0.24201588332653046,0.23498029820621014,0.0,0.24201588332653046
encoder.layers.2.self_attn.v_proj,768,gtsrb,resisc45,8,26,lora,47,0.6212636828422546,0.6233301162719727,0.010416666666666666,0.47678388468921185,0.477347020059824,0.610847016175588,0.1444797981530428,0.14598309621214867,0.0,0.1444797981530428
encoder.layers.2.self_attn.v_proj,768,gtsrb,stanford-cars,8,26,lora,47,0.66733717918396,0.6638320684432983,0.010416666666666666,0.5032004304230213,0.5031875874847174,0.6569205125172933,0.16413674876093864,0.16064448095858097,0.0,0.16413674876093864
encoder.layers.2.self_attn.v_proj,768,gtsrb,sun397,8,26,lora,47,0.7326752543449402,0.7372575998306274,0.010416666666666666,0.48229154385626316,0.4829460494220257,0.7222585876782736,0.250383710488677,0.25431155040860176,0.0,0.250383710488677
encoder.layers.2.self_attn.v_proj,768,gtsrb,svhn,8,26,lora,47,0.7298113107681274,0.7302478551864624,0.010416666666666666,0.5086808279156685,0.508350683376193,0.7193946441014608,0.22113048285245895,0.22189717181026936,0.0,0.22113048285245895
encoder.layers.2.self_attn.v_proj,768,mnist,resisc45,8,26,lora,47,0.6005397439002991,0.6000345349311829,0.010416666666666666,0.4884475376456976,0.49055003747344017,0.5901230772336324,0.11209220625460148,0.10948449745774269,0.0,0.11209220625460148
encoder.layers.2.self_attn.v_proj,768,mnist,stanford-cars,8,26,lora,47,0.6305513978004456,0.6267533302307129,0.010416666666666666,0.5116663537919521,0.5163066200911999,0.6201347311337789,0.11888504400849342,0.11044671013951302,0.0,0.11888504400849342
encoder.layers.2.self_attn.v_proj,768,mnist,sun397,8,26,lora,47,0.6617158055305481,0.6654224395751953,0.010416666666666666,0.5029798373579979,0.5041701458394527,0.6512991388638815,0.1587359681725502,0.16125229373574257,0.0,0.1587359681725502
encoder.layers.2.self_attn.v_proj,768,mnist,svhn,8,26,lora,47,0.6527239680290222,0.6512030959129333,0.010416666666666666,0.480467077344656,0.4815582912415266,0.6423073013623556,0.17225689068436623,0.16964480467140675,0.0,0.17225689068436623
encoder.layers.2.self_attn.v_proj,768,resisc45,stanford-cars,8,26,lora,47,0.7454972267150879,0.7471040487289429,0.010416666666666666,0.523383442312479,0.5257616993039846,0.7350805600484213,0.22211378440260887,0.22134234942495823,0.0,0.22211378440260887
encoder.layers.2.self_attn.v_proj,768,resisc45,sun397,8,26,lora,47,0.7902560830116272,0.7910017967224121,0.010416666666666666,0.4906818103045225,0.4935056250542402,0.7798394163449606,0.2995742727071047,0.2974961716681719,0.0,0.2995742727071047
encoder.layers.2.self_attn.v_proj,768,resisc45,svhn,8,26,lora,47,0.6738169193267822,0.6734591722488403,0.010416666666666666,0.5150843374431133,0.5160566363483667,0.6634002526601156,0.1587325818836689,0.1574025359004736,0.0,0.1587325818836689
encoder.layers.2.self_attn.v_proj,768,stanford-cars,sun397,8,26,lora,47,0.8406264781951904,0.8487895727157593,0.010416666666666666,0.49698715284466743,0.4972686842083931,0.8302098115285238,0.343639325350523,0.3515208885073662,0.0,0.343639325350523
encoder.layers.2.self_attn.v_proj,768,stanford-cars,svhn,8,26,lora,47,0.5860062837600708,0.6026875972747803,0.010416666666666666,0.512529730796814,0.5150665994733572,0.5755896170934042,0.07347655296325684,0.08762099780142307,0.0,0.07347655296325684
encoder.layers.2.self_attn.v_proj,768,sun397,svhn,8,26,lora,47,0.705070972442627,0.7080796360969543,0.010416666666666666,0.48091018944978714,0.4800390973687172,0.6946543057759603,0.2241607829928398,0.22804053872823715,0.0,0.2241607829928398
encoder.layers.3.self_attn.q_proj,768,dtd,eurosat,8,41,lora,48,0.6934083104133606,0.6854790449142456,0.010416666666666666,0.49669930897653103,0.49688159860670567,0.682991643746694,0.19670900143682957,0.18859744630753994,0.0,0.19670900143682957
encoder.layers.3.self_attn.q_proj,768,dtd,gtsrb,8,41,lora,48,0.6883688569068909,0.6887013912200928,0.010416666666666666,0.4763353355228901,0.4776183310896158,0.6779521902402242,0.21203352138400078,0.21108306013047695,0.0,0.21203352138400078
encoder.layers.3.self_attn.q_proj,768,dtd,mnist,8,41,lora,48,0.7373265027999878,0.7335675358772278,0.010416666666666666,0.4991321712732315,0.4992887284606695,0.7269098361333212,0.2381943315267563,0.23427880741655827,0.0,0.2381943315267563
encoder.layers.3.self_attn.q_proj,768,dtd,resisc45,8,41,lora,48,0.7062556743621826,0.7026469111442566,0.010416666666666666,0.497377872467041,0.49706014432013035,0.695839007695516,0.2088778018951416,0.20558676682412624,0.0,0.2088778018951416
encoder.layers.3.self_attn.q_proj,768,dtd,stanford-cars,8,41,lora,48,0.7319633364677429,0.7257649302482605,0.010416666666666666,0.4869011715054512,0.4871337115764618,0.7215466698010763,0.24506216496229172,0.2386312186717987,0.0,0.24506216496229172
encoder.layers.3.self_attn.q_proj,768,dtd,sun397,8,41,lora,48,0.7603446245193481,0.7633613348007202,0.010416666666666666,0.5042252652347088,0.5054250732064247,0.7499279578526815,0.25611935928463936,0.2579362615942955,0.0,0.25611935928463936
encoder.layers.3.self_attn.q_proj,768,dtd,svhn,8,41,lora,48,0.5895848870277405,0.594678521156311,0.010416666666666666,0.4905821494758129,0.4921724759042263,0.5791682203610738,0.09900273755192757,0.10250604525208473,0.0,0.09900273755192757
encoder.layers.3.self_attn.q_proj,768,eurosat,gtsrb,8,41,lora,48,0.722789466381073,0.7187522649765015,0.010416666666666666,0.4920284152030945,0.49226549454033375,0.7123727997144064,0.23076105117797852,0.22648677043616772,0.0,0.23076105117797852
encoder.layers.3.self_attn.q_proj,768,eurosat,mnist,8,41,lora,48,0.6598494648933411,0.6537075042724609,0.010416666666666666,0.4966429267078638,0.49603255465626717,0.6494327982266744,0.16320653818547726,0.15767494961619377,0.0,0.16320653818547726
encoder.layers.3.self_attn.q_proj,768,eurosat,resisc45,8,41,lora,48,0.7055612802505493,0.7029752135276794,0.010416666666666666,0.4957980904728174,0.49577356316149235,0.6951446135838827,0.2097631897777319,0.2072016503661871,0.0,0.2097631897777319
encoder.layers.3.self_attn.q_proj,768,eurosat,stanford-cars,8,41,lora,48,0.6850889921188354,0.6796247959136963,0.010416666666666666,0.5201722737401724,0.5189731996506453,0.6746723254521688,0.16491671837866306,0.16065159626305103,0.0,0.16491671837866306
encoder.layers.3.self_attn.q_proj,768,eurosat,sun397,8,41,lora,48,0.7014689445495605,0.696711540222168,0.010416666666666666,0.5001340489834547,0.5000993255525827,0.6910522778828939,0.20133489556610584,0.19661221466958523,0.0,0.20133489556610584
encoder.layers.3.self_attn.q_proj,768,eurosat,svhn,8,41,lora,48,0.7009773254394531,0.6965672969818115,0.010416666666666666,0.49195706844329834,0.4913730677217245,0.6905606587727865,0.20902025699615479,0.205194229260087,0.0,0.20902025699615479
encoder.layers.3.self_attn.q_proj,768,gtsrb,mnist,8,41,lora,48,0.7543271780014038,0.7487152814865112,0.010416666666666666,0.5028425846248865,0.5021472908556461,0.7439105113347372,0.2514845933765173,0.2465679906308651,0.0,0.2514845933765173
encoder.layers.3.self_attn.q_proj,768,gtsrb,resisc45,8,41,lora,48,0.6589213609695435,0.6667330861091614,0.010416666666666666,0.4924618639051914,0.493314690887928,0.6485046943028768,0.16645949706435204,0.17341839522123337,0.0,0.16645949706435204
encoder.layers.3.self_attn.q_proj,768,gtsrb,stanford-cars,8,41,lora,48,0.6541162133216858,0.6564423441886902,0.010416666666666666,0.49639425426721573,0.4980751723051071,0.6436995466550192,0.15772195905447006,0.15836717188358307,0.0,0.15772195905447006
encoder.layers.3.self_attn.q_proj,768,gtsrb,sun397,8,41,lora,48,0.6575318574905396,0.6627568006515503,0.010416666666666666,0.49260213784873486,0.4953956678509712,0.6471151908238729,0.1649297196418047,0.16736113280057907,0.0,0.1649297196418047
encoder.layers.3.self_attn.q_proj,768,gtsrb,svhn,8,41,lora,48,0.5944983959197998,0.5961814522743225,0.010416666666666666,0.4873454347252846,0.4883444495499134,0.5840817292531332,0.10715296119451523,0.1078370027244091,0.0,0.10715296119451523
encoder.layers.3.self_attn.q_proj,768,mnist,resisc45,8,41,lora,48,0.6522092819213867,0.6509248614311218,0.010416666666666666,0.50307204015553,0.503841370344162,0.6417926152547201,0.14913724176585674,0.14708349108695984,0.0,0.14913724176585674
encoder.layers.3.self_attn.q_proj,768,mnist,stanford-cars,8,41,lora,48,0.691371500492096,0.6916409134864807,0.010416666666666666,0.5088114682585001,0.5094905942678452,0.6809548338254293,0.18256003223359585,0.18215031921863556,0.0,0.18256003223359585
encoder.layers.3.self_attn.q_proj,768,mnist,sun397,8,41,lora,48,0.7029657363891602,0.7035203576087952,0.010416666666666666,0.4900679439306259,0.4898069705814123,0.6925490697224935,0.21289779245853424,0.21371338702738285,0.0,0.21289779245853424
encoder.layers.3.self_attn.q_proj,768,mnist,svhn,8,41,lora,48,0.6247032880783081,0.6269630193710327,0.010416666666666666,0.4831035565584898,0.4826175160706043,0.6142866214116415,0.1415997315198183,0.1443455033004284,0.0,0.1415997315198183
encoder.layers.3.self_attn.q_proj,768,resisc45,stanford-cars,8,41,lora,48,0.7380099892616272,0.7351299524307251,0.010416666666666666,0.5196327231824398,0.5177467856556177,0.7275933225949606,0.2183772660791874,0.21738316677510738,0.0,0.2183772660791874
encoder.layers.3.self_attn.q_proj,768,resisc45,sun397,8,41,lora,48,0.8000001907348633,0.8023792505264282,0.010416666666666666,0.5039456244558096,0.5056712348014116,0.7895835240681967,0.2960545662790537,0.2967080157250166,0.0,0.2960545662790537
encoder.layers.3.self_attn.q_proj,768,resisc45,svhn,8,41,lora,48,0.6678326725959778,0.6691054105758667,0.010416666666666666,0.4934169817715883,0.49378286488354206,0.6574160059293112,0.17441569082438946,0.17532254569232464,0.0,0.17441569082438946
encoder.layers.3.self_attn.q_proj,768,stanford-cars,sun397,8,41,lora,48,0.7973801493644714,0.7977950572967529,0.010416666666666666,0.5000647213310003,0.5039901696145535,0.7869634826978048,0.2973154280334711,0.2938048876821995,0.0,0.2973154280334711
encoder.layers.3.self_attn.q_proj,768,stanford-cars,svhn,8,41,lora,48,0.6108280420303345,0.6097217202186584,0.010416666666666666,0.4754413478076458,0.47511720284819603,0.6004113753636678,0.13538669422268867,0.13460451737046242,0.0,0.13538669422268867
encoder.layers.3.self_attn.q_proj,768,sun397,svhn,8,41,lora,48,0.6651655435562134,0.6735342741012573,0.010416666666666666,0.4808176476508379,0.4799478445202112,0.6547488768895467,0.18434789590537548,0.1935864295810461,0.0,0.18434789590537548
encoder.layers.3.self_attn.v_proj,768,dtd,eurosat,8,41,lora,48,0.5661930441856384,0.5673692226409912,0.010416666666666666,0.4844614900648594,0.4831416327506304,0.5557763775189718,0.08173155412077904,0.08422758989036083,0.0,0.08173155412077904
encoder.layers.3.self_attn.v_proj,768,dtd,gtsrb,8,41,lora,48,0.5612303018569946,0.5657196640968323,0.010416666666666666,0.4646837282925844,0.46843341924250126,0.550813635190328,0.09654657356441021,0.09728624485433102,0.0,0.09654657356441021
encoder.layers.3.self_attn.v_proj,768,dtd,mnist,8,41,lora,48,0.6003894209861755,0.6024690270423889,0.010416666666666666,0.48497663997113705,0.48541766963899136,0.5899727543195089,0.11541278101503849,0.11705135740339756,0.0,0.11541278101503849
encoder.layers.3.self_attn.v_proj,768,dtd,resisc45,8,41,lora,48,0.7993185520172119,0.7963383197784424,0.010416666666666666,0.4782331567257643,0.47684663720428944,0.7889018853505453,0.32108539529144764,0.31949168257415295,0.0,0.32108539529144764
encoder.layers.3.self_attn.v_proj,768,dtd,stanford-cars,8,41,lora,48,0.6817747354507446,0.6782154440879822,0.010416666666666666,0.504283057525754,0.5024028420448303,0.671358068784078,0.17749167792499065,0.17581260204315186,0.0,0.17749167792499065
encoder.layers.3.self_attn.v_proj,768,dtd,sun397,8,41,lora,48,0.7458171844482422,0.7473559379577637,0.010416666666666666,0.5075524710118771,0.5089525580406189,0.7354005177815756,0.23826471343636513,0.23840337991714478,0.0,0.23826471343636513
encoder.layers.3.self_attn.v_proj,768,dtd,svhn,8,41,lora,48,0.5165868401527405,0.5157873034477234,0.010416666666666666,0.4788639284670353,0.4797590933740139,0.5061701734860738,0.037722911685705185,0.03602821007370949,0.0,0.037722911685705185
encoder.layers.3.self_attn.v_proj,768,eurosat,gtsrb,8,41,lora,48,0.5815854668617249,0.584351122379303,0.010416666666666666,0.4944386724382639,0.4976335559040308,0.5711688001950582,0.08714679442346096,0.08671756647527218,0.0,0.08714679442346096
encoder.layers.3.self_attn.v_proj,768,eurosat,mnist,8,41,lora,48,0.5600823760032654,0.5634216070175171,0.010416666666666666,0.4971856065094471,0.4990555588155985,0.5496657093365988,0.06289676949381828,0.0643660482019186,0.0,0.06289676949381828
encoder.layers.3.self_attn.v_proj,768,eurosat,resisc45,8,41,lora,48,0.6556265354156494,0.6500711441040039,0.010416666666666666,0.4843989759683609,0.4858646858483553,0.6452098687489828,0.1712275594472885,0.1642064582556486,0.0,0.1712275594472885
encoder.layers.3.self_attn.v_proj,768,eurosat,stanford-cars,8,41,lora,48,0.5731368660926819,0.5715163350105286,0.010416666666666666,0.48701502941548824,0.48740743286907673,0.5627201994260153,0.08612183667719364,0.08410890214145184,0.0,0.08612183667719364
encoder.layers.3.self_attn.v_proj,768,eurosat,sun397,8,41,lora,48,0.5521275997161865,0.5512206554412842,0.010416666666666666,0.4880619775503874,0.48908865824341774,0.5417109330495199,0.06406562216579914,0.06213199719786644,0.0,0.06406562216579914
encoder.layers.3.self_attn.v_proj,768,eurosat,svhn,8,41,lora,48,0.494445264339447,0.49129655957221985,0.010416666666666666,0.4867156520485878,0.4865917880088091,0.48402859767278034,0.007729612290859222,0.004704771563410759,0.0,0.007729612290859222
encoder.layers.3.self_attn.v_proj,768,gtsrb,mnist,8,41,lora,48,0.6747962832450867,0.6746360063552856,0.010416666666666666,0.4898564349859953,0.49410391598939896,0.66437961657842,0.18493984825909138,0.1805320903658867,0.0,0.18493984825909138
encoder.layers.3.self_attn.v_proj,768,gtsrb,resisc45,8,41,lora,48,0.5828273296356201,0.5840292572975159,0.010416666666666666,0.4660235829651356,0.46946890465915203,0.5724106629689535,0.11680374667048454,0.11456035263836384,0.0,0.11680374667048454
encoder.layers.3.self_attn.v_proj,768,gtsrb,stanford-cars,8,41,lora,48,0.6679407954216003,0.6724417209625244,0.010416666666666666,0.4867729004472494,0.49001922085881233,0.6575241287549337,0.18116789497435093,0.18242250010371208,0.0,0.18116789497435093
encoder.layers.3.self_attn.v_proj,768,gtsrb,sun397,8,41,lora,48,0.5717788934707642,0.5787280201911926,0.010416666666666666,0.49309223890304565,0.4971424378454685,0.5613622268040975,0.0786866545677185,0.0815855823457241,0.0,0.0786866545677185
encoder.layers.3.self_attn.v_proj,768,gtsrb,svhn,8,41,lora,48,0.6539082527160645,0.650024950504303,0.010416666666666666,0.5089696329087019,0.5088998377323151,0.6434915860493978,0.14493861980736256,0.14112511277198792,0.0,0.14493861980736256
encoder.layers.3.self_attn.v_proj,768,mnist,resisc45,8,41,lora,48,0.6448293328285217,0.6514672636985779,0.010416666666666666,0.4926239512860775,0.4929261691868305,0.6344126661618551,0.15220538154244423,0.15854109451174736,0.0,0.15220538154244423
encoder.layers.3.self_attn.v_proj,768,mnist,stanford-cars,8,41,lora,48,0.6513785123825073,0.6491817235946655,0.010416666666666666,0.4950634501874447,0.4943103529512882,0.6409618457158407,0.15631506219506264,0.1548713706433773,0.0,0.15631506219506264
encoder.layers.3.self_attn.v_proj,768,mnist,sun397,8,41,lora,48,0.6913907527923584,0.6908686757087708,0.010416666666666666,0.5031239949166775,0.5042605679482222,0.6809740861256918,0.18826675787568092,0.1866081077605486,0.0,0.18826675787568092
encoder.layers.3.self_attn.v_proj,768,mnist,svhn,8,41,lora,48,0.6150225400924683,0.6149613261222839,0.010416666666666666,0.4984449241310358,0.5006763394922018,0.6046058734258016,0.11657761596143246,0.11428498663008213,0.0,0.11657761596143246
encoder.layers.3.self_attn.v_proj,768,resisc45,stanford-cars,8,41,lora,48,0.7586982250213623,0.7522823810577393,0.010416666666666666,0.4876667894423008,0.4872950930148363,0.7482815583546957,0.2710314355790615,0.26498728804290295,0.0,0.2710314355790615
encoder.layers.3.self_attn.v_proj,768,resisc45,sun397,8,41,lora,48,0.7197716236114502,0.7216562628746033,0.010416666666666666,0.48310926742851734,0.4811638481914997,0.7093549569447836,0.23666235618293285,0.24049241468310356,0.0,0.23666235618293285
encoder.layers.3.self_attn.v_proj,768,resisc45,svhn,8,41,lora,48,0.547730565071106,0.5453225374221802,0.010416666666666666,0.4670929331332445,0.4685586616396904,0.5373138984044393,0.08063763193786144,0.07676387578248978,0.0,0.08063763193786144
encoder.layers.3.self_attn.v_proj,768,stanford-cars,sun397,8,41,lora,48,0.7784206867218018,0.7804995179176331,0.010416666666666666,0.4989626985043287,0.502609496936202,0.7680040200551351,0.27945798821747303,0.277890020981431,0.0,0.27945798821747303
encoder.layers.3.self_attn.v_proj,768,stanford-cars,svhn,8,41,lora,48,0.6304309964179993,0.6299088597297668,0.010416666666666666,0.4963621851056814,0.49781475961208344,0.6200143297513326,0.13406881131231785,0.1320941001176834,0.0,0.13406881131231785
encoder.layers.3.self_attn.v_proj,768,sun397,svhn,8,41,lora,48,0.5963224768638611,0.5963175892829895,0.010416666666666666,0.4681627191603184,0.4707536809146404,0.5859058101971945,0.1281597577035427,0.12556390836834908,0.0,0.1281597577035427
encoder.layers.4.self_attn.q_proj,768,dtd,eurosat,8,46,lora,49,0.6531301140785217,0.645269513130188,0.010416666666666666,0.47912861965596676,0.48045205883681774,0.6427134474118551,0.17400149442255497,0.16481745429337025,0.0,0.17400149442255497
encoder.layers.4.self_attn.q_proj,768,dtd,gtsrb,8,46,lora,49,0.5607178807258606,0.5514765381813049,0.010416666666666666,0.5010694656521082,0.507003104314208,0.550301214059194,0.0596484150737524,0.0444734338670969,0.0,0.0596484150737524
encoder.layers.4.self_attn.q_proj,768,dtd,mnist,8,46,lora,49,0.6463794708251953,0.6378445625305176,0.010416666666666666,0.49995217844843864,0.49724263697862625,0.6359628041585287,0.14642729237675667,0.14060192555189133,0.0,0.14642729237675667
encoder.layers.4.self_attn.q_proj,768,dtd,resisc45,8,46,lora,49,0.6931138038635254,0.6884310245513916,0.010416666666666666,0.5021751169115305,0.5051981154829264,0.6826971371968588,0.1909386869519949,0.18323290906846523,0.0,0.1909386869519949
encoder.layers.4.self_attn.q_proj,768,dtd,stanford-cars,8,46,lora,49,0.7080166935920715,0.7143768072128296,0.010416666666666666,0.5289282333105803,0.5294168554246426,0.6976000269254049,0.17908846028149128,0.18495995178818703,0.0,0.17908846028149128
encoder.layers.4.self_attn.q_proj,768,dtd,sun397,8,46,lora,49,0.7590850591659546,0.769611120223999,0.010416666666666666,0.48249638453125954,0.48306923173367977,0.748668392499288,0.27658867463469505,0.28654188849031925,0.0,0.27658867463469505
encoder.layers.4.self_attn.q_proj,768,dtd,svhn,8,46,lora,49,0.6177474856376648,0.6047723293304443,0.010416666666666666,0.49812774918973446,0.497377622872591,0.6073308189709982,0.11961973644793034,0.10739470645785332,0.0,0.11961973644793034
encoder.layers.4.self_attn.q_proj,768,eurosat,gtsrb,8,46,lora,49,0.7005628347396851,0.6885571479797363,0.010416666666666666,0.49218584038317204,0.4924856573343277,0.6901461680730184,0.20837699435651302,0.19607149064540863,0.0,0.20837699435651302
encoder.layers.4.self_attn.q_proj,768,eurosat,mnist,8,46,lora,49,0.6550468802452087,0.654283881187439,0.010416666666666666,0.5105917733162642,0.5086967069655657,0.6446302135785421,0.1444551069289446,0.14558717422187328,0.0,0.1444551069289446
encoder.layers.4.self_attn.q_proj,768,eurosat,resisc45,8,46,lora,49,0.6828286647796631,0.6836187839508057,0.010416666666666666,0.49343537352979183,0.4979507327079773,0.6724119981129965,0.18939329124987125,0.18566805124282837,0.0,0.18939329124987125
encoder.layers.4.self_attn.q_proj,768,eurosat,stanford-cars,8,46,lora,49,0.5925043225288391,0.5877543687820435,0.010416666666666666,0.49555595591664314,0.49812200106680393,0.5820876558621725,0.09694836661219597,0.08963236771523952,0.0,0.09694836661219597
encoder.layers.4.self_attn.q_proj,768,eurosat,sun397,8,46,lora,49,0.6801044940948486,0.6782222986221313,0.010416666666666666,0.5056066028773785,0.5096995811909437,0.669687827428182,0.17449789121747017,0.16852271743118763,0.0,0.17449789121747017
encoder.layers.4.self_attn.q_proj,768,eurosat,svhn,8,46,lora,49,0.6418936252593994,0.6252678632736206,0.010416666666666666,0.4927888233214617,0.4907609149813652,0.6314769585927328,0.14910480193793774,0.1345069482922554,0.0,0.14910480193793774
encoder.layers.4.self_attn.q_proj,768,gtsrb,mnist,8,46,lora,49,0.689936637878418,0.6891435384750366,0.010416666666666666,0.4620309751480818,0.46034260280430317,0.6795199712117513,0.2279056627303362,0.22880093567073345,0.0,0.2279056627303362
encoder.layers.4.self_attn.q_proj,768,gtsrb,resisc45,8,46,lora,49,0.5632854104042053,0.5612849593162537,0.010416666666666666,0.47243706695735455,0.47485264390707016,0.5528687437375387,0.09084834344685078,0.0864323154091835,0.0,0.09084834344685078
encoder.layers.4.self_attn.q_proj,768,gtsrb,stanford-cars,8,46,lora,49,0.5988346338272095,0.5959784984588623,0.010416666666666666,0.49994537234306335,0.5043543633073568,0.5884179671605428,0.09888926148414612,0.09162413515150547,0.0,0.09888926148414612
encoder.layers.4.self_attn.q_proj,768,gtsrb,sun397,8,46,lora,49,0.6124512553215027,0.612060546875,0.010416666666666666,0.5027150548994541,0.5050802081823349,0.6020345886548361,0.10973620042204857,0.1069803386926651,0.0,0.10973620042204857
encoder.layers.4.self_attn.q_proj,768,gtsrb,svhn,8,46,lora,49,0.655746340751648,0.6442511081695557,0.010416666666666666,0.4971045069396496,0.495806947350502,0.6453296740849813,0.15864183381199837,0.14844416081905365,0.0,0.15864183381199837
encoder.layers.4.self_attn.q_proj,768,mnist,resisc45,8,46,lora,49,0.595315158367157,0.5951141715049744,0.010416666666666666,0.4973024111241102,0.4992031529545784,0.5848984917004904,0.09801274724304676,0.09591101855039597,0.0,0.09801274724304676
encoder.layers.4.self_attn.q_proj,768,mnist,stanford-cars,8,46,lora,49,0.6376087665557861,0.629772424697876,0.010416666666666666,0.5152973979711533,0.5175907798111439,0.6271920998891195,0.12231136858463287,0.1121816448867321,0.0,0.12231136858463287
encoder.layers.4.self_attn.q_proj,768,mnist,sun397,8,46,lora,49,0.593497633934021,0.5900275707244873,0.010416666666666666,0.4890666753053665,0.4913723487406969,0.5830809672673544,0.10443095862865448,0.0986552219837904,0.0,0.10443095862865448
encoder.layers.4.self_attn.q_proj,768,mnist,svhn,8,46,lora,49,0.7341760993003845,0.7291842103004456,0.010416666666666666,0.49323699064552784,0.49235778115689754,0.7237594326337179,0.24093910865485668,0.236826429143548,0.0,0.24093910865485668
encoder.layers.4.self_attn.q_proj,768,resisc45,stanford-cars,8,46,lora,49,0.7043419480323792,0.6991084814071655,0.010416666666666666,0.4961444362998009,0.5014744065701962,0.6939252813657125,0.20819751173257828,0.19763407483696938,0.0,0.20819751173257828
encoder.layers.4.self_attn.q_proj,768,resisc45,sun397,8,46,lora,49,0.736021101474762,0.7444939017295837,0.010416666666666666,0.5132767371833324,0.518499756231904,0.7256044348080953,0.22274436429142952,0.2259941454976797,0.0,0.22274436429142952
encoder.layers.4.self_attn.q_proj,768,resisc45,svhn,8,46,lora,49,0.5969066023826599,0.591373860836029,0.010416666666666666,0.5013676732778549,0.5054243467748165,0.5864899357159933,0.09553892910480499,0.08594951406121254,0.0,0.09553892910480499
encoder.layers.4.self_attn.q_proj,768,stanford-cars,sun397,8,46,lora,49,0.7659457921981812,0.7599033713340759,0.010416666666666666,0.5085061192512512,0.5127168074250221,0.7555291255315145,0.25743967294692993,0.2471865639090538,0.0,0.25743967294692993
encoder.layers.4.self_attn.q_proj,768,stanford-cars,svhn,8,46,lora,49,0.6172047257423401,0.6037026047706604,0.010416666666666666,0.4820376131683588,0.48267352394759655,0.6067880590756735,0.13516711257398129,0.12102908082306385,0.0,0.13516711257398129
encoder.layers.4.self_attn.q_proj,768,sun397,svhn,8,46,lora,49,0.6030990481376648,0.6033658385276794,0.010416666666666666,0.499487292021513,0.5018921140581369,0.5926823814709982,0.10361175611615181,0.1014737244695425,0.0,0.10361175611615181
encoder.layers.4.self_attn.v_proj,768,dtd,eurosat,8,46,lora,49,0.57680344581604,0.5806703567504883,0.010416666666666666,0.4720125664025545,0.47384607046842575,0.5663867791493734,0.10479087941348553,0.10682428628206253,0.0,0.10479087941348553
encoder.layers.4.self_attn.v_proj,768,dtd,gtsrb,8,46,lora,49,0.6114223599433899,0.6071139574050903,0.010416666666666666,0.4864079412072897,0.4866590313613415,0.6010056932767233,0.1250144187361002,0.12045492604374886,0.0,0.1250144187361002
encoder.layers.4.self_attn.v_proj,768,dtd,mnist,8,46,lora,49,0.5167100429534912,0.5099303722381592,0.010416666666666666,0.4748807027935982,0.47468139603734016,0.5062933762868246,0.041829340159893036,0.035248976200819016,0.0,0.041829340159893036
encoder.layers.4.self_attn.v_proj,768,dtd,resisc45,8,46,lora,49,0.6800873279571533,0.6693798303604126,0.010416666666666666,0.4656798280775547,0.4686324708163738,0.6696706612904867,0.21440749987959862,0.20074735954403877,0.0,0.21440749987959862
encoder.layers.4.self_attn.v_proj,768,dtd,stanford-cars,8,46,lora,49,0.6100137829780579,0.5938258171081543,0.010416666666666666,0.49459733814001083,0.4955362156033516,0.5995971163113912,0.11541644483804703,0.0982896015048027,0.0,0.11541644483804703
encoder.layers.4.self_attn.v_proj,768,dtd,sun397,8,46,lora,49,0.6884198784828186,0.6777449250221252,0.010416666666666666,0.4974558297544718,0.4959632195532322,0.678003211816152,0.19096404872834682,0.18178170546889305,0.0,0.19096404872834682
encoder.layers.4.self_attn.v_proj,768,dtd,svhn,8,46,lora,49,0.5779660940170288,0.5848857760429382,0.010416666666666666,0.475579546764493,0.4706387724727392,0.5675494273503622,0.10238654725253582,0.11424700357019901,0.0,0.10238654725253582
encoder.layers.4.self_attn.v_proj,768,eurosat,gtsrb,8,46,lora,49,0.6363259553909302,0.6347291469573975,0.010416666666666666,0.4965822882950306,0.4969808254390955,0.6259092887242635,0.13974366709589958,0.13774832151830196,0.0,0.13974366709589958
encoder.layers.4.self_attn.v_proj,768,eurosat,mnist,8,46,lora,49,0.5477808713912964,0.5492848753929138,0.010416666666666666,0.4566570147871971,0.4579636063426733,0.5373642047246298,0.09112385660409927,0.09132126905024052,0.0,0.09112385660409927
encoder.layers.4.self_attn.v_proj,768,eurosat,resisc45,8,46,lora,49,0.5652945637702942,0.5635449886322021,0.010416666666666666,0.4830974228680134,0.48117506317794323,0.5548778971036276,0.08219714090228081,0.08236992545425892,0.0,0.08219714090228081
encoder.layers.4.self_attn.v_proj,768,eurosat,stanford-cars,8,46,lora,49,0.561335027217865,0.5594218373298645,0.010416666666666666,0.49411603063344955,0.49495740234851837,0.5509183605511984,0.06721899658441544,0.06446443498134613,0.0,0.06721899658441544
encoder.layers.4.self_attn.v_proj,768,eurosat,sun397,8,46,lora,49,0.6223323941230774,0.6264980435371399,0.010416666666666666,0.4861351549625397,0.4873355608433485,0.6119157274564108,0.13619723916053772,0.1391624826937914,0.0,0.13619723916053772
encoder.layers.4.self_attn.v_proj,768,eurosat,svhn,8,46,lora,49,0.5952218174934387,0.601310670375824,0.010416666666666666,0.484694579616189,0.48598981834948063,0.5848051508267721,0.11052723787724972,0.11532085202634335,0.0,0.11052723787724972
encoder.layers.4.self_attn.v_proj,768,gtsrb,mnist,8,46,lora,49,0.6845254302024841,0.6903387308120728,0.010416666666666666,0.4950878266245127,0.49590995721518993,0.6741087635358175,0.18943760357797146,0.19442877359688282,0.0,0.18943760357797146
encoder.layers.4.self_attn.v_proj,768,gtsrb,resisc45,8,46,lora,49,0.5787952542304993,0.5739955902099609,0.010416666666666666,0.4875537771731615,0.49167464673519135,0.5683785875638326,0.09124147705733776,0.08232094347476959,0.0,0.09124147705733776
encoder.layers.4.self_attn.v_proj,768,gtsrb,stanford-cars,8,46,lora,49,0.5939422845840454,0.5839086771011353,0.010416666666666666,0.4771489594131708,0.4785650670528412,0.5835256179173788,0.1167933251708746,0.10534361004829407,0.0,0.1167933251708746
encoder.layers.4.self_attn.v_proj,768,gtsrb,sun397,8,46,lora,49,0.5959464907646179,0.5955696105957031,0.010416666666666666,0.49276320450007915,0.49506022967398167,0.5855298240979513,0.10318328626453876,0.10050938092172146,0.0,0.10318328626453876
encoder.layers.4.self_attn.v_proj,768,gtsrb,svhn,8,46,lora,49,0.5825855731964111,0.5817812085151672,0.010416666666666666,0.5010776706039906,0.502049932256341,0.5721689065297445,0.08150790259242058,0.07973127625882626,0.0,0.08150790259242058
encoder.layers.4.self_attn.v_proj,768,mnist,resisc45,8,46,lora,49,0.5343130826950073,0.5347076654434204,0.010416666666666666,0.49173232540488243,0.4931463208049536,0.5238964160283407,0.04258075729012489,0.041561344638466835,0.0,0.04258075729012489
encoder.layers.4.self_attn.v_proj,768,mnist,stanford-cars,8,46,lora,49,0.5691344738006592,0.5643283724784851,0.010416666666666666,0.48360050469636917,0.48541729152202606,0.5587178071339926,0.08553396910429001,0.07891108095645905,0.0,0.08553396910429001
encoder.layers.4.self_attn.v_proj,768,mnist,sun397,8,46,lora,49,0.5345597863197327,0.5319107174873352,0.010416666666666666,0.5118873380124569,0.5137687791138887,0.524143119653066,0.022672448307275772,0.018141938373446465,0.0,0.022672448307275772
encoder.layers.4.self_attn.v_proj,768,mnist,svhn,8,46,lora,49,0.5777754783630371,0.5840269327163696,0.010416666666666666,0.5002792831510305,0.500664385035634,0.5673588116963705,0.07749619521200657,0.08336254768073559,0.0,0.07749619521200657
encoder.layers.4.self_attn.v_proj,768,resisc45,stanford-cars,8,46,lora,49,0.6301591992378235,0.6294115781784058,0.010416666666666666,0.4942253567278385,0.49381930008530617,0.6197425325711569,0.13593384250998497,0.1355922780930996,0.0,0.13593384250998497
encoder.layers.4.self_attn.v_proj,768,resisc45,sun397,8,46,lora,49,0.6457419991493225,0.6329213380813599,0.010416666666666666,0.48939730413258076,0.48804138973355293,0.6353253324826559,0.15634469501674175,0.14487994834780693,0.0,0.15634469501674175
encoder.layers.4.self_attn.v_proj,768,resisc45,svhn,8,46,lora,49,0.6041151881217957,0.5997722148895264,0.010416666666666666,0.5223346464335918,0.5219115018844604,0.593698521455129,0.08178054168820381,0.07786071300506592,0.0,0.08178054168820381
encoder.layers.4.self_attn.v_proj,768,stanford-cars,sun397,8,46,lora,49,0.7523735165596008,0.7476769685745239,0.010416666666666666,0.5036202743649483,0.5062746033072472,0.7419568498929342,0.24875324219465256,0.24140236526727676,0.0,0.24875324219465256
encoder.layers.4.self_attn.v_proj,768,stanford-cars,svhn,8,46,lora,49,0.5418696403503418,0.54300457239151,0.010416666666666666,0.48672917298972607,0.48947687447071075,0.5314529736836752,0.05514046736061573,0.053527697920799255,0.0,0.05514046736061573
encoder.layers.4.self_attn.v_proj,768,sun397,svhn,8,46,lora,49,0.6144697666168213,0.6103352904319763,0.010416666666666666,0.48076801374554634,0.4826212804764509,0.6040530999501547,0.13370175287127495,0.1277140099555254,0.0,0.13370175287127495
encoder.layers.5.self_attn.q_proj,768,dtd,eurosat,8,48,lora,50,0.5941450595855713,0.594947099685669,0.010416666666666666,0.4824609439820051,0.47972603887319565,0.5837283929189047,0.11168411560356617,0.1152210608124733,0.0,0.11168411560356617
encoder.layers.5.self_attn.q_proj,768,dtd,gtsrb,8,48,lora,50,0.5890808701515198,0.5970093011856079,0.010416666666666666,0.4959828797727823,0.49346140399575233,0.5786642034848531,0.09309799037873745,0.10354789718985558,0.0,0.09309799037873745
encoder.layers.5.self_attn.q_proj,768,dtd,mnist,8,48,lora,50,0.5970608592033386,0.60164475440979,0.010416666666666666,0.495215917006135,0.49566941894590855,0.586644192536672,0.10184494219720364,0.10597533546388149,0.0,0.10184494219720364
encoder.layers.5.self_attn.q_proj,768,dtd,resisc45,8,48,lora,50,0.6620672941207886,0.6651286482810974,0.010416666666666666,0.5116249304264784,0.5097761582583189,0.651650627454122,0.1504423636943102,0.1553524900227785,0.0,0.1504423636943102
encoder.layers.5.self_attn.q_proj,768,dtd,stanford-cars,8,48,lora,50,0.6369234323501587,0.6368021368980408,0.010416666666666666,0.48557438887655735,0.4851480908691883,0.6265067656834921,0.15134904347360134,0.15165404602885246,0.0,0.15134904347360134
encoder.layers.5.self_attn.q_proj,768,dtd,sun397,8,48,lora,50,0.6440466642379761,0.652176022529602,0.010416666666666666,0.5196558386087418,0.5200574155896902,0.6336299975713094,0.12439082562923431,0.13211860693991184,0.0,0.12439082562923431
encoder.layers.5.self_attn.q_proj,768,dtd,svhn,8,48,lora,50,0.632194459438324,0.6391735672950745,0.010416666666666666,0.49435292184352875,0.4967359434813261,0.6217777927716573,0.13784153759479523,0.14243762381374836,0.0,0.13784153759479523
encoder.layers.5.self_attn.q_proj,768,eurosat,gtsrb,8,48,lora,50,0.480541855096817,0.48252689838409424,0.010416666666666666,0.5210127979516983,0.521112447604537,0.47012518843015033,-0.04047094285488129,-0.03858554922044277,0.0,-0.04047094285488129
encoder.layers.5.self_attn.q_proj,768,eurosat,mnist,8,48,lora,50,0.43769729137420654,0.44103699922561646,0.010416666666666666,0.5130695048719645,0.5126321762800217,0.42728062470753986,-0.07537221349775791,-0.07159517705440521,0.0,-0.07537221349775791
encoder.layers.5.self_attn.q_proj,768,eurosat,resisc45,8,48,lora,50,0.655886173248291,0.6549837589263916,0.010416666666666666,0.494230093434453,0.4934409614652395,0.6454695065816244,0.161656079813838,0.16154279746115208,0.0,0.161656079813838
encoder.layers.5.self_attn.q_proj,768,eurosat,stanford-cars,8,48,lora,50,0.5574877858161926,0.5536853075027466,0.010416666666666666,0.5304454732686281,0.5292508322745562,0.547071119149526,0.027042312547564507,0.024434475228190422,0.0,0.027042312547564507
encoder.layers.5.self_attn.q_proj,768,eurosat,sun397,8,48,lora,50,0.5978941321372986,0.606168806552887,0.010416666666666666,0.5091890413314104,0.5106333158910275,0.587477465470632,0.08870509080588818,0.09553549066185951,0.0,0.08870509080588818
encoder.layers.5.self_attn.q_proj,768,eurosat,svhn,8,48,lora,50,0.5724638104438782,0.5736466646194458,0.010416666666666666,0.4781338796019554,0.4798917453736067,0.5620471437772115,0.09432993084192276,0.09375491924583912,0.0,0.09432993084192276
encoder.layers.5.self_attn.q_proj,768,gtsrb,mnist,8,48,lora,50,0.6490355134010315,0.6503846645355225,0.010416666666666666,0.4935472123324871,0.49091694317758083,0.6386188467343649,0.1554883010685444,0.15946772135794163,0.0,0.1554883010685444
encoder.layers.5.self_attn.q_proj,768,gtsrb,resisc45,8,48,lora,50,0.5230289697647095,0.5294858813285828,0.010416666666666666,0.5200808160007,0.5202705692499876,0.5126123030980428,0.0029481537640094757,0.009215312078595161,0.0,0.0029481537640094757
encoder.layers.5.self_attn.q_proj,768,gtsrb,stanford-cars,8,48,lora,50,0.6033079624176025,0.603598415851593,0.010416666666666666,0.49311153404414654,0.4946816489100456,0.5928912957509359,0.110196428373456,0.1089167669415474,0.0,0.110196428373456
encoder.layers.5.self_attn.q_proj,768,gtsrb,sun397,8,48,lora,50,0.6100776791572571,0.6174798607826233,0.010416666666666666,0.48581692576408386,0.48897664435207844,0.5996610124905905,0.12426075339317322,0.12850321643054485,0.0,0.12426075339317322
encoder.layers.5.self_attn.q_proj,768,gtsrb,svhn,8,48,lora,50,0.5385521650314331,0.545289158821106,0.010416666666666666,0.49951839447021484,0.5017405673861504,0.5281354983647665,0.03903377056121826,0.0435485914349556,0.0,0.03903377056121826
encoder.layers.5.self_attn.q_proj,768,mnist,resisc45,8,48,lora,50,0.5414376854896545,0.5471787452697754,0.010416666666666666,0.49604141525924206,0.4948656056076288,0.5310210188229879,0.04539627023041248,0.05231313966214657,0.0,0.04539627023041248
encoder.layers.5.self_attn.q_proj,768,mnist,stanford-cars,8,48,lora,50,0.5716823935508728,0.5703624486923218,0.010416666666666666,0.4893653318285942,0.4875564370304346,0.5612657268842062,0.0823170617222786,0.08280601166188717,0.0,0.0823170617222786
encoder.layers.5.self_attn.q_proj,768,mnist,sun397,8,48,lora,50,0.5637269020080566,0.5691465139389038,0.010416666666666666,0.5240815300494432,0.5196330137550831,0.55331023534139,0.039645371958613396,0.049513500183820724,0.0,0.039645371958613396
encoder.layers.5.self_attn.q_proj,768,mnist,svhn,8,48,lora,50,0.5983821749687195,0.6012856960296631,0.010416666666666666,0.47793305665254593,0.4792681857943535,0.5879655083020529,0.12044911831617355,0.1220175102353096,0.0,0.12044911831617355
encoder.layers.5.self_attn.q_proj,768,resisc45,stanford-cars,8,48,lora,50,0.5700634717941284,0.5701501965522766,0.010416666666666666,0.4999586418271065,0.49992504343390465,0.5596468051274618,0.07010482996702194,0.07022515311837196,0.0,0.07010482996702194
encoder.layers.5.self_attn.q_proj,768,resisc45,sun397,8,48,lora,50,0.6482341289520264,0.6592711210250854,0.010416666666666666,0.5008785147219896,0.5004475843161345,0.6378174622853597,0.14735561423003674,0.158823536708951,0.0,0.14735561423003674
encoder.layers.5.self_attn.q_proj,768,resisc45,svhn,8,48,lora,50,0.596958339214325,0.6014177203178406,0.010416666666666666,0.49914431385695934,0.5013083294034004,0.5865416725476583,0.09781402535736561,0.10010939091444016,0.0,0.09781402535736561
encoder.layers.5.self_attn.q_proj,768,stanford-cars,sun397,8,48,lora,50,0.7398031949996948,0.7440956830978394,0.010416666666666666,0.5066742543131113,0.5054651442915201,0.7293865283330282,0.23312894068658352,0.23863053880631924,0.0,0.23312894068658352
encoder.layers.5.self_attn.q_proj,768,stanford-cars,svhn,8,48,lora,50,0.5849224925041199,0.5844636559486389,0.010416666666666666,0.48107094317674637,0.4824901167303324,0.5745058258374532,0.1038515493273735,0.10197353921830654,0.0,0.1038515493273735
encoder.layers.5.self_attn.q_proj,768,sun397,svhn,8,48,lora,50,0.6258364915847778,0.6302796602249146,0.010416666666666666,0.5030813626945019,0.5079338662326336,0.6154198249181112,0.12275512889027596,0.12234579399228096,0.0,0.12275512889027596
encoder.layers.5.self_attn.v_proj,768,dtd,eurosat,8,48,lora,50,0.6369995474815369,0.6343482136726379,0.010416666666666666,0.48109499365091324,0.48195238038897514,0.6265828808148702,0.15590455383062363,0.1523958332836628,0.0,0.15590455383062363
encoder.layers.5.self_attn.v_proj,768,dtd,gtsrb,8,48,lora,50,0.5736449360847473,0.5707418918609619,0.010416666666666666,0.46818919479846954,0.46940818801522255,0.5632282694180807,0.10545574128627777,0.10133370384573936,0.0,0.10545574128627777
encoder.layers.5.self_attn.v_proj,768,dtd,mnist,8,48,lora,50,0.5332793593406677,0.5340619683265686,0.010416666666666666,0.485843263566494,0.4877092558890581,0.5228626926740011,0.04743609577417374,0.04635271243751049,0.0,0.04743609577417374
encoder.layers.5.self_attn.v_proj,768,dtd,resisc45,8,48,lora,50,0.6186957359313965,0.616693913936615,0.010416666666666666,0.49369509890675545,0.49343043752014637,0.6082790692647299,0.12500063702464104,0.12326347641646862,0.0,0.12500063702464104
encoder.layers.5.self_attn.v_proj,768,dtd,stanford-cars,8,48,lora,50,0.5990134477615356,0.5978822708129883,0.010416666666666666,0.47792517207562923,0.47789651341736317,0.588596781094869,0.12108827568590641,0.11998575739562511,0.0,0.12108827568590641
encoder.layers.5.self_attn.v_proj,768,dtd,sun397,8,48,lora,50,0.6580824255943298,0.6581874489784241,0.010416666666666666,0.5015203356742859,0.5028750393539667,0.6476657589276632,0.15656208992004395,0.15531240962445736,0.0,0.15656208992004395
encoder.layers.5.self_attn.v_proj,768,dtd,svhn,8,48,lora,50,0.6096692085266113,0.6058160066604614,0.010416666666666666,0.486556189134717,0.4821452349424362,0.5992525418599447,0.12311301939189434,0.12367077171802521,0.0,0.12311301939189434
encoder.layers.5.self_attn.v_proj,768,eurosat,gtsrb,8,48,lora,50,0.6361958980560303,0.6299549341201782,0.010416666666666666,0.499905189499259,0.49990624748170376,0.6257792313893636,0.13629070855677128,0.13004868663847446,0.0,0.13629070855677128
encoder.layers.5.self_attn.v_proj,768,eurosat,mnist,8,48,lora,50,0.5621835589408875,0.5546378493309021,0.010416666666666666,0.4572698622941971,0.4586119893938303,0.5517668922742208,0.10491369664669037,0.0960258599370718,0.0,0.10491369664669037
encoder.layers.5.self_attn.v_proj,768,eurosat,resisc45,8,48,lora,50,0.6361250877380371,0.6266919374465942,0.010416666666666666,0.45775592513382435,0.45611018501222134,0.6257084210713705,0.17836916260421276,0.1705817524343729,0.0,0.17836916260421276
encoder.layers.5.self_attn.v_proj,768,eurosat,stanford-cars,8,48,lora,50,0.5782021284103394,0.5688206553459167,0.010416666666666666,0.49671552516520023,0.49440568685531616,0.5677854617436727,0.08148660324513912,0.07441496849060059,0.0,0.08148660324513912
encoder.layers.5.self_attn.v_proj,768,eurosat,sun397,8,48,lora,50,0.6105116009712219,0.6088704466819763,0.010416666666666666,0.4948177859187126,0.4955503735691309,0.6000949343045553,0.11569381505250931,0.11332007311284542,0.0,0.11569381505250931
encoder.layers.5.self_attn.v_proj,768,eurosat,svhn,8,48,lora,50,0.6207355856895447,0.6140460968017578,0.010416666666666666,0.48326484858989716,0.48354148864746094,0.610318919022878,0.13747073709964752,0.13050460815429688,0.0,0.13747073709964752
encoder.layers.5.self_attn.v_proj,768,gtsrb,mnist,8,48,lora,50,0.6216492652893066,0.6231611967086792,0.010416666666666666,0.4721500873565674,0.474700465798378,0.61123259862264,0.14949917793273926,0.1484607309103012,0.0,0.14949917793273926
encoder.layers.5.self_attn.v_proj,768,gtsrb,resisc45,8,48,lora,50,0.6282206773757935,0.625723659992218,0.010416666666666666,0.49131547287106514,0.49107252806425095,0.6178040107091268,0.13690520450472832,0.13465113192796707,0.0,0.13690520450472832
encoder.layers.5.self_attn.v_proj,768,gtsrb,stanford-cars,8,48,lora,50,0.5712683200836182,0.5699793100357056,0.010416666666666666,0.4881574120372534,0.4853012543171644,0.5608516534169515,0.08311090804636478,0.08467805571854115,0.0,0.08311090804636478
encoder.layers.5.self_attn.v_proj,768,gtsrb,sun397,8,48,lora,50,0.5955947637557983,0.5871599912643433,0.010416666666666666,0.4788068328052759,0.4780838042497635,0.5851780970891317,0.11678793095052242,0.10907618701457977,0.0,0.11678793095052242
encoder.layers.5.self_attn.v_proj,768,gtsrb,svhn,8,48,lora,50,0.684951663017273,0.6826995611190796,0.010416666666666666,0.48061637580394745,0.48127483017742634,0.6745349963506063,0.2043352872133255,0.20142473094165325,0.0,0.2043352872133255
encoder.layers.5.self_attn.v_proj,768,mnist,resisc45,8,48,lora,50,0.5497205257415771,0.5456807613372803,0.010416666666666666,0.47820404917001724,0.4788454882800579,0.5393038590749105,0.0715164765715599,0.06683527305722237,0.0,0.0715164765715599
encoder.layers.5.self_attn.v_proj,768,mnist,stanford-cars,8,48,lora,50,0.5834522843360901,0.5836140513420105,0.010416666666666666,0.4830619916319847,0.48323562927544117,0.5730356176694235,0.10039029270410538,0.10037842206656933,0.0,0.10039029270410538
encoder.layers.5.self_attn.v_proj,768,mnist,sun397,8,48,lora,50,0.5495269894599915,0.5448458790779114,0.010416666666666666,0.4910112638026476,0.4893656149506569,0.5391103227933248,0.058515725657343864,0.055480264127254486,0.0,0.058515725657343864
encoder.layers.5.self_attn.v_proj,768,mnist,svhn,8,48,lora,50,0.5918456315994263,0.5834178924560547,0.010416666666666666,0.48692937940359116,0.4925870765000582,0.5814289649327596,0.10491625219583511,0.09083081595599651,0.0,0.10491625219583511
encoder.layers.5.self_attn.v_proj,768,resisc45,stanford-cars,8,48,lora,50,0.5837293863296509,0.578357458114624,0.010416666666666666,0.49837030097842216,0.49555715173482895,0.5733127196629842,0.08535908535122871,0.08280030637979507,0.0,0.08535908535122871
encoder.layers.5.self_attn.v_proj,768,resisc45,sun397,8,48,lora,50,0.6434075832366943,0.6405022144317627,0.010416666666666666,0.4903059434145689,0.4889421183615923,0.6329909165700277,0.15310163982212543,0.1515600960701704,0.0,0.15310163982212543
encoder.layers.5.self_attn.v_proj,768,resisc45,svhn,8,48,lora,50,0.6082108616828918,0.6074313521385193,0.010416666666666666,0.4842913579195738,0.48357444629073143,0.5977941950162252,0.12391950376331806,0.12385690584778786,0.0,0.12391950376331806
encoder.layers.5.self_attn.v_proj,768,stanford-cars,sun397,8,48,lora,50,0.6725265383720398,0.6768987774848938,0.010416666666666666,0.5087882056832314,0.5097566302865744,0.6621098717053732,0.16373833268880844,0.16714214719831944,0.0,0.16373833268880844
encoder.layers.5.self_attn.v_proj,768,stanford-cars,svhn,8,48,lora,50,0.5881880521774292,0.5940636396408081,0.010416666666666666,0.4862058665603399,0.4872272703796625,0.5777713855107626,0.10198218561708927,0.10683636926114559,0.0,0.10198218561708927
encoder.layers.5.self_attn.v_proj,768,sun397,svhn,8,48,lora,50,0.6115998029708862,0.6142702698707581,0.010416666666666666,0.4870467744767666,0.48837826400995255,0.6011831363042196,0.12455302849411964,0.1258920058608055,0.0,0.12455302849411964
encoder.layers.6.self_attn.q_proj,768,dtd,eurosat,8,64,lora,44,0.5979180335998535,0.5997084379196167,0.010416666666666666,0.4806469790637493,0.48270885460078716,0.5875013669331869,0.1172710545361042,0.11699958331882954,0.0,0.1172710545361042
encoder.layers.6.self_attn.q_proj,768,dtd,gtsrb,8,64,lora,44,0.5899970531463623,0.5946420431137085,0.010416666666666666,0.48474101163446903,0.4875173643231392,0.5795803864796957,0.10525604151189327,0.1071246787905693,0.0,0.10525604151189327
encoder.layers.6.self_attn.q_proj,768,dtd,mnist,8,64,lora,44,0.5226278901100159,0.5301796793937683,0.010416666666666666,0.5056250169873238,0.5101402346044779,0.5122112234433492,0.017002873122692108,0.020039444789290428,0.0,0.017002873122692108
encoder.layers.6.self_attn.q_proj,768,dtd,resisc45,8,64,lora,44,0.706929087638855,0.7086424827575684,0.010416666666666666,0.4953909832984209,0.4947971384972334,0.6965124209721884,0.21153810434043407,0.21384534426033497,0.0,0.21153810434043407
encoder.layers.6.self_attn.q_proj,768,dtd,stanford-cars,8,64,lora,44,0.5890359878540039,0.5884366631507874,0.010416666666666666,0.504212686792016,0.5104444399476051,0.5786193211873373,0.08482330106198788,0.07799222320318222,0.0,0.08482330106198788
encoder.layers.6.self_attn.q_proj,768,dtd,sun397,8,64,lora,44,0.6590484380722046,0.6583146452903748,0.010416666666666666,0.5029675867408514,0.5088647603988647,0.648631771405538,0.1560808513313532,0.14944988489151,0.0,0.1560808513313532
encoder.layers.6.self_attn.q_proj,768,dtd,svhn,8,64,lora,44,0.5361475944519043,0.5408369302749634,0.010416666666666666,0.4784854855388403,0.4823046624660492,0.5257309277852377,0.057662108913064,0.058532267808914185,0.0,0.057662108913064
encoder.layers.6.self_attn.q_proj,768,eurosat,gtsrb,8,64,lora,44,0.5691043734550476,0.5688689947128296,0.010416666666666666,0.4877592548727989,0.4903312884271145,0.558687706788381,0.08134511858224869,0.0785377062857151,0.0,0.08134511858224869
encoder.layers.6.self_attn.q_proj,768,eurosat,mnist,8,64,lora,44,0.5322360992431641,0.5315674543380737,0.010416666666666666,0.5091128703206778,0.5114693492650986,0.5218194325764974,0.023123228922486305,0.02009810507297516,0.0,0.023123228922486305
encoder.layers.6.self_attn.q_proj,768,eurosat,resisc45,8,64,lora,44,0.6006202697753906,0.6008627414703369,0.010416666666666666,0.5005611311644316,0.5039513316005468,0.590203603108724,0.10005913861095905,0.09691140986979008,0.0,0.10005913861095905
encoder.layers.6.self_attn.q_proj,768,eurosat,stanford-cars,8,64,lora,44,0.5257336497306824,0.5286885499954224,0.010416666666666666,0.5002181269228458,0.4990563802421093,0.5153169830640157,0.025515522807836533,0.029632169753313065,0.0,0.025515522807836533
encoder.layers.6.self_attn.q_proj,768,eurosat,sun397,8,64,lora,44,0.5684530735015869,0.5681209564208984,0.010416666666666666,0.5120585951954126,0.509489793330431,0.5580364068349203,0.05639447830617428,0.05863116309046745,0.0,0.05639447830617428
encoder.layers.6.self_attn.q_proj,768,eurosat,svhn,8,64,lora,44,0.5873191356658936,0.5892442464828491,0.010416666666666666,0.4838181547820568,0.4869910962879658,0.5769024689992269,0.10350098088383675,0.10225315019488335,0.0,0.10350098088383675
encoder.layers.6.self_attn.q_proj,768,gtsrb,mnist,8,64,lora,44,0.6324763298034668,0.6302801966667175,0.010416666666666666,0.491423724219203,0.49152298271656036,0.6220596631368002,0.1410526055842638,0.13875721395015717,0.0,0.1410526055842638
encoder.layers.6.self_attn.q_proj,768,gtsrb,resisc45,8,64,lora,44,0.6758013367652893,0.6749100685119629,0.010416666666666666,0.48845183849334717,0.4890497326850891,0.6653846700986227,0.18734949827194214,0.18586033582687378,0.0,0.18734949827194214
encoder.layers.6.self_attn.q_proj,768,gtsrb,stanford-cars,8,64,lora,44,0.5796675086021423,0.5820446014404297,0.010416666666666666,0.495854614302516,0.49826432950794697,0.5692508419354757,0.08381289429962635,0.08378027193248272,0.0,0.08381289429962635
encoder.layers.6.self_attn.q_proj,768,gtsrb,sun397,8,64,lora,44,0.5713061690330505,0.5700685977935791,0.010416666666666666,0.4995737373828888,0.5032854657620192,0.5608895023663839,0.07173243165016174,0.06678313203155994,0.0,0.07173243165016174
encoder.layers.6.self_attn.q_proj,768,gtsrb,svhn,8,64,lora,44,0.6237342357635498,0.6271960139274597,0.010416666666666666,0.4807733166962862,0.48226212337613106,0.6133175690968832,0.1429609190672636,0.14493389055132866,0.0,0.1429609190672636
encoder.layers.6.self_attn.q_proj,768,mnist,resisc45,8,64,lora,44,0.5606178045272827,0.5606876015663147,0.010416666666666666,0.4920242242515087,0.4931211341172457,0.5502011378606161,0.068593580275774,0.06756646744906902,0.0,0.068593580275774
encoder.layers.6.self_attn.q_proj,768,mnist,stanford-cars,8,64,lora,44,0.5262718796730042,0.5232571363449097,0.010416666666666666,0.5244066696614027,0.5253392029553652,0.5158552130063375,0.001865210011601448,-0.002082066610455513,0.0,0.001865210011601448
encoder.layers.6.self_attn.q_proj,768,mnist,sun397,8,64,lora,44,0.5051087141036987,0.5019960999488831,0.010416666666666666,0.49447754584252834,0.4966716021299362,0.49469204743703205,0.010631168261170387,0.005324497818946838,0.0,0.010631168261170387
encoder.layers.6.self_attn.q_proj,768,mnist,svhn,8,64,lora,44,0.5542213916778564,0.550754725933075,0.010416666666666666,0.4969903267920017,0.49889616668224335,0.5438047250111898,0.05723106488585472,0.051858559250831604,0.0,0.05723106488585472
encoder.layers.6.self_attn.q_proj,768,resisc45,stanford-cars,8,64,lora,44,0.6893133521080017,0.6916462779045105,0.010416666666666666,0.4960545338690281,0.49407058395445347,0.6788966854413351,0.19325881823897362,0.19757569395005703,0.0,0.19325881823897362
encoder.layers.6.self_attn.q_proj,768,resisc45,sun397,8,64,lora,44,0.6910201907157898,0.6897533535957336,0.010416666666666666,0.5015697386115789,0.4989915471524,0.6806035240491232,0.18945045210421085,0.19076180644333363,0.0,0.18945045210421085
encoder.layers.6.self_attn.q_proj,768,resisc45,svhn,8,64,lora,44,0.545843243598938,0.5419486165046692,0.010416666666666666,0.47998194955289364,0.4826359413564205,0.5354265769322714,0.06586129404604435,0.05931267514824867,0.0,0.06586129404604435
encoder.layers.6.self_attn.q_proj,768,stanford-cars,sun397,8,64,lora,44,0.6553723216056824,0.6473421454429626,0.010416666666666666,0.501278830692172,0.509009275585413,0.6449556549390157,0.15409349091351032,0.13833286985754967,0.0,0.15409349091351032
encoder.layers.6.self_attn.q_proj,768,stanford-cars,svhn,8,64,lora,44,0.5464083552360535,0.5459833741188049,0.010416666666666666,0.4896326679736376,0.4900429602712393,0.5359916885693868,0.056775687262415886,0.05594041384756565,0.0,0.056775687262415886
encoder.layers.6.self_attn.q_proj,768,sun397,svhn,8,64,lora,44,0.5725685358047485,0.566933274269104,0.010416666666666666,0.4905625581741333,0.49486325308680534,0.5621518691380819,0.08200597763061523,0.07207002118229866,0.0,0.08200597763061523
encoder.layers.6.self_attn.v_proj,768,dtd,eurosat,8,64,lora,44,0.5514695048332214,0.545380711555481,0.010416666666666666,0.4693472180515528,0.4670113977044821,0.5410528381665548,0.08212228678166866,0.07836931385099888,0.0,0.08212228678166866
encoder.layers.6.self_attn.v_proj,768,dtd,gtsrb,8,64,lora,44,0.4975503385066986,0.49038463830947876,0.010416666666666666,0.4770718179643154,0.47754415310919285,0.4871336718400319,0.020478520542383194,0.012840485200285912,0.0,0.020478520542383194
encoder.layers.6.self_attn.v_proj,768,dtd,mnist,8,64,lora,44,0.5364086031913757,0.5328437089920044,0.010416666666666666,0.48353111743927,0.4817768409848213,0.5259919365247091,0.05287748575210571,0.051066868007183075,0.0,0.05287748575210571
encoder.layers.6.self_attn.v_proj,768,dtd,resisc45,8,64,lora,44,0.6370289325714111,0.6254360675811768,0.010416666666666666,0.478319326415658,0.47715493105351925,0.6266122659047445,0.15870960615575314,0.1482811365276575,0.0,0.15870960615575314
encoder.layers.6.self_attn.v_proj,768,dtd,stanford-cars,8,64,lora,44,0.5628829002380371,0.5563282370567322,0.010416666666666666,0.48690901696681976,0.4875103384256363,0.5524662335713705,0.07597388327121735,0.06881789863109589,0.0,0.07597388327121735
encoder.layers.6.self_attn.v_proj,768,dtd,sun397,8,64,lora,44,0.5870498418807983,0.5807589292526245,0.010416666666666666,0.5093863010406494,0.5080278236418962,0.5766331752141317,0.07766354084014893,0.07273110561072826,0.0,0.07766354084014893
encoder.layers.6.self_attn.v_proj,768,dtd,svhn,8,64,lora,44,0.45474591851234436,0.4531317353248596,0.010416666666666666,0.4920264780521393,0.4959841687232256,0.4443292518456777,-0.03728055953979492,-0.042852433398365974,0.0,-0.03728055953979492
encoder.layers.6.self_attn.v_proj,768,eurosat,gtsrb,8,64,lora,44,0.6144428849220276,0.614504337310791,0.010416666666666666,0.4776157010346651,0.4787484649568796,0.604026218255361,0.13682718388736248,0.1357558723539114,0.0,0.13682718388736248
encoder.layers.6.self_attn.v_proj,768,eurosat,mnist,8,64,lora,44,0.6048930287361145,0.6077750325202942,0.010416666666666666,0.5127714481204748,0.5134305935353041,0.5944763620694479,0.09212158061563969,0.09434443898499012,0.0,0.09212158061563969
encoder.layers.6.self_attn.v_proj,768,eurosat,resisc45,8,64,lora,44,0.605111837387085,0.6031710505485535,0.010416666666666666,0.48491095192730427,0.4859719071537256,0.5946951707204183,0.12020088545978069,0.11719914339482784,0.0,0.12020088545978069
encoder.layers.6.self_attn.v_proj,768,eurosat,stanford-cars,8,64,lora,44,0.6084518432617188,0.6107885837554932,0.010416666666666666,0.48935625702142715,0.4902010690420866,0.5980351765950521,0.1190955862402916,0.12058751471340656,0.0,0.1190955862402916
encoder.layers.6.self_attn.v_proj,768,eurosat,sun397,8,64,lora,44,0.5601143836975098,0.5543091297149658,0.010416666666666666,0.5107476878911257,0.5133785475045443,0.5496977170308431,0.04936669580638409,0.04093058221042156,0.0,0.04936669580638409
encoder.layers.6.self_attn.v_proj,768,eurosat,svhn,8,64,lora,44,0.6528951525688171,0.6544654369354248,0.010416666666666666,0.4992469884455204,0.5018554851412773,0.6424784859021505,0.15364816412329674,0.1526099517941475,0.0,0.15364816412329674
encoder.layers.6.self_attn.v_proj,768,gtsrb,mnist,8,64,lora,44,0.5826255083084106,0.5854612588882446,0.010416666666666666,0.5049734320491552,0.5050233770161867,0.572208841641744,0.07765207625925541,0.08043788187205791,0.0,0.07765207625925541
encoder.layers.6.self_attn.v_proj,768,gtsrb,resisc45,8,64,lora,44,0.5375654101371765,0.5398283004760742,0.010416666666666666,0.47083981707692146,0.47606903873384,0.5271487434705099,0.06672559306025505,0.06375926174223423,0.0,0.06672559306025505
encoder.layers.6.self_attn.v_proj,768,gtsrb,stanford-cars,8,64,lora,44,0.5210645794868469,0.525248110294342,0.010416666666666666,0.5078729037195444,0.5084132496267557,0.5106479128201803,0.013191675767302513,0.016834860667586327,0.0,0.013191675767302513
encoder.layers.6.self_attn.v_proj,768,gtsrb,sun397,8,64,lora,44,0.5892426371574402,0.5913860201835632,0.010416666666666666,0.5007419716566801,0.5017326567322016,0.5788259704907736,0.08850066550076008,0.08965336345136166,0.0,0.08850066550076008
encoder.layers.6.self_attn.v_proj,768,gtsrb,svhn,8,64,lora,44,0.6089470982551575,0.6080334186553955,0.010416666666666666,0.4904187135398388,0.4880467113107443,0.5985304315884908,0.11852838471531868,0.11998670734465122,0.0,0.11852838471531868
encoder.layers.6.self_attn.v_proj,768,mnist,resisc45,8,64,lora,44,0.507928192615509,0.5096739530563354,0.010416666666666666,0.4943785145878792,0.49368441104888916,0.49751152594884235,0.013549678027629852,0.01598954200744629,0.0,0.013549678027629852
encoder.layers.6.self_attn.v_proj,768,mnist,stanford-cars,8,64,lora,44,0.5199781060218811,0.5214791297912598,0.010416666666666666,0.48914704471826553,0.49048876762390137,0.5095614393552145,0.03083106130361557,0.0309903621673584,0.0,0.03083106130361557
encoder.layers.6.self_attn.v_proj,768,mnist,sun397,8,64,lora,44,0.5368834733963013,0.5365341305732727,0.010416666666666666,0.508695013821125,0.5078629273921251,0.5264668067296346,0.02818845957517624,0.028671203181147575,0.0,0.02818845957517624
encoder.layers.6.self_attn.v_proj,768,mnist,svhn,8,64,lora,44,0.6393769383430481,0.6368532776832581,0.010416666666666666,0.5078330524265766,0.5098209641873837,0.6289602716763815,0.13154388591647148,0.1270323134958744,0.0,0.13154388591647148
encoder.layers.6.self_attn.v_proj,768,resisc45,stanford-cars,8,64,lora,44,0.5986608862876892,0.5922257900238037,0.010416666666666666,0.47753795981407166,0.4797653742134571,0.5882442196210226,0.12112292647361755,0.1124604158103466,0.0,0.12112292647361755
encoder.layers.6.self_attn.v_proj,768,resisc45,sun397,8,64,lora,44,0.5992003679275513,0.5888509750366211,0.010416666666666666,0.5045135393738747,0.5055114831775427,0.5887837012608846,0.0946868285536766,0.08333949185907841,0.0,0.0946868285536766
encoder.layers.6.self_attn.v_proj,768,resisc45,svhn,8,64,lora,44,0.5130378007888794,0.5105358958244324,0.010416666666666666,0.48873754777014256,0.48753055557608604,0.5026211341222128,0.02430025301873684,0.02300534024834633,0.0,0.02430025301873684
encoder.layers.6.self_attn.v_proj,768,stanford-cars,sun397,8,64,lora,44,0.6081044673919678,0.6035043001174927,0.010416666666666666,0.5114628188312054,0.5115190111100674,0.5976878007253011,0.0966416485607624,0.09198528900742531,0.0,0.0966416485607624
encoder.layers.6.self_attn.v_proj,768,stanford-cars,svhn,8,64,lora,44,0.5947409868240356,0.6009288430213928,0.010416666666666666,0.4796219225972891,0.4800169877707958,0.584324320157369,0.11511906422674656,0.120911855250597,0.0,0.11511906422674656
encoder.layers.6.self_attn.v_proj,768,sun397,svhn,8,64,lora,44,0.5010275840759277,0.499301940202713,0.010416666666666666,0.4869055077433586,0.492047106847167,0.49061091740926105,0.014122076332569122,0.007254833355545998,0.0,0.014122076332569122
encoder.layers.7.self_attn.q_proj,768,dtd,eurosat,8,53,lora,38,0.6191052198410034,0.6172051429748535,0.010416666666666666,0.47438064217567444,0.47537473775446415,0.6086885531743368,0.14472457766532898,0.14183040522038937,0.0,0.14472457766532898
encoder.layers.7.self_attn.q_proj,768,dtd,gtsrb,8,53,lora,38,0.5354394316673279,0.5326398611068726,0.010416666666666666,0.4699277076870203,0.4748283941298723,0.5250227650006613,0.06551172398030758,0.057811466977000237,0.0,0.06551172398030758
encoder.layers.7.self_attn.q_proj,768,dtd,mnist,8,53,lora,38,0.5753737688064575,0.5764098167419434,0.010416666666666666,0.4748991709202528,0.476880207657814,0.5649571021397909,0.10047459788620472,0.09952960908412933,0.0,0.10047459788620472
encoder.layers.7.self_attn.q_proj,768,dtd,resisc45,8,53,lora,38,0.5473694205284119,0.5375219583511353,0.010416666666666666,0.490731418132782,0.4904223047196865,0.5369527538617452,0.05663800239562988,0.047099653631448746,0.0,0.05663800239562988
encoder.layers.7.self_attn.q_proj,768,dtd,stanford-cars,8,53,lora,38,0.5162864327430725,0.5040527582168579,0.010416666666666666,0.4916551820933819,0.49314207024872303,0.5058697660764059,0.024631250649690628,0.01091068796813488,0.0,0.024631250649690628
encoder.layers.7.self_attn.q_proj,768,dtd,sun397,8,53,lora,38,0.5686843395233154,0.5599852204322815,0.010416666666666666,0.505250496789813,0.5100391320884228,0.5582676728566488,0.06343384273350239,0.04994608834385872,0.0,0.06343384273350239
encoder.layers.7.self_attn.q_proj,768,dtd,svhn,8,53,lora,38,0.554186224937439,0.5509600639343262,0.010416666666666666,0.4712383560836315,0.4722733050584793,0.5437695582707723,0.08294786885380745,0.07868675887584686,0.0,0.08294786885380745
encoder.layers.7.self_attn.q_proj,768,eurosat,gtsrb,8,53,lora,38,0.5501261353492737,0.5484577417373657,0.010416666666666666,0.4712911732494831,0.4742484614253044,0.539709468682607,0.07883496209979057,0.07420928031206131,0.0,0.07883496209979057
encoder.layers.7.self_attn.q_proj,768,eurosat,mnist,8,53,lora,38,0.4780949652194977,0.47935694456100464,0.010416666666666666,0.47951061464846134,0.48273847810924053,0.467678298552831,-0.0014156494289636612,-0.0033815335482358932,0.0,-0.0014156494289636612
encoder.layers.7.self_attn.q_proj,768,eurosat,resisc45,8,53,lora,38,0.6543179750442505,0.6478353142738342,0.010416666666666666,0.518306314945221,0.5174347888678312,0.6439013083775839,0.13601166009902954,0.130400525406003,0.0,0.13601166009902954
encoder.layers.7.self_attn.q_proj,768,eurosat,stanford-cars,8,53,lora,38,0.5552183389663696,0.5568150877952576,0.010416666666666666,0.48328630067408085,0.4867127910256386,0.544801672299703,0.07193203829228878,0.07010229676961899,0.0,0.07193203829228878
encoder.layers.7.self_attn.q_proj,768,eurosat,sun397,8,53,lora,38,0.5570914149284363,0.5575510263442993,0.010416666666666666,0.5047631729394197,0.5128307789564133,0.5466747482617696,0.05232824198901653,0.04472024738788605,0.0,0.05232824198901653
encoder.layers.7.self_attn.q_proj,768,eurosat,svhn,8,53,lora,38,0.5933889746665955,0.5972944498062134,0.010416666666666666,0.4873573072254658,0.48775993287563324,0.5829723079999288,0.10603166744112968,0.10953451693058014,0.0,0.10603166744112968
encoder.layers.7.self_attn.q_proj,768,gtsrb,mnist,8,53,lora,38,0.612533688545227,0.6159470677375793,0.010416666666666666,0.5049239788204432,0.5076366532593966,0.6021170218785604,0.1076097097247839,0.10831041447818279,0.0,0.1076097097247839
encoder.layers.7.self_attn.q_proj,768,gtsrb,resisc45,8,53,lora,38,0.5555908679962158,0.5510562062263489,0.010416666666666666,0.48613614588975906,0.4891211558133364,0.5451742013295492,0.06945472210645676,0.061935050413012505,0.0,0.06945472210645676
encoder.layers.7.self_attn.q_proj,768,gtsrb,stanford-cars,8,53,lora,38,0.5432677865028381,0.5403436422348022,0.010416666666666666,0.5059637017548084,0.5087894257158041,0.5328511198361715,0.03730408474802971,0.031554216518998146,0.0,0.03730408474802971
encoder.layers.7.self_attn.q_proj,768,gtsrb,sun397,8,53,lora,38,0.5523842573165894,0.5436881184577942,0.010416666666666666,0.5027788523584604,0.50887037999928,0.5419675906499227,0.04960540495812893,0.034817738458514214,0.0,0.04960540495812893
encoder.layers.7.self_attn.q_proj,768,gtsrb,svhn,8,53,lora,38,0.6128143668174744,0.6150109767913818,0.010416666666666666,0.4751029685139656,0.47745328210294247,0.6023977001508077,0.13771139830350876,0.13755769468843937,0.0,0.13771139830350876
encoder.layers.7.self_attn.q_proj,768,mnist,resisc45,8,53,lora,38,0.548139750957489,0.5339599251747131,0.010416666666666666,0.4846235550940037,0.48731805942952633,0.5377230842908224,0.06351619586348534,0.046641865745186806,0.0,0.06351619586348534
encoder.layers.7.self_attn.q_proj,768,mnist,stanford-cars,8,53,lora,38,0.5226750373840332,0.5173501372337341,0.010416666666666666,0.5000461377203465,0.5025037042796612,0.5122583707173666,0.022628899663686752,0.014846432954072952,0.0,0.022628899663686752
encoder.layers.7.self_attn.q_proj,768,mnist,sun397,8,53,lora,38,0.5677599310874939,0.5695215463638306,0.010416666666666666,0.5123524088412523,0.5187347438186407,0.5573432644208273,0.05540752224624157,0.05078680254518986,0.0,0.05540752224624157
encoder.layers.7.self_attn.q_proj,768,mnist,svhn,8,53,lora,38,0.577666163444519,0.5762765407562256,0.010416666666666666,0.49489616602659225,0.49667200446128845,0.5672494967778524,0.08276999741792679,0.07960453629493713,0.0,0.08276999741792679
encoder.layers.7.self_attn.q_proj,768,resisc45,stanford-cars,8,53,lora,38,0.515837550163269,0.5094214081764221,0.010416666666666666,0.4975723084062338,0.49887908808887005,0.5054208834966024,0.018265241757035255,0.01054232008755207,0.0,0.018265241757035255
encoder.layers.7.self_attn.q_proj,768,resisc45,sun397,8,53,lora,38,0.6134659647941589,0.5991528630256653,0.010416666666666666,0.4957583472132683,0.5043914411216974,0.6030492981274923,0.11770761758089066,0.09476142190396786,0.0,0.11770761758089066
encoder.layers.7.self_attn.q_proj,768,resisc45,svhn,8,53,lora,38,0.5784564018249512,0.5735006332397461,0.010416666666666666,0.49130033515393734,0.4921925775706768,0.5680397351582845,0.08715606667101383,0.08130805566906929,0.0,0.08715606667101383
encoder.layers.7.self_attn.q_proj,768,stanford-cars,sun397,8,53,lora,38,0.6020435094833374,0.603204607963562,0.010416666666666666,0.5134575292468071,0.5154376570135355,0.5916268428166708,0.0885859802365303,0.08776695095002651,0.0,0.0885859802365303
encoder.layers.7.self_attn.q_proj,768,stanford-cars,svhn,8,53,lora,38,0.5242497324943542,0.528134286403656,0.010416666666666666,0.48469490744173527,0.48574903048574924,0.5138330658276876,0.03955482505261898,0.04238525591790676,0.0,0.03955482505261898
encoder.layers.7.self_attn.q_proj,768,sun397,svhn,8,53,lora,38,0.5585983395576477,0.5652367472648621,0.010416666666666666,0.4897968452423811,0.4949133265763521,0.5481816728909811,0.06880149431526661,0.07032342068850994,0.0,0.06880149431526661
encoder.layers.7.self_attn.v_proj,768,dtd,eurosat,8,53,lora,38,0.5676499009132385,0.5585505366325378,0.010416666666666666,0.477672815322876,0.47540684789419174,0.5572332342465719,0.08997708559036255,0.0831436887383461,0.0,0.08997708559036255
encoder.layers.7.self_attn.v_proj,768,dtd,gtsrb,8,53,lora,38,0.5589202642440796,0.5536951422691345,0.010416666666666666,0.4712492246180773,0.46665289998054504,0.548503597577413,0.08767103962600231,0.08704224228858948,0.0,0.08767103962600231
encoder.layers.7.self_attn.v_proj,768,dtd,mnist,8,53,lora,38,0.5304242968559265,0.5266162753105164,0.010416666666666666,0.4747720845043659,0.47319958359003067,0.5200076301892599,0.05565221235156059,0.05341669172048569,0.0,0.05565221235156059
encoder.layers.7.self_attn.v_proj,768,dtd,resisc45,8,53,lora,38,0.5510801076889038,0.5479606986045837,0.010416666666666666,0.4711590800434351,0.4662602636963129,0.5406634410222372,0.07992102764546871,0.08170043490827084,0.0,0.07992102764546871
encoder.layers.7.self_attn.v_proj,768,dtd,stanford-cars,8,53,lora,38,0.5555802583694458,0.5564683079719543,0.010416666666666666,0.4607898388057947,0.4567388501018286,0.5451635917027792,0.09479041956365108,0.09972945787012577,0.0,0.09479041956365108
encoder.layers.7.self_attn.v_proj,768,dtd,sun397,8,53,lora,38,0.584713876247406,0.5809712409973145,0.010416666666666666,0.4626431167125702,0.4570136275142431,0.5742972095807394,0.12207075953483582,0.12395761348307133,0.0,0.12207075953483582
encoder.layers.7.self_attn.v_proj,768,dtd,svhn,8,53,lora,38,0.5446558594703674,0.5389639735221863,0.010416666666666666,0.48140301927924156,0.4794974084943533,0.5342391928037008,0.06325284019112587,0.059466565027832985,0.0,0.06325284019112587
encoder.layers.7.self_attn.v_proj,768,eurosat,gtsrb,8,53,lora,38,0.5132872462272644,0.5088372826576233,0.010416666666666666,0.4687040150165558,0.4707576707005501,0.5028705795605978,0.04458323121070862,0.03807961195707321,0.0,0.04458323121070862
encoder.layers.7.self_attn.v_proj,768,eurosat,mnist,8,53,lora,38,0.5264482498168945,0.5277981162071228,0.010416666666666666,0.49366385862231255,0.4944802988320589,0.5160315831502279,0.032784391194581985,0.033317817375063896,0.0,0.032784391194581985
encoder.layers.7.self_attn.v_proj,768,eurosat,resisc45,8,53,lora,38,0.5945255756378174,0.5948861837387085,0.010416666666666666,0.49527305737137794,0.4931488260626793,0.5841089089711508,0.09925251826643944,0.1017373576760292,0.0,0.09925251826643944
encoder.layers.7.self_attn.v_proj,768,eurosat,stanford-cars,8,53,lora,38,0.5102744102478027,0.5139562487602234,0.010416666666666666,0.47796084359288216,0.4776820056140423,0.49985774358113605,0.03231356665492058,0.03627424314618111,0.0,0.03231356665492058
encoder.layers.7.self_attn.v_proj,768,eurosat,sun397,8,53,lora,38,0.5669937133789062,0.5586769580841064,0.010416666666666666,0.4883264433592558,0.48682142049074173,0.5565770467122396,0.07866727001965046,0.07185553759336472,0.0,0.07866727001965046
encoder.layers.7.self_attn.v_proj,768,eurosat,svhn,8,53,lora,38,0.5111110210418701,0.5118404030799866,0.010416666666666666,0.5046424567699432,0.5066267214715481,0.5006943543752035,0.00646856427192688,0.005213681608438492,0.0,0.00646856427192688
encoder.layers.7.self_attn.v_proj,768,gtsrb,mnist,8,53,lora,38,0.5335103273391724,0.5277137756347656,0.010416666666666666,0.490045128390193,0.4896463882178068,0.5230936606725057,0.04346519894897938,0.03806738741695881,0.0,0.04346519894897938
encoder.layers.7.self_attn.v_proj,768,gtsrb,resisc45,8,53,lora,38,0.5619944334030151,0.5646467208862305,0.010416666666666666,0.4890830535441637,0.49191294237971306,0.5515777667363485,0.07291137985885143,0.07273377850651741,0.0,0.07291137985885143
encoder.layers.7.self_attn.v_proj,768,gtsrb,stanford-cars,8,53,lora,38,0.5930113792419434,0.586459219455719,0.010416666666666666,0.4832276366651058,0.48094222880899906,0.5825947125752767,0.10978374257683754,0.10551699064671993,0.0,0.10978374257683754
encoder.layers.7.self_attn.v_proj,768,gtsrb,sun397,8,53,lora,38,0.5612252950668335,0.5601750612258911,0.010416666666666666,0.4835293423384428,0.4846478570252657,0.5508086284001669,0.0776959527283907,0.07552720420062542,0.0,0.0776959527283907
encoder.layers.7.self_attn.v_proj,768,gtsrb,svhn,8,53,lora,38,0.5504063963890076,0.5456669330596924,0.010416666666666666,0.4765423685312271,0.4787231031805277,0.5399897297223409,0.07386402785778046,0.0669438298791647,0.0,0.07386402785778046
encoder.layers.7.self_attn.v_proj,768,mnist,resisc45,8,53,lora,38,0.5066332221031189,0.5092083811759949,0.010416666666666666,0.4841792732477188,0.48651156201958656,0.4962165554364522,0.022453948855400085,0.02269681915640831,0.0,0.022453948855400085
encoder.layers.7.self_attn.v_proj,768,mnist,stanford-cars,8,53,lora,38,0.49410390853881836,0.4944755434989929,0.010416666666666666,0.5087109599262476,0.5078099947422743,0.4836872418721517,-0.014607051387429237,-0.013334451243281364,0.0,-0.014607051387429237
encoder.layers.7.self_attn.v_proj,768,mnist,sun397,8,53,lora,38,0.48185569047927856,0.4950135052204132,0.010416666666666666,0.49181764014065266,0.4905549939721823,0.4714390238126119,-0.009961949661374092,0.004458511248230934,0.0,-0.009961949661374092
encoder.layers.7.self_attn.v_proj,768,mnist,svhn,8,53,lora,38,0.6316313743591309,0.6302217841148376,0.010416666666666666,0.4819379709661007,0.48303610272705555,0.6212147076924642,0.14969340339303017,0.1471856813877821,0.0,0.14969340339303017
encoder.layers.7.self_attn.v_proj,768,resisc45,stanford-cars,8,53,lora,38,0.5828997492790222,0.5808808207511902,0.010416666666666666,0.49511801823973656,0.4931957386434078,0.5724830826123556,0.08778173103928566,0.08768508210778236,0.0,0.08778173103928566
encoder.layers.7.self_attn.v_proj,768,resisc45,sun397,8,53,lora,38,0.642634391784668,0.6386245489120483,0.010416666666666666,0.4965504016727209,0.4939322415739298,0.6322177251180013,0.14608399011194706,0.14469230733811855,0.0,0.14608399011194706
encoder.layers.7.self_attn.v_proj,768,resisc45,svhn,8,53,lora,38,0.47868627309799194,0.4851441979408264,0.010416666666666666,0.4783230349421501,0.4781860113143921,0.46826960643132526,0.0003632381558418274,0.006958186626434326,0.0,0.0003632381558418274
encoder.layers.7.self_attn.v_proj,768,stanford-cars,sun397,8,53,lora,38,0.6472974419593811,0.6499528288841248,0.010416666666666666,0.4947909042239189,0.4930306766182184,0.6368807752927145,0.1525065377354622,0.15692215226590633,0.0,0.1525065377354622
encoder.layers.7.self_attn.v_proj,768,stanford-cars,svhn,8,53,lora,38,0.5813995599746704,0.582164466381073,0.010416666666666666,0.4718185868114233,0.47239889949560165,0.5709828933080038,0.10958097316324711,0.10976556688547134,0.0,0.10958097316324711
encoder.layers.7.self_attn.v_proj,768,sun397,svhn,8,53,lora,38,0.501774787902832,0.5093488097190857,0.010416666666666666,0.4783252142369747,0.47661538422107697,0.49135812123616535,0.023449573665857315,0.03273342549800873,0.0,0.023449573665857315
encoder.layers.8.self_attn.q_proj,768,dtd,eurosat,8,48,lora,37,0.5285237431526184,0.5310759544372559,0.010416666666666666,0.504954693838954,0.5067122206091881,0.5181070764859518,0.023569049313664436,0.02436373382806778,0.0,0.023569049313664436
encoder.layers.8.self_attn.q_proj,768,dtd,gtsrb,8,48,lora,37,0.5437750220298767,0.543803870677948,0.010416666666666666,0.49330768547952175,0.4917633756995201,0.5333583553632101,0.05046733655035496,0.05204049497842789,0.0,0.05046733655035496
encoder.layers.8.self_attn.q_proj,768,dtd,mnist,8,48,lora,37,0.5276685953140259,0.5319602489471436,0.010416666666666666,0.485851164907217,0.48577630519866943,0.5172519286473592,0.04181743040680885,0.04618394374847412,0.0,0.04181743040680885
encoder.layers.8.self_attn.q_proj,768,dtd,resisc45,8,48,lora,37,0.5865156054496765,0.5855340361595154,0.010416666666666666,0.4932473599910736,0.49506483785808086,0.5760989387830099,0.0932682454586029,0.09046919830143452,0.0,0.0932682454586029
encoder.layers.8.self_attn.q_proj,768,dtd,stanford-cars,8,48,lora,37,0.5077669620513916,0.5017208456993103,0.010416666666666666,0.4988517891615629,0.49954986199736595,0.4973502953847249,0.008915172889828682,0.002170983701944351,0.0,0.008915172889828682
encoder.layers.8.self_attn.q_proj,768,dtd,sun397,8,48,lora,37,0.6483801603317261,0.6505976915359497,0.010416666666666666,0.4824704471975565,0.48420507833361626,0.6379634936650594,0.16590971313416958,0.16639261320233345,0.0,0.16590971313416958
encoder.layers.8.self_attn.q_proj,768,dtd,svhn,8,48,lora,37,0.47268980741500854,0.48008036613464355,0.010416666666666666,0.4889155123382807,0.49202519841492176,0.46227314074834186,-0.016225704923272133,-0.011944832280278206,0.0,-0.016225704923272133
encoder.layers.8.self_attn.q_proj,768,eurosat,gtsrb,8,48,lora,37,0.5135788917541504,0.5180679559707642,0.010416666666666666,0.5036775767803192,0.5045714471489191,0.5031622250874838,0.009901314973831177,0.013496508821845055,0.0,0.009901314973831177
encoder.layers.8.self_attn.q_proj,768,eurosat,mnist,8,48,lora,37,0.5223163962364197,0.5294153690338135,0.010416666666666666,0.5005726292729378,0.5010788552463055,0.511899729569753,0.021743766963481903,0.02833651378750801,0.0,0.021743766963481903
encoder.layers.8.self_attn.q_proj,768,eurosat,resisc45,8,48,lora,37,0.6311773061752319,0.6317876577377319,0.010416666666666666,0.5117282886058092,0.5124011300504208,0.6207606395085653,0.11944901756942272,0.11938652768731117,0.0,0.11944901756942272
encoder.layers.8.self_attn.q_proj,768,eurosat,stanford-cars,8,48,lora,37,0.5175097584724426,0.5229851007461548,0.010416666666666666,0.49219111539423466,0.4923458229750395,0.507093091805776,0.02531864307820797,0.030639277771115303,0.0,0.02531864307820797
encoder.layers.8.self_attn.q_proj,768,eurosat,sun397,8,48,lora,37,0.5923396348953247,0.5948757529258728,0.010416666666666666,0.509112149477005,0.507273344323039,0.5819229682286581,0.0832274854183197,0.08760240860283375,0.0,0.0832274854183197
encoder.layers.8.self_attn.q_proj,768,eurosat,svhn,8,48,lora,37,0.4727057218551636,0.4759010970592499,0.010416666666666666,0.48845675960183144,0.48910477571189404,0.4622890551884969,-0.015751037746667862,-0.013203678652644157,0.0,-0.015751037746667862
encoder.layers.8.self_attn.q_proj,768,gtsrb,mnist,8,48,lora,37,0.6158519983291626,0.6148437261581421,0.010416666666666666,0.4913741257041693,0.4908154010772705,0.605435331662496,0.12447787262499332,0.12402832508087158,0.0,0.12447787262499332
encoder.layers.8.self_attn.q_proj,768,gtsrb,resisc45,8,48,lora,37,0.5227788686752319,0.5260058045387268,0.010416666666666666,0.49692182801663876,0.49759192019701004,0.5123622020085653,0.025857040658593178,0.028413884341716766,0.0,0.025857040658593178
encoder.layers.8.self_attn.q_proj,768,gtsrb,stanford-cars,8,48,lora,37,0.5364983081817627,0.5422148704528809,0.010416666666666666,0.5024275109171867,0.5023220703005791,0.5260816415150961,0.03407079726457596,0.03989280015230179,0.0,0.03407079726457596
encoder.layers.8.self_attn.q_proj,768,gtsrb,sun397,8,48,lora,37,0.5424576997756958,0.543490469455719,0.010416666666666666,0.48714826069772243,0.48712241277098656,0.5320410331090292,0.055309439077973366,0.05636805668473244,0.0,0.055309439077973366
encoder.layers.8.self_attn.q_proj,768,gtsrb,svhn,8,48,lora,37,0.4992438554763794,0.5015056729316711,0.010416666666666666,0.48719949275255203,0.4862177465111017,0.4888271888097127,0.012044362723827362,0.01528792642056942,0.0,0.012044362723827362
encoder.layers.8.self_attn.q_proj,768,mnist,resisc45,8,48,lora,37,0.5195227265357971,0.5280089974403381,0.010416666666666666,0.5032039377838373,0.505733747035265,0.5091060598691305,0.0163187887519598,0.022275250405073166,0.0,0.0163187887519598
encoder.layers.8.self_attn.q_proj,768,mnist,stanford-cars,8,48,lora,37,0.5350350141525269,0.5373386144638062,0.010416666666666666,0.4936588667333126,0.4945989418774843,0.5246183474858602,0.04137614741921425,0.04273967258632183,0.0,0.04137614741921425
encoder.layers.8.self_attn.q_proj,768,mnist,sun397,8,48,lora,37,0.5308976173400879,0.5351604223251343,0.010416666666666666,0.5010007955133915,0.5010512992739677,0.5204809506734213,0.029896821826696396,0.034109123051166534,0.0,0.029896821826696396
encoder.layers.8.self_attn.q_proj,768,mnist,svhn,8,48,lora,37,0.5406164526939392,0.5449803471565247,0.010416666666666666,0.4973360877484083,0.5004166886210442,0.5301997860272726,0.04328036494553089,0.0445636585354805,0.0,0.04328036494553089
encoder.layers.8.self_attn.q_proj,768,resisc45,stanford-cars,8,48,lora,37,0.5310393571853638,0.5351816415786743,0.010416666666666666,0.49681028723716736,0.4982905201613903,0.5206226905186971,0.03422906994819641,0.03689112141728401,0.0,0.03422906994819641
encoder.layers.8.self_attn.q_proj,768,resisc45,sun397,8,48,lora,37,0.5539757013320923,0.5561487674713135,0.010416666666666666,0.5038952566683292,0.5034805852919817,0.5435590346654257,0.050080444663763046,0.05266818217933178,0.0,0.050080444663763046
encoder.layers.8.self_attn.q_proj,768,resisc45,svhn,8,48,lora,37,0.5285952091217041,0.5312701463699341,0.010416666666666666,0.4774450398981571,0.4798059295862913,0.5181785424550375,0.05115016922354698,0.05146421678364277,0.0,0.05115016922354698
encoder.layers.8.self_attn.q_proj,768,stanford-cars,sun397,8,48,lora,37,0.5922145843505859,0.5938282012939453,0.010416666666666666,0.5117751620709896,0.5102508813142776,0.5817979176839193,0.08043942227959633,0.08357731997966766,0.0,0.08043942227959633
encoder.layers.8.self_attn.q_proj,768,stanford-cars,svhn,8,48,lora,37,0.4924452602863312,0.48699066042900085,0.010416666666666666,0.5009228773415089,0.5014922935515642,0.4820285936196645,-0.008477617055177689,-0.014501633122563362,0.0,-0.008477617055177689
encoder.layers.8.self_attn.q_proj,768,sun397,svhn,8,48,lora,37,0.48538559675216675,0.4939696490764618,0.010416666666666666,0.49407229386270046,0.4946292284876108,0.47496893008550006,-0.008686697110533714,-0.000659579411149025,0.0,-0.008686697110533714
encoder.layers.8.self_attn.v_proj,768,dtd,eurosat,8,48,lora,37,0.5249893665313721,0.5203019976615906,0.010416666666666666,0.45902491360902786,0.4592552464455366,0.5145726998647054,0.06596445292234421,0.06104675121605396,0.0,0.06596445292234421
encoder.layers.8.self_attn.v_proj,768,dtd,gtsrb,8,48,lora,37,0.46557506918907166,0.46691417694091797,0.010416666666666666,0.46672301180660725,0.4683802742511034,0.45515840252240497,-0.0011479426175355911,-0.0014660973101854324,0.0,-0.0011479426175355911
encoder.layers.8.self_attn.v_proj,768,dtd,mnist,8,48,lora,37,0.5499207377433777,0.5414459109306335,0.010416666666666666,0.44413789734244347,0.44201448932290077,0.5395040710767111,0.10578284040093422,0.09943142160773277,0.0,0.10578284040093422
encoder.layers.8.self_attn.v_proj,768,dtd,resisc45,8,48,lora,37,0.5092908143997192,0.5151079893112183,0.010416666666666666,0.46217487938702106,0.4636896960437298,0.49887414773305255,0.047115935012698174,0.05141829326748848,0.0,0.047115935012698174
encoder.layers.8.self_attn.v_proj,768,dtd,stanford-cars,8,48,lora,37,0.5327807068824768,0.5287919044494629,0.010416666666666666,0.48511114716529846,0.4812936671078205,0.5223640402158102,0.047669559717178345,0.04749823734164238,0.0,0.047669559717178345
encoder.layers.8.self_attn.v_proj,768,dtd,sun397,8,48,lora,37,0.4358658194541931,0.44266074895858765,0.010416666666666666,0.48015649802982807,0.4770738873630762,0.42544915278752643,-0.044290678575634956,-0.034413138404488564,0.0,-0.044290678575634956
encoder.layers.8.self_attn.v_proj,768,dtd,svhn,8,48,lora,37,0.44703415036201477,0.446800172328949,0.010416666666666666,0.4590449221432209,0.46161291748285294,0.4366174836953481,-0.012010771781206131,-0.014812745153903961,0.0,-0.012010771781206131
encoder.layers.8.self_attn.v_proj,768,eurosat,gtsrb,8,48,lora,37,0.4710443615913391,0.47246479988098145,0.010416666666666666,0.47285681031644344,0.4746551588177681,0.4606276949246724,-0.001812448725104332,-0.0021903589367866516,0.0,-0.001812448725104332
encoder.layers.8.self_attn.v_proj,768,eurosat,mnist,8,48,lora,37,0.5779768228530884,0.5752955675125122,0.010416666666666666,0.47308337688446045,0.4717905092984438,0.5675601561864217,0.10489344596862793,0.10350505821406841,0.0,0.10489344596862793
encoder.layers.8.self_attn.v_proj,768,eurosat,resisc45,8,48,lora,37,0.6660503149032593,0.6678241491317749,0.010416666666666666,0.49923514388501644,0.49839474633336067,0.6556336482365926,0.16681517101824284,0.16942940279841423,0.0,0.16681517101824284
encoder.layers.8.self_attn.v_proj,768,eurosat,stanford-cars,8,48,lora,37,0.5885157585144043,0.5934807062149048,0.010416666666666666,0.48076839558780193,0.48063427209854126,0.5780990918477377,0.10774736292660236,0.11284643411636353,0.0,0.10774736292660236
encoder.layers.8.self_attn.v_proj,768,eurosat,sun397,8,48,lora,37,0.48600050806999207,0.4859490394592285,0.010416666666666666,0.5043581761419773,0.5027981083840132,0.4755838414033254,-0.018357668071985245,-0.01684906892478466,0.0,-0.018357668071985245
encoder.layers.8.self_attn.v_proj,768,eurosat,svhn,8,48,lora,37,0.5072792768478394,0.5070706605911255,0.010416666666666666,0.4933920279145241,0.49295128136873245,0.49686261018117267,0.013887248933315277,0.014119379222393036,0.0,0.013887248933315277
encoder.layers.8.self_attn.v_proj,768,gtsrb,mnist,8,48,lora,37,0.61325603723526,0.6105867624282837,0.010416666666666666,0.4700916428118944,0.47402902878820896,0.6028393705685934,0.1431643944233656,0.13655773364007473,0.0,0.1431643944233656
encoder.layers.8.self_attn.v_proj,768,gtsrb,resisc45,8,48,lora,37,0.5029793977737427,0.4993996024131775,0.010416666666666666,0.4749090727418661,0.477558383718133,0.492562731107076,0.028070325031876564,0.021841218695044518,0.0,0.028070325031876564
encoder.layers.8.self_attn.v_proj,768,gtsrb,stanford-cars,8,48,lora,37,0.41894078254699707,0.4223574995994568,0.010416666666666666,0.48559047654271126,0.4894932582974434,0.4085241158803304,-0.06664969399571419,-0.0671357586979866,0.0,-0.06664969399571419
encoder.layers.8.self_attn.v_proj,768,gtsrb,sun397,8,48,lora,37,0.4922923743724823,0.4892730414867401,0.010416666666666666,0.48260221257805824,0.4837765730917454,0.4818757077058156,0.009690161794424057,0.005496468394994736,0.0,0.009690161794424057
encoder.layers.8.self_attn.v_proj,768,gtsrb,svhn,8,48,lora,37,0.5881914496421814,0.582875669002533,0.010416666666666666,0.4923014361411333,0.49143337458372116,0.5777747829755148,0.09589001350104809,0.0914422944188118,0.0,0.09589001350104809
encoder.layers.8.self_attn.v_proj,768,mnist,resisc45,8,48,lora,37,0.48366686701774597,0.48287564516067505,0.010416666666666666,0.48297299444675446,0.4833975322544575,0.4732502003510793,0.0006938725709915161,-0.0005218870937824249,0.0,0.0006938725709915161
encoder.layers.8.self_attn.v_proj,768,mnist,stanford-cars,8,48,lora,37,0.47286832332611084,0.47048240900039673,0.010416666666666666,0.49844794906675816,0.4982468858361244,0.46245165665944415,-0.025579625740647316,-0.02776447683572769,0.0,-0.025579625740647316
encoder.layers.8.self_attn.v_proj,768,mnist,sun397,8,48,lora,37,0.4922122359275818,0.488377183675766,0.010416666666666666,0.4867847375571728,0.48621270060539246,0.4817955692609151,0.005427498370409012,0.002164483070373535,0.0,0.005427498370409012
encoder.layers.8.self_attn.v_proj,768,mnist,svhn,8,48,lora,37,0.6524212956428528,0.6508434414863586,0.010416666666666666,0.5028964933007956,0.5023407265543938,0.6420046289761862,0.14952480234205723,0.14850271493196487,0.0,0.14952480234205723
encoder.layers.8.self_attn.v_proj,768,resisc45,stanford-cars,8,48,lora,37,0.5175695419311523,0.5187637805938721,0.010416666666666666,0.4939308874309063,0.4947197362780571,0.5071528752644857,0.023638654500246048,0.024044044315814972,0.0,0.023638654500246048
encoder.layers.8.self_attn.v_proj,768,resisc45,sun397,8,48,lora,37,0.5579432845115662,0.5581381320953369,0.010416666666666666,0.48163392022252083,0.4809832740575075,0.5475266178448995,0.07630936428904533,0.0771548580378294,0.0,0.07630936428904533
encoder.layers.8.self_attn.v_proj,768,resisc45,svhn,8,48,lora,37,0.5197760462760925,0.5203433632850647,0.010416666666666666,0.4834139049053192,0.4833700805902481,0.5093593796094259,0.036362141370773315,0.03697328269481659,0.0,0.036362141370773315
encoder.layers.8.self_attn.v_proj,768,stanford-cars,sun397,8,48,lora,37,0.5685685873031616,0.568570077419281,0.010416666666666666,0.49999386072158813,0.5000655557960272,0.558151920636495,0.06857472658157349,0.06850452162325382,0.0,0.06857472658157349
encoder.layers.8.self_attn.v_proj,768,stanford-cars,svhn,8,48,lora,37,0.434020072221756,0.4395395815372467,0.010416666666666666,0.4693983029574156,0.47097097523510456,0.4236034055550893,-0.0353782307356596,-0.03143139369785786,0.0,-0.0353782307356596
encoder.layers.8.self_attn.v_proj,768,sun397,svhn,8,48,lora,37,0.5076383352279663,0.5070040822029114,0.010416666666666666,0.4948199447244406,0.4920079577714205,0.4972216685612996,0.012818390503525734,0.014996124431490898,0.0,0.012818390503525734
encoder.layers.9.self_attn.q_proj,768,dtd,eurosat,8,35,lora,34,0.613214373588562,0.6141582131385803,0.010416666666666666,0.49236430786550045,0.4928370602428913,0.6027977069218954,0.12085006572306156,0.12132115289568901,0.0,0.12085006572306156
encoder.layers.9.self_attn.q_proj,768,dtd,gtsrb,8,35,lora,34,0.5849041938781738,0.5841593146324158,0.010416666666666666,0.471081105992198,0.4703179094940424,0.5744875272115072,0.11382308788597584,0.11384140513837337,0.0,0.11382308788597584
encoder.layers.9.self_attn.q_proj,768,dtd,mnist,8,35,lora,34,0.5554784536361694,0.5559419989585876,0.010416666666666666,0.492718942463398,0.4966658502817154,0.5450617869695028,0.06275951117277145,0.05927614867687225,0.0,0.06275951117277145
encoder.layers.9.self_attn.q_proj,768,dtd,resisc45,8,35,lora,34,0.5191145539283752,0.52316814661026,0.010416666666666666,0.4735036324709654,0.4745540115982294,0.5086978872617086,0.04561092145740986,0.0486141350120306,0.0,0.04561092145740986
encoder.layers.9.self_attn.q_proj,768,dtd,stanford-cars,8,35,lora,34,0.5325467586517334,0.5333158373832703,0.010416666666666666,0.4756754357367754,0.4781199097633362,0.5221300919850668,0.056871322914958,0.05519592761993408,0.0,0.056871322914958
encoder.layers.9.self_attn.q_proj,768,dtd,sun397,8,35,lora,34,0.5494216084480286,0.5461946725845337,0.010416666666666666,0.4833074305206537,0.4832584783434868,0.5390049417813619,0.06611417792737484,0.0629361942410469,0.0,0.06611417792737484
encoder.layers.9.self_attn.q_proj,768,dtd,svhn,8,35,lora,34,0.5343529582023621,0.5322456359863281,0.010416666666666666,0.48853107914328575,0.48361274786293507,0.5239362915356954,0.04582187905907631,0.04863288812339306,0.0,0.04582187905907631
encoder.layers.9.self_attn.q_proj,768,eurosat,gtsrb,8,35,lora,34,0.5415529608726501,0.5422669649124146,0.010416666666666666,0.48974528908729553,0.49019521847367287,0.5311362942059835,0.051807671785354614,0.052071746438741684,0.0,0.051807671785354614
encoder.layers.9.self_attn.q_proj,768,eurosat,mnist,8,35,lora,34,0.516037106513977,0.5170575976371765,0.010416666666666666,0.5016925763338804,0.5019172504544258,0.5056204398473104,0.014344530180096626,0.015140347182750702,0.0,0.014344530180096626
encoder.layers.9.self_attn.q_proj,768,eurosat,resisc45,8,35,lora,34,0.6631093621253967,0.6599299907684326,0.010416666666666666,0.5073236655443907,0.5070893000811338,0.6526926954587301,0.15578569658100605,0.15284069068729877,0.0,0.15578569658100605
encoder.layers.9.self_attn.q_proj,768,eurosat,stanford-cars,8,35,lora,34,0.5791107416152954,0.5781001448631287,0.010416666666666666,0.49208214320242405,0.4911110084503889,0.5686940749486288,0.08702859841287136,0.08698913641273975,0.0,0.08702859841287136
encoder.layers.9.self_attn.q_proj,768,eurosat,sun397,8,35,lora,34,0.5886918902397156,0.5827870965003967,0.010416666666666666,0.5059737730771303,0.5058208182454109,0.578275223573049,0.08271811716258526,0.07696627825498581,0.0,0.08271811716258526
encoder.layers.9.self_attn.q_proj,768,eurosat,svhn,8,35,lora,34,0.5196105241775513,0.5175409317016602,0.010416666666666666,0.5260302238166332,0.5262480452656746,0.5091938575108846,-0.006419699639081955,-0.008707113564014435,0.0,-0.006419699639081955
encoder.layers.9.self_attn.q_proj,768,gtsrb,mnist,8,35,lora,34,0.4995231628417969,0.5091412663459778,0.010416666666666666,0.488589471206069,0.48793415538966656,0.4891064961751302,0.010933691635727882,0.021207110956311226,0.0,0.010933691635727882
encoder.layers.9.self_attn.q_proj,768,gtsrb,resisc45,8,35,lora,34,0.5300125479698181,0.5362984538078308,0.010416666666666666,0.4822124894708395,0.481741713359952,0.5195958813031515,0.047800058498978615,0.05455674044787884,0.0,0.047800058498978615
encoder.layers.9.self_attn.q_proj,768,gtsrb,stanford-cars,8,35,lora,34,0.5700118541717529,0.5720224976539612,0.010416666666666666,0.4770125988870859,0.47972999699413776,0.5595951875050863,0.09299925528466702,0.09229250065982342,0.0,0.09299925528466702
encoder.layers.9.self_attn.q_proj,768,gtsrb,sun397,8,35,lora,34,0.5727571845054626,0.5779285430908203,0.010416666666666666,0.4968601483851671,0.49782995507121086,0.562340517838796,0.07589703612029552,0.08009858801960945,0.0,0.07589703612029552
encoder.layers.9.self_attn.q_proj,768,gtsrb,svhn,8,35,lora,34,0.5979804396629333,0.5992194414138794,0.010416666666666666,0.46893865801393986,0.46748676896095276,0.5875637729962667,0.1290417816489935,0.13173267245292664,0.0,0.1290417816489935
encoder.layers.9.self_attn.q_proj,768,mnist,resisc45,8,35,lora,34,0.4895860254764557,0.4942193627357483,0.010416666666666666,0.4813346266746521,0.48150220327079296,0.479169358809789,0.008251398801803589,0.01271715946495533,0.0,0.008251398801803589
encoder.layers.9.self_attn.q_proj,768,mnist,stanford-cars,8,35,lora,34,0.5140380859375,0.5144093632698059,0.010416666666666666,0.5067227762192488,0.506745932623744,0.5036214192708334,0.007315309718251228,0.007663430646061897,0.0,0.007315309718251228
encoder.layers.9.self_attn.q_proj,768,mnist,sun397,8,35,lora,34,0.4978090524673462,0.491385281085968,0.010416666666666666,0.47560651786625385,0.4780784919857979,0.4873923858006795,0.02220253460109234,0.013306789100170135,0.0,0.02220253460109234
encoder.layers.9.self_attn.q_proj,768,mnist,svhn,8,35,lora,34,0.601442813873291,0.6075212359428406,0.010416666666666666,0.4913753140717745,0.48981619253754616,0.5910261472066244,0.11006749980151653,0.11770504340529442,0.0,0.11006749980151653
encoder.layers.9.self_attn.q_proj,768,resisc45,stanford-cars,8,35,lora,34,0.5497721433639526,0.5493095517158508,0.010416666666666666,0.487259391695261,0.48645783215761185,0.539355476697286,0.06251275166869164,0.06285171955823898,0.0,0.06251275166869164
encoder.layers.9.self_attn.q_proj,768,resisc45,sun397,8,35,lora,34,0.5324802994728088,0.5374991297721863,0.010416666666666666,0.4930132105946541,0.49398692697286606,0.5220636328061422,0.039467088878154755,0.04351220279932022,0.0,0.039467088878154755
encoder.layers.9.self_attn.q_proj,768,resisc45,svhn,8,35,lora,34,0.5314762592315674,0.5287702679634094,0.010416666666666666,0.5059125944972038,0.5064338557422161,0.5210595925649008,0.025563664734363556,0.022336412221193314,0.0,0.025563664734363556
encoder.layers.9.self_attn.q_proj,768,stanford-cars,sun397,8,35,lora,34,0.5988817811012268,0.5866986513137817,0.010416666666666666,0.5120511502027512,0.5142213571816683,0.5884651144345602,0.08683063089847565,0.07247729413211346,0.0,0.08683063089847565
encoder.layers.9.self_attn.q_proj,768,stanford-cars,svhn,8,35,lora,34,0.5310556888580322,0.5303363800048828,0.010416666666666666,0.4895299319177866,0.4922304581850767,0.5206390221913656,0.04152575694024563,0.0381059218198061,0.0,0.04152575694024563
encoder.layers.9.self_attn.q_proj,768,sun397,svhn,8,35,lora,34,0.4677966237068176,0.46816545724868774,0.010416666666666666,0.497516131028533,0.49465974420309067,0.45737995704015094,-0.029719507321715355,-0.026494286954402924,0.0,-0.029719507321715355
encoder.layers.9.self_attn.v_proj,768,dtd,eurosat,8,35,lora,34,0.6150628328323364,0.6064652800559998,0.010416666666666666,0.4707518182694912,0.47126122936606407,0.6046461661656698,0.14431101456284523,0.13520405068993568,0.0,0.14431101456284523
encoder.layers.9.self_attn.v_proj,768,dtd,gtsrb,8,35,lora,34,0.58461594581604,0.5945624113082886,0.010416666666666666,0.4533330537378788,0.4572665151208639,0.5741992791493734,0.13128289207816124,0.13729589618742466,0.0,0.13128289207816124
encoder.layers.9.self_attn.v_proj,768,dtd,mnist,8,35,lora,34,0.5936671495437622,0.5942863821983337,0.010416666666666666,0.45570572651922703,0.45590426214039326,0.5832504828770956,0.13796142302453518,0.13838212005794048,0.0,0.13796142302453518
encoder.layers.9.self_attn.v_proj,768,dtd,resisc45,8,35,lora,34,0.5688368678092957,0.5644935965538025,0.010416666666666666,0.46352749317884445,0.460062300786376,0.558420201142629,0.1053093746304512,0.10443129576742649,0.0,0.1053093746304512
encoder.layers.9.self_attn.v_proj,768,dtd,stanford-cars,8,35,lora,34,0.5350587964057922,0.5419471263885498,0.010416666666666666,0.4592198859900236,0.45726059935986996,0.5246421297391256,0.07583891041576862,0.08468652702867985,0.0,0.07583891041576862
encoder.layers.9.self_attn.v_proj,768,dtd,sun397,8,35,lora,34,0.6332825422286987,0.6304341554641724,0.010416666666666666,0.4646439403295517,0.4665627218782902,0.6228658755620321,0.16863860189914703,0.1638714335858822,0.0,0.16863860189914703
encoder.layers.9.self_attn.v_proj,768,dtd,svhn,8,35,lora,34,0.6309655904769897,0.6277478933334351,0.010416666666666666,0.471174456179142,0.47055946104228497,0.6205489238103231,0.15979113429784775,0.1571884322911501,0.0,0.15979113429784775
encoder.layers.9.self_attn.v_proj,768,eurosat,gtsrb,8,35,lora,34,0.5914896726608276,0.595636785030365,0.010416666666666666,0.49119361490011215,0.49682166799902916,0.581073005994161,0.10029605776071548,0.09881511703133583,0.0,0.10029605776071548
encoder.layers.9.self_attn.v_proj,768,eurosat,mnist,8,35,lora,34,0.6186392903327942,0.6153440475463867,0.010416666666666666,0.4779539182782173,0.47776588425040245,0.6082226236661276,0.14068537205457687,0.13757816329598427,0.0,0.14068537205457687
encoder.layers.9.self_attn.v_proj,768,eurosat,resisc45,8,35,lora,34,0.7276788949966431,0.7200935482978821,0.010416666666666666,0.4623516574501991,0.46158038452267647,0.7172622283299764,0.26532723754644394,0.2585131637752056,0.0,0.26532723754644394
encoder.layers.9.self_attn.v_proj,768,eurosat,stanford-cars,8,35,lora,34,0.5679060220718384,0.5628796219825745,0.010416666666666666,0.4884668439626694,0.4862893167883158,0.5574893554051717,0.079439178109169,0.07659030519425869,0.0,0.079439178109169
encoder.layers.9.self_attn.v_proj,768,eurosat,sun397,8,35,lora,34,0.5689601302146912,0.5688514113426208,0.010416666666666666,0.4940740019083023,0.4940856955945492,0.5585434635480245,0.07488612830638885,0.07476571574807167,0.0,0.07488612830638885
encoder.layers.9.self_attn.v_proj,768,eurosat,svhn,8,35,lora,34,0.5297389626502991,0.5282989144325256,0.010416666666666666,0.4943795185536146,0.4954263288527727,0.5193222959836324,0.035359444096684456,0.03287258557975292,0.0,0.035359444096684456
encoder.layers.9.self_attn.v_proj,768,gtsrb,mnist,8,35,lora,34,0.6139793992042542,0.6229805946350098,0.010416666666666666,0.46756316907703876,0.46928452886641026,0.6035627325375875,0.14641623012721539,0.1536960657685995,0.0,0.14641623012721539
encoder.layers.9.self_attn.v_proj,768,gtsrb,resisc45,8,35,lora,34,0.5932645201683044,0.6011755466461182,0.010416666666666666,0.4730178155004978,0.4772257748991251,0.5828478535016378,0.12024670466780663,0.12394977174699306,0.0,0.12024670466780663
encoder.layers.9.self_attn.v_proj,768,gtsrb,stanford-cars,8,35,lora,34,0.46798184514045715,0.4771970510482788,0.010416666666666666,0.49394919350743294,0.497910987585783,0.45756517847379047,-0.025967348366975784,-0.020713936537504196,0.0,-0.025967348366975784
encoder.layers.9.self_attn.v_proj,768,gtsrb,sun397,8,35,lora,34,0.5689657330513,0.582135796546936,0.010416666666666666,0.4642515294253826,0.4687977023422718,0.5585490663846334,0.10471420362591743,0.11333809420466423,0.0,0.10471420362591743
encoder.layers.9.self_attn.v_proj,768,gtsrb,svhn,8,35,lora,34,0.6421234011650085,0.647567629814148,0.010416666666666666,0.46289756521582603,0.46620392613112926,0.6317067344983419,0.1792258359491825,0.18136370368301868,0.0,0.1792258359491825
encoder.layers.9.self_attn.v_proj,768,mnist,resisc45,8,35,lora,34,0.6175850629806519,0.6132423877716064,0.010416666666666666,0.4812995493412018,0.4807832781225443,0.6071683963139852,0.13628551363945007,0.13245910964906216,0.0,0.13628551363945007
encoder.layers.9.self_attn.v_proj,768,mnist,stanford-cars,8,35,lora,34,0.5498303771018982,0.5421826243400574,0.010416666666666666,0.45867446810007095,0.4623978901654482,0.5394137104352316,0.09115590900182724,0.07978473417460918,0.0,0.09115590900182724
encoder.layers.9.self_attn.v_proj,768,mnist,sun397,8,35,lora,34,0.590874969959259,0.5922894477844238,0.010416666666666666,0.48248826526105404,0.4827282801270485,0.5804583032925924,0.108386704698205,0.10956116765737534,0.0,0.108386704698205
encoder.layers.9.self_attn.v_proj,768,mnist,svhn,8,35,lora,34,0.7506327033042908,0.7542513608932495,0.010416666666666666,0.48562857136130333,0.4861325640231371,0.7402160366376241,0.26500413194298744,0.2681187968701124,0.0,0.26500413194298744
encoder.layers.9.self_attn.v_proj,768,resisc45,stanford-cars,8,35,lora,34,0.4804457128047943,0.4744108319282532,0.010416666666666666,0.4785249698907137,0.47414669021964073,0.4700290461381276,0.0019207429140806198,0.000264141708612442,0.0,0.0019207429140806198
encoder.layers.9.self_attn.v_proj,768,resisc45,sun397,8,35,lora,34,0.5705046653747559,0.5680526494979858,0.010416666666666666,0.47783855721354485,0.4763901513069868,0.5600879987080892,0.09266610816121101,0.09166249819099903,0.0,0.09266610816121101
encoder.layers.9.self_attn.v_proj,768,resisc45,svhn,8,35,lora,34,0.5554976463317871,0.5564366579055786,0.010416666666666666,0.47399488650262356,0.472552428022027,0.5450809796651205,0.08150275982916355,0.0838842298835516,0.0,0.08150275982916355
encoder.layers.9.self_attn.v_proj,768,stanford-cars,sun397,8,35,lora,34,0.6020470857620239,0.603094220161438,0.010416666666666666,0.48392605781555176,0.4840754568576813,0.5916304190953573,0.11812102794647217,0.11901876330375671,0.0,0.11812102794647217
encoder.layers.9.self_attn.v_proj,768,stanford-cars,svhn,8,35,lora,34,0.5440462231636047,0.5468063354492188,0.010416666666666666,0.48746311478316784,0.48702489025890827,0.5336295564969381,0.0565831083804369,0.05978144519031048,0.0,0.0565831083804369
encoder.layers.9.self_attn.v_proj,768,sun397,svhn,8,35,lora,34,0.5972795486450195,0.5965676307678223,0.010416666666666666,0.47231219708919525,0.47278027422726154,0.5868628819783529,0.12496735155582428,0.12378735654056072,0.0,0.12496735155582428
