module,d_in,a,b,k,m,null_kind,n_blocks,raw,cond,null_iso,null_act_raw,null_act_cond,excess_over_iso,excess_raw,excess_cond,h0_excess,excess_raw_corrected
encoder.layers.0.self_attn.q_proj,768,dtd,eurosat,8,18,lora,24,0.6772293448448181,0.6776963472366333,0.010416666666666666,0.5233211237937212,0.524075161665678,0.6668126781781515,0.15390822105109692,0.15362118557095528,0.0,0.15390822105109692
encoder.layers.0.self_attn.q_proj,768,dtd,gtsrb,8,18,lora,24,0.6908331513404846,0.693818211555481,0.010416666666666666,0.5119814351201057,0.5123775415122509,0.680416484673818,0.17885171622037888,0.18144067004323006,0.0,0.17885171622037888
encoder.layers.0.self_attn.q_proj,768,dtd,mnist,8,18,lora,24,0.6900355815887451,0.6934689283370972,0.010416666666666666,0.5112450122833252,0.5130913369357586,0.6796189149220785,0.17879056930541992,0.18037759140133858,0.0,0.17879056930541992
encoder.layers.0.self_attn.q_proj,768,dtd,resisc45,8,18,lora,24,0.7592363953590393,0.7614043951034546,0.010416666666666666,0.5243106540292501,0.5235501248389482,0.7488197286923727,0.23492574132978916,0.23785427026450634,0.0,0.23492574132978916
encoder.layers.0.self_attn.q_proj,768,dtd,stanford-cars,8,18,lora,24,0.6849903464317322,0.6860612630844116,0.010416666666666666,0.5129424706101418,0.5122195798903704,0.6745736797650655,0.17204787582159042,0.17384168319404125,0.0,0.17204787582159042
encoder.layers.0.self_attn.q_proj,768,dtd,sun397,8,18,lora,24,0.694061279296875,0.6945499777793884,0.010416666666666666,0.49262816458940506,0.4937838464975357,0.6836446126302084,0.20143311470746994,0.20076613128185272,0.0,0.20143311470746994
encoder.layers.0.self_attn.q_proj,768,dtd,svhn,8,18,lora,24,0.7043457627296448,0.7043312788009644,0.010416666666666666,0.50591941177845,0.5062812082469463,0.6939290960629781,0.19842635095119476,0.19805007055401802,0.0,0.19842635095119476
encoder.layers.0.self_attn.q_proj,768,eurosat,gtsrb,8,18,lora,24,0.7523802518844604,0.7542592287063599,0.010416666666666666,0.5159877315163612,0.5166208539158106,0.7419635852177938,0.2363925203680992,0.23763837479054928,0.0,0.2363925203680992
encoder.layers.0.self_attn.q_proj,768,eurosat,mnist,8,18,lora,24,0.6899040341377258,0.6925185918807983,0.010416666666666666,0.5179250612854958,0.5184303727000952,0.6794873674710592,0.17197897285223007,0.17408821918070316,0.0,0.17197897285223007
encoder.layers.0.self_attn.q_proj,768,eurosat,resisc45,8,18,lora,24,0.6559049487113953,0.6577224135398865,0.010416666666666666,0.5158503241837025,0.5163914803415537,0.6454882820447286,0.1400546245276928,0.1413309331983328,0.0,0.1400546245276928
encoder.layers.0.self_attn.q_proj,768,eurosat,stanford-cars,8,18,lora,24,0.6095592379570007,0.6149109601974487,0.010416666666666666,0.49851009994745255,0.4998765829950571,0.5991425712903341,0.11104913800954819,0.11503437720239162,0.0,0.11104913800954819
encoder.layers.0.self_attn.q_proj,768,eurosat,sun397,8,18,lora,24,0.6653082370758057,0.6623736023902893,0.010416666666666666,0.49819479137659073,0.49878890812397003,0.654891570409139,0.16711344569921494,0.16358469426631927,0.0,0.16711344569921494
encoder.layers.0.self_attn.q_proj,768,eurosat,svhn,8,18,lora,24,0.7153862118721008,0.7141021490097046,0.010416666666666666,0.5117272697389126,0.5123494137078524,0.7049695452054342,0.20365894213318825,0.20175273530185223,0.0,0.20365894213318825
encoder.layers.0.self_attn.q_proj,768,gtsrb,mnist,8,18,lora,24,0.7680285573005676,0.7677809000015259,0.010416666666666666,0.5117998421192169,0.5117148980498314,0.757611890633901,0.2562287151813507,0.2560660019516945,0.0,0.2562287151813507
encoder.layers.0.self_attn.q_proj,768,gtsrb,resisc45,8,18,lora,24,0.7542721629142761,0.755445122718811,0.010416666666666666,0.5017848331481218,0.5015521384775639,0.7438554962476095,0.2524873297661543,0.2538929842412472,0.0,0.2524873297661543
encoder.layers.0.self_attn.q_proj,768,gtsrb,stanford-cars,8,18,lora,24,0.7214961051940918,0.7250226736068726,0.010416666666666666,0.5051763467490673,0.5052191689610481,0.7110794385274252,0.2163197584450245,0.21980350464582443,0.0,0.2163197584450245
encoder.layers.0.self_attn.q_proj,768,gtsrb,sun397,8,18,lora,24,0.6534553170204163,0.6539339423179626,0.010416666666666666,0.49459133669734,0.49445379711687565,0.6430386503537496,0.15886398032307625,0.159480145201087,0.0,0.15886398032307625
encoder.layers.0.self_attn.q_proj,768,gtsrb,svhn,8,18,lora,24,0.7589555382728577,0.7578577995300293,0.010416666666666666,0.5158700309693813,0.515976982191205,0.748538871606191,0.24308550730347633,0.24188081733882427,0.0,0.24308550730347633
encoder.layers.0.self_attn.q_proj,768,mnist,resisc45,8,18,lora,24,0.7438398599624634,0.74861741065979,0.010416666666666666,0.519030436873436,0.519625186920166,0.7334231932957967,0.2248094230890274,0.22899222373962402,0.0,0.2248094230890274
encoder.layers.0.self_attn.q_proj,768,mnist,stanford-cars,8,18,lora,24,0.6549010872840881,0.6553851962089539,0.010416666666666666,0.5121517051011324,0.512580394744873,0.6444844206174215,0.14274938218295574,0.1428048014640808,0.0,0.14274938218295574
encoder.layers.0.self_attn.q_proj,768,mnist,sun397,8,18,lora,24,0.6461113691329956,0.6486451625823975,0.010416666666666666,0.5163813624531031,0.517889266833663,0.635694702466329,0.12973000667989254,0.13075589574873447,0.0,0.12973000667989254
encoder.layers.0.self_attn.q_proj,768,mnist,svhn,8,18,lora,24,0.7135818004608154,0.7139539122581482,0.010416666666666666,0.5123461615294218,0.5139153599739075,0.7031651337941488,0.20123563893139362,0.20003855228424072,0.0,0.20123563893139362
encoder.layers.0.self_attn.q_proj,768,resisc45,stanford-cars,8,18,lora,24,0.6967570781707764,0.7017724514007568,0.010416666666666666,0.5199979394674301,0.5193348228931427,0.6863404115041097,0.17675913870334625,0.18243762850761414,0.0,0.17675913870334625
encoder.layers.0.self_attn.q_proj,768,resisc45,sun397,8,18,lora,24,0.6936118602752686,0.6942354440689087,0.010416666666666666,0.5119994655251503,0.51406623236835,0.6831951936086019,0.18161239475011826,0.18016921170055866,0.0,0.18161239475011826
encoder.layers.0.self_attn.q_proj,768,resisc45,svhn,8,18,lora,24,0.7488694787025452,0.7493110299110413,0.010416666666666666,0.5023038405925035,0.5019782315939665,0.7384528120358785,0.24656563811004162,0.24733279831707478,0.0,0.24656563811004162
encoder.layers.0.self_attn.q_proj,768,stanford-cars,sun397,8,18,lora,24,0.5977762937545776,0.6006821990013123,0.010416666666666666,0.5150967501103878,0.5153177138417959,0.587359627087911,0.08267954364418983,0.08536448515951633,0.0,0.08267954364418983
encoder.layers.0.self_attn.q_proj,768,stanford-cars,svhn,8,18,lora,24,0.6551558971405029,0.6571977138519287,0.010416666666666666,0.4969733636826277,0.49575216323137283,0.6447392304738363,0.15818253345787525,0.16144555062055588,0.0,0.15818253345787525
encoder.layers.0.self_attn.q_proj,768,sun397,svhn,8,18,lora,24,0.6778457760810852,0.67756187915802,0.010416666666666666,0.5085506271570921,0.5089741703122854,0.6674291094144186,0.1692951489239931,0.1685877088457346,0.0,0.1692951489239931
encoder.layers.0.self_attn.v_proj,768,dtd,eurosat,8,18,lora,24,0.7927162647247314,0.7930643558502197,0.010416666666666666,0.5097427237778902,0.5105203855782747,0.7822995980580648,0.28297354094684124,0.282543970271945,0.0,0.28297354094684124
encoder.layers.0.self_attn.v_proj,768,dtd,gtsrb,8,18,lora,24,0.746492862701416,0.7492596507072449,0.010416666666666666,0.5010968316346407,0.5009292885661125,0.7360761960347494,0.24539603106677532,0.24833036214113235,0.0,0.24539603106677532
encoder.layers.0.self_attn.v_proj,768,dtd,mnist,8,18,lora,24,0.7215819358825684,0.7249337434768677,0.010416666666666666,0.5080872680991888,0.5081050638109446,0.7111652692159017,0.21349466778337955,0.21682867966592312,0.0,0.21349466778337955
encoder.layers.0.self_attn.v_proj,768,dtd,resisc45,8,18,lora,24,0.8878072500228882,0.8901423215866089,0.010416666666666666,0.48170434683561325,0.482300590723753,0.8773905833562216,0.40610290318727493,0.4078417308628559,0.0,0.40610290318727493
encoder.layers.0.self_attn.v_proj,768,dtd,stanford-cars,8,18,lora,24,0.8549134135246277,0.8552326560020447,0.010416666666666666,0.4866018872708082,0.486984683200717,0.8444967468579611,0.36831152625381947,0.3682479728013277,0.0,0.36831152625381947
encoder.layers.0.self_attn.v_proj,768,dtd,sun397,8,18,lora,24,0.8613927960395813,0.861426830291748,0.010416666666666666,0.49837158247828484,0.49796132557094097,0.8509761293729147,0.36302121356129646,0.3634655047208071,0.0,0.36302121356129646
encoder.layers.0.self_attn.v_proj,768,dtd,svhn,8,18,lora,24,0.7698188424110413,0.770517885684967,0.010416666666666666,0.5072775967419147,0.5074468553066254,0.7594021757443746,0.2625412456691265,0.2630710303783417,0.0,0.2625412456691265
encoder.layers.0.self_attn.v_proj,768,eurosat,gtsrb,8,18,lora,24,0.7577104568481445,0.7612320184707642,0.010416666666666666,0.5208164062350988,0.5214438922703266,0.7472937901814779,0.2368940506130457,0.23978812620043755,0.0,0.2368940506130457
encoder.layers.0.self_attn.v_proj,768,eurosat,mnist,8,18,lora,24,0.7235528826713562,0.7240641713142395,0.010416666666666666,0.5051880069077015,0.5056182816624641,0.7131362160046896,0.2183648757636547,0.21844588965177536,0.0,0.2183648757636547
encoder.layers.0.self_attn.v_proj,768,eurosat,resisc45,8,18,lora,24,0.7952709197998047,0.7963780760765076,0.010416666666666666,0.5067955460399389,0.5066108610481024,0.7848542531331381,0.28847537375986576,0.2897672150284052,0.0,0.28847537375986576
encoder.layers.0.self_attn.v_proj,768,eurosat,stanford-cars,8,18,lora,24,0.7556795477867126,0.7582798004150391,0.010416666666666666,0.5162004306912422,0.5167238935828209,0.745262881120046,0.23947911709547043,0.24155590683221817,0.0,0.23947911709547043
encoder.layers.0.self_attn.v_proj,768,eurosat,sun397,8,18,lora,24,0.8245124220848083,0.824266254901886,0.010416666666666666,0.5143078900873661,0.5148616693913937,0.8140957554181417,0.31020453199744225,0.3094045855104923,0.0,0.31020453199744225
encoder.layers.0.self_attn.v_proj,768,eurosat,svhn,8,18,lora,24,0.8277668952941895,0.8284727334976196,0.010416666666666666,0.5142298899590969,0.5140915475785732,0.8173502286275228,0.31353700533509254,0.3143811859190464,0.0,0.31353700533509254
encoder.layers.0.self_attn.v_proj,768,gtsrb,mnist,8,18,lora,24,0.865841805934906,0.8661845326423645,0.010416666666666666,0.49624829925596714,0.4963183905929327,0.8554251392682394,0.36959350667893887,0.3698661420494318,0.0,0.36959350667893887
encoder.layers.0.self_attn.v_proj,768,gtsrb,resisc45,8,18,lora,24,0.8503182530403137,0.8511682748794556,0.010416666666666666,0.521955419331789,0.5213782023638487,0.8399015863736471,0.3283628337085247,0.3297900725156069,0.0,0.3283628337085247
encoder.layers.0.self_attn.v_proj,768,gtsrb,stanford-cars,8,18,lora,24,0.8515750765800476,0.8545694351196289,0.010416666666666666,0.5055805873125792,0.5051440820097923,0.841158409913381,0.34599448926746845,0.3494253531098366,0.0,0.34599448926746845
encoder.layers.0.self_attn.v_proj,768,gtsrb,sun397,8,18,lora,24,0.8260741233825684,0.8295260071754456,0.010416666666666666,0.5048366840928793,0.503889350220561,0.8156574567159017,0.32123743928968906,0.32563665695488453,0.0,0.32123743928968906
encoder.layers.0.self_attn.v_proj,768,gtsrb,svhn,8,18,lora,24,0.7894923686981201,0.7917372584342957,0.010416666666666666,0.5204087551683187,0.5203222241252661,0.7790757020314535,0.26908361352980137,0.2714150343090296,0.0,0.26908361352980137
encoder.layers.0.self_attn.v_proj,768,mnist,resisc45,8,18,lora,24,0.7939798831939697,0.7961874008178711,0.010416666666666666,0.506283562630415,0.5070409681648016,0.7835632165273031,0.28769632056355476,0.2891464326530695,0.0,0.28769632056355476
encoder.layers.0.self_attn.v_proj,768,mnist,stanford-cars,8,18,lora,24,0.8129289746284485,0.8147078156471252,0.010416666666666666,0.5052784979343414,0.5061020888388157,0.8025123079617819,0.30765047669410706,0.30860572680830956,0.0,0.30765047669410706
encoder.layers.0.self_attn.v_proj,768,mnist,sun397,8,18,lora,24,0.8096389770507812,0.8126927614212036,0.010416666666666666,0.48435463197529316,0.48425405472517014,0.7992223103841146,0.3252843450754881,0.3284387066960335,0.0,0.3252843450754881
encoder.layers.0.self_attn.v_proj,768,mnist,svhn,8,18,lora,24,0.7491620779037476,0.7495831251144409,0.010416666666666666,0.49299794621765614,0.4929284565150738,0.7387454112370809,0.2561641316860914,0.25665466859936714,0.0,0.2561641316860914
encoder.layers.0.self_attn.v_proj,768,resisc45,stanford-cars,8,18,lora,24,0.852604329586029,0.854964554309845,0.010416666666666666,0.49227876029908657,0.4923360049724579,0.8421876629193624,0.3603255692869425,0.3626285493373871,0.0,0.3603255692869425
encoder.layers.0.self_attn.v_proj,768,resisc45,sun397,8,18,lora,24,0.8558996915817261,0.8581703901290894,0.010416666666666666,0.4918399639427662,0.49236002936959267,0.8454830249150594,0.3640597276389599,0.3658103607594967,0.0,0.3640597276389599
encoder.layers.0.self_attn.v_proj,768,resisc45,svhn,8,18,lora,24,0.799083411693573,0.79936683177948,0.010416666666666666,0.5016915947198868,0.5016259755939245,0.7886667450269064,0.2973918169736862,0.29774085618555546,0.0,0.2973918169736862
encoder.layers.0.self_attn.v_proj,768,stanford-cars,sun397,8,18,lora,24,0.9344698190689087,0.9350242018699646,0.010416666666666666,0.5125404465943575,0.5131938401609659,0.9240531524022421,0.4219293724745512,0.4218303617089987,0.0,0.4219293724745512
encoder.layers.0.self_attn.v_proj,768,stanford-cars,svhn,8,18,lora,24,0.7472550868988037,0.7475927472114563,0.010416666666666666,0.4986279811710119,0.49851270765066147,0.7368384202321371,0.2486271057277918,0.24908003956079483,0.0,0.2486271057277918
encoder.layers.0.self_attn.v_proj,768,sun397,svhn,8,18,lora,24,0.7864357233047485,0.787391722202301,0.010416666666666666,0.5098011530935764,0.5095883458852768,0.7760190566380819,0.2766345702111721,0.27780337631702423,0.0,0.2766345702111721
encoder.layers.1.self_attn.q_proj,768,dtd,eurosat,8,26,lora,29,0.6140627861022949,0.6154926419258118,0.010416666666666666,0.5119181405752897,0.5110922306776047,0.6036461194356283,0.1021446455270052,0.10440041124820709,0.0,0.1021446455270052
encoder.layers.1.self_attn.q_proj,768,dtd,gtsrb,8,26,lora,29,0.6458101272583008,0.6444092392921448,0.010416666666666666,0.5057708043605089,0.503149164840579,0.6353934605916342,0.14003932289779186,0.14126007445156574,0.0,0.14003932289779186
encoder.layers.1.self_attn.q_proj,768,dtd,mnist,8,26,lora,29,0.6660144925117493,0.6597618460655212,0.010416666666666666,0.5066522154957056,0.5085288286209106,0.6555978258450826,0.15936227701604366,0.1512330174446106,0.0,0.15936227701604366
encoder.layers.1.self_attn.q_proj,768,dtd,resisc45,8,26,lora,29,0.7101947665214539,0.7110750675201416,0.010416666666666666,0.5093801207840443,0.5084479656070471,0.6997780998547872,0.2008146457374096,0.20262710191309452,0.0,0.2008146457374096
encoder.layers.1.self_attn.q_proj,768,dtd,stanford-cars,8,26,lora,29,0.6719707250595093,0.6670216917991638,0.010416666666666666,0.5158419031649828,0.5119535941630602,0.6615540583928426,0.15612882189452648,0.15506809763610363,0.0,0.15612882189452648
encoder.layers.1.self_attn.q_proj,768,dtd,sun397,8,26,lora,29,0.677184522151947,0.669205367565155,0.010416666666666666,0.5266843624413013,0.5223541297018528,0.6667678554852804,0.15050015971064568,0.14685123786330223,0.0,0.15050015971064568
encoder.layers.1.self_attn.q_proj,768,dtd,svhn,8,26,lora,29,0.6671725511550903,0.6590237617492676,0.010416666666666666,0.5114431027323008,0.5116269215941429,0.6567558844884237,0.15572944842278957,0.14739684015512466,0.0,0.15572944842278957
encoder.layers.1.self_attn.q_proj,768,eurosat,gtsrb,8,26,lora,29,0.7307720184326172,0.730948269367218,0.010416666666666666,0.5227062646299601,0.5233112890273333,0.7203553517659506,0.20806575380265713,0.20763698033988476,0.0,0.20806575380265713
encoder.layers.1.self_attn.q_proj,768,eurosat,mnist,8,26,lora,29,0.6982623934745789,0.6987465620040894,0.010416666666666666,0.5220444016158581,0.5209727436304092,0.6878457268079122,0.17621799185872078,0.17777381837368011,0.0,0.17621799185872078
encoder.layers.1.self_attn.q_proj,768,eurosat,resisc45,8,26,lora,29,0.6402382254600525,0.6421465873718262,0.010416666666666666,0.5018261596560478,0.5017857123166323,0.6298215587933859,0.13841206580400467,0.1403608750551939,0.0,0.13841206580400467
encoder.layers.1.self_attn.q_proj,768,eurosat,stanford-cars,8,26,lora,29,0.6857780814170837,0.6915814876556396,0.010416666666666666,0.4876071512699127,0.48837513849139214,0.6753614147504171,0.19817093014717102,0.2032063491642475,0.0,0.19817093014717102
encoder.layers.1.self_attn.q_proj,768,eurosat,sun397,8,26,lora,29,0.606297492980957,0.6135530471801758,0.010416666666666666,0.526390191167593,0.5249230414628983,0.5958808263142904,0.07990730181336403,0.08863000571727753,0.0,0.07990730181336403
encoder.layers.1.self_attn.q_proj,768,eurosat,svhn,8,26,lora,29,0.7159950137138367,0.7157528400421143,0.010416666666666666,0.5012082643806934,0.5005614571273327,0.70557834704717,0.21478674933314323,0.21519138291478157,0.0,0.21478674933314323
encoder.layers.1.self_attn.q_proj,768,gtsrb,mnist,8,26,lora,29,0.7129798531532288,0.7115171551704407,0.010416666666666666,0.48925788328051567,0.4881795272231102,0.7025631864865621,0.2237219698727131,0.22333762794733047,0.0,0.2237219698727131
encoder.layers.1.self_attn.q_proj,768,gtsrb,resisc45,8,26,lora,29,0.7141391634941101,0.7135038375854492,0.010416666666666666,0.5147073622792959,0.5144073534756899,0.7037224968274435,0.19943180121481419,0.19909648410975933,0.0,0.19943180121481419
encoder.layers.1.self_attn.q_proj,768,gtsrb,stanford-cars,8,26,lora,29,0.7145101428031921,0.7099241614341736,0.010416666666666666,0.5132331065833569,0.5124038532376289,0.7040934761365255,0.20127703621983528,0.19752030819654465,0.0,0.20127703621983528
encoder.layers.1.self_attn.q_proj,768,gtsrb,sun397,8,26,lora,29,0.6860760450363159,0.6916422843933105,0.010416666666666666,0.521259468048811,0.5219167545437813,0.6756593783696493,0.16481657698750496,0.16972552984952927,0.0,0.16481657698750496
encoder.layers.1.self_attn.q_proj,768,gtsrb,svhn,8,26,lora,29,0.7192562222480774,0.7190592288970947,0.010416666666666666,0.51042141020298,0.5111178625375032,0.7088395555814108,0.20883481204509735,0.20794136635959148,0.0,0.20883481204509735
encoder.layers.1.self_attn.q_proj,768,mnist,resisc45,8,26,lora,29,0.617063045501709,0.6183415055274963,0.010416666666666666,0.5080282241106033,0.5073702465742826,0.6066463788350424,0.10903482139110565,0.11097125895321369,0.0,0.10903482139110565
encoder.layers.1.self_attn.q_proj,768,mnist,stanford-cars,8,26,lora,29,0.6468287706375122,0.6451997756958008,0.010416666666666666,0.5179653260856867,0.5177170317620039,0.6364121039708456,0.12886344455182552,0.12748274393379688,0.0,0.12886344455182552
encoder.layers.1.self_attn.q_proj,768,mnist,sun397,8,26,lora,29,0.6681233644485474,0.674606442451477,0.010416666666666666,0.5221210923045874,0.5210902262479067,0.6577066977818807,0.14600227214396,0.15351621620357037,0.0,0.14600227214396
encoder.layers.1.self_attn.q_proj,768,mnist,svhn,8,26,lora,29,0.6549490690231323,0.6560533046722412,0.010416666666666666,0.5061757452785969,0.5053305644541979,0.6445324023564657,0.14877332374453545,0.15072274021804333,0.0,0.14877332374453545
encoder.layers.1.self_attn.q_proj,768,resisc45,stanford-cars,8,26,lora,29,0.6831221580505371,0.6757903695106506,0.010416666666666666,0.5090578440576792,0.5089817475527525,0.6727054913838705,0.17406431399285793,0.16680862195789814,0.0,0.17406431399285793
encoder.layers.1.self_attn.q_proj,768,resisc45,sun397,8,26,lora,29,0.6833614110946655,0.6792923212051392,0.010416666666666666,0.5182662941515446,0.515152445062995,0.6729447444279989,0.16509511694312096,0.1641398761421442,0.0,0.16509511694312096
encoder.layers.1.self_attn.q_proj,768,resisc45,svhn,8,26,lora,29,0.6992385983467102,0.697371244430542,0.010416666666666666,0.4865135531872511,0.4861777815967798,0.6888219316800436,0.21272504515945911,0.21119346283376217,0.0,0.21272504515945911
encoder.layers.1.self_attn.q_proj,768,stanford-cars,sun397,8,26,lora,29,0.7114939093589783,0.7189462184906006,0.010416666666666666,0.5242221318185329,0.5248514581471682,0.7010772426923116,0.18727177754044533,0.19409476034343243,0.0,0.18727177754044533
encoder.layers.1.self_attn.q_proj,768,stanford-cars,svhn,8,26,lora,29,0.6795571446418762,0.6732759475708008,0.010416666666666666,0.5052581038326025,0.5040545053780079,0.6691404779752096,0.17429904080927372,0.1692214421927929,0.0,0.17429904080927372
encoder.layers.1.self_attn.q_proj,768,sun397,svhn,8,26,lora,29,0.6082274913787842,0.6046305894851685,0.010416666666666666,0.5067328363656998,0.5060355328023434,0.5978108247121176,0.10149465501308441,0.09859505668282509,0.0,0.10149465501308441
encoder.layers.1.self_attn.v_proj,768,dtd,eurosat,8,26,lora,29,0.7019707560539246,0.701684296131134,0.010416666666666666,0.5101007279008627,0.5091989692300558,0.6915540893872579,0.19187002815306187,0.19248532690107822,0.0,0.19187002815306187
encoder.layers.1.self_attn.v_proj,768,dtd,gtsrb,8,26,lora,29,0.7608205080032349,0.7626638412475586,0.010416666666666666,0.5161689482629299,0.5187721066176891,0.7504038413365682,0.24465155974030495,0.24389173462986946,0.0,0.24465155974030495
encoder.layers.1.self_attn.v_proj,768,dtd,mnist,8,26,lora,29,0.6900030374526978,0.685100257396698,0.010416666666666666,0.4898696318268776,0.4905194640159607,0.6795863707860311,0.20013340562582016,0.1945807933807373,0.0,0.20013340562582016
encoder.layers.1.self_attn.v_proj,768,dtd,resisc45,8,26,lora,29,0.8405689001083374,0.8394083976745605,0.010416666666666666,0.5074315778911114,0.5068234335631132,0.8301522334416708,0.33313732221722603,0.33258496411144733,0.0,0.33313732221722603
encoder.layers.1.self_attn.v_proj,768,dtd,stanford-cars,8,26,lora,29,0.899802029132843,0.9090701341629028,0.010416666666666666,0.5108258947730064,0.510535592213273,0.8893853624661764,0.3889761343598366,0.3985345419496298,0.0,0.3889761343598366
encoder.layers.1.self_attn.v_proj,768,dtd,sun397,8,26,lora,29,0.9180780053138733,0.9283183217048645,0.010416666666666666,0.5039880219846964,0.5044105630367994,0.9076613386472067,0.4140899833291769,0.42390775866806507,0.0,0.4140899833291769
encoder.layers.1.self_attn.v_proj,768,dtd,svhn,8,26,lora,29,0.7150135040283203,0.7181473970413208,0.010416666666666666,0.5155283324420452,0.5160404406487942,0.7045968373616537,0.1994851715862751,0.20210695639252663,0.0,0.1994851715862751
encoder.layers.1.self_attn.v_proj,768,eurosat,gtsrb,8,26,lora,29,0.7330888509750366,0.7305644750595093,0.010416666666666666,0.5057015884667635,0.5095872357487679,0.72267218430837,0.22738726250827312,0.22097723931074142,0.0,0.22738726250827312
encoder.layers.1.self_attn.v_proj,768,eurosat,mnist,8,26,lora,29,0.6352990865707397,0.6352691650390625,0.010416666666666666,0.5045898165553808,0.5054024774581194,0.6248824199040731,0.13070927001535892,0.1298666875809431,0.0,0.13070927001535892
encoder.layers.1.self_attn.v_proj,768,eurosat,resisc45,8,26,lora,29,0.7712793350219727,0.7652143836021423,0.010416666666666666,0.5168762002140284,0.5192236602306366,0.760862668355306,0.2544031348079443,0.24599072337150574,0.0,0.2544031348079443
encoder.layers.1.self_attn.v_proj,768,eurosat,stanford-cars,8,26,lora,29,0.682660698890686,0.6865751147270203,0.010416666666666666,0.5214974656701088,0.5201810207217932,0.6722440322240194,0.16116323322057724,0.1663940940052271,0.0,0.16116323322057724
encoder.layers.1.self_attn.v_proj,768,eurosat,sun397,8,26,lora,29,0.6675993204116821,0.668294370174408,0.010416666666666666,0.5181966070085764,0.5147291272878647,0.6571826537450155,0.14940271340310574,0.15356524288654327,0.0,0.14940271340310574
encoder.layers.1.self_attn.v_proj,768,eurosat,svhn,8,26,lora,29,0.7394441962242126,0.7406275868415833,0.010416666666666666,0.526786558330059,0.5268230829387903,0.729027529557546,0.2126576378941536,0.21380450390279293,0.0,0.2126576378941536
encoder.layers.1.self_attn.v_proj,768,gtsrb,mnist,8,26,lora,29,0.7142270803451538,0.7125402688980103,0.010416666666666666,0.5159501936286688,0.5149581339210272,0.7038104136784872,0.19827688671648502,0.19758213497698307,0.0,0.19827688671648502
encoder.layers.1.self_attn.v_proj,768,gtsrb,resisc45,8,26,lora,29,0.7594535946846008,0.7591488361358643,0.010416666666666666,0.49455585703253746,0.4960524756461382,0.7490369280179342,0.26489773765206337,0.26309636048972607,0.0,0.26489773765206337
encoder.layers.1.self_attn.v_proj,768,gtsrb,stanford-cars,8,26,lora,29,0.7721965909004211,0.7764962911605835,0.010416666666666666,0.522754592821002,0.522370858117938,0.7617799242337545,0.24944199807941914,0.25412543304264545,0.0,0.24944199807941914
encoder.layers.1.self_attn.v_proj,768,gtsrb,sun397,8,26,lora,29,0.7907665371894836,0.7909335494041443,0.010416666666666666,0.5109971165657043,0.5111146606504917,0.780349870522817,0.2797694206237793,0.2798188887536526,0.0,0.2797694206237793
encoder.layers.1.self_attn.v_proj,768,gtsrb,svhn,8,26,lora,29,0.8213200569152832,0.8224442005157471,0.010416666666666666,0.4911049194633961,0.49212678149342537,0.8109033902486166,0.33021513745188713,0.3303174190223217,0.0,0.33021513745188713
encoder.layers.1.self_attn.v_proj,768,mnist,resisc45,8,26,lora,29,0.6833090782165527,0.6817298531532288,0.010416666666666666,0.49307867139577866,0.4922119863331318,0.6728924115498861,0.19023040682077408,0.18951786682009697,0.0,0.19023040682077408
encoder.layers.1.self_attn.v_proj,768,mnist,stanford-cars,8,26,lora,29,0.7034747004508972,0.7014437913894653,0.010416666666666666,0.5255117435008287,0.5249851457774639,0.6930580337842306,0.17796295695006847,0.17645864561200142,0.0,0.17796295695006847
encoder.layers.1.self_attn.v_proj,768,mnist,sun397,8,26,lora,29,0.6938867568969727,0.6927489042282104,0.010416666666666666,0.49853565730154514,0.4989880099892616,0.683470090230306,0.1953510995954275,0.19376089423894882,0.0,0.1953510995954275
encoder.layers.1.self_attn.v_proj,768,mnist,svhn,8,26,lora,29,0.6769927740097046,0.6772185564041138,0.010416666666666666,0.48686955124139786,0.4864675607532263,0.666576107343038,0.19012322276830673,0.1907509956508875,0.0,0.19012322276830673
encoder.layers.1.self_attn.v_proj,768,resisc45,stanford-cars,8,26,lora,29,0.7888447642326355,0.792839527130127,0.010416666666666666,0.5086014308035374,0.5092510357499123,0.7784280975659689,0.28024333342909813,0.2835884913802147,0.0,0.28024333342909813
encoder.layers.1.self_attn.v_proj,768,resisc45,sun397,8,26,lora,29,0.8007112741470337,0.8055250644683838,0.010416666666666666,0.5362118631601334,0.5370626449584961,0.7902946074803671,0.26449941098690033,0.2684624195098877,0.0,0.26449941098690033
encoder.layers.1.self_attn.v_proj,768,resisc45,svhn,8,26,lora,29,0.7359336018562317,0.7336841225624084,0.010416666666666666,0.49381512589752674,0.4941307157278061,0.7255169351895651,0.24211847595870495,0.23955340683460236,0.0,0.24211847595870495
encoder.layers.1.self_attn.v_proj,768,stanford-cars,sun397,8,26,lora,29,0.9380807876586914,0.9480302333831787,0.010416666666666666,0.5068579223006964,0.5067564621567726,0.9276641209920248,0.43122286535799503,0.4412737712264061,0.0,0.43122286535799503
encoder.layers.1.self_attn.v_proj,768,stanford-cars,svhn,8,26,lora,29,0.7054590582847595,0.7111232280731201,0.010416666666666666,0.5039888620376587,0.504733381792903,0.6950423916180929,0.20147019624710083,0.20638984628021717,0.0,0.20147019624710083
encoder.layers.1.self_attn.v_proj,768,sun397,svhn,8,26,lora,29,0.7274208664894104,0.7277259230613708,0.010416666666666666,0.47758997045457363,0.4776758924126625,0.7170041998227438,0.24983089603483677,0.25005003064870834,0.0,0.24983089603483677
encoder.layers.10.self_attn.q_proj,768,dtd,eurosat,8,18,lora,32,0.5972617864608765,0.6006272435188293,0.010416666666666666,0.5085390098392963,0.5092188827693462,0.5868451197942098,0.08872277662158012,0.09140836074948311,0.0,0.08872277662158012
encoder.layers.10.self_attn.q_proj,768,dtd,gtsrb,8,18,lora,32,0.6035707592964172,0.6075063943862915,0.010416666666666666,0.5249882768839598,0.5259938109666109,0.5931540926297506,0.07858248241245747,0.0815125834196806,0.0,0.07858248241245747
encoder.layers.10.self_attn.q_proj,768,dtd,mnist,8,18,lora,32,0.6045555472373962,0.6096774339675903,0.010416666666666666,0.4954967815428972,0.4960182439535856,0.5941388805707296,0.10905876569449902,0.11365919001400471,0.0,0.10905876569449902
encoder.layers.10.self_attn.q_proj,768,dtd,resisc45,8,18,lora,32,0.535533607006073,0.5337742567062378,0.010416666666666666,0.49116689525544643,0.4931230153888464,0.5251169403394064,0.044366711750626564,0.040651241317391396,0.0,0.044366711750626564
encoder.layers.10.self_attn.q_proj,768,dtd,stanford-cars,8,18,lora,32,0.6169911623001099,0.6165924072265625,0.010416666666666666,0.5037223808467388,0.5040605738759041,0.6065744956334432,0.11326878145337105,0.11253183335065842,0.0,0.11326878145337105
encoder.layers.10.self_attn.q_proj,768,dtd,sun397,8,18,lora,32,0.6931530237197876,0.6982914805412292,0.010416666666666666,0.514950830489397,0.516726290807128,0.682736357053121,0.17820219323039055,0.1815651897341013,0.0,0.17820219323039055
encoder.layers.10.self_attn.q_proj,768,dtd,svhn,8,18,lora,32,0.6158754825592041,0.6162424683570862,0.010416666666666666,0.4981471262872219,0.49897689558565617,0.6054588158925375,0.11772835627198219,0.11726557277143002,0.0,0.11772835627198219
encoder.layers.10.self_attn.q_proj,768,eurosat,gtsrb,8,18,lora,32,0.5920930504798889,0.5960060954093933,0.010416666666666666,0.48693395406007767,0.4874643161892891,0.5816763838132223,0.10515909641981125,0.10854177922010422,0.0,0.10515909641981125
encoder.layers.10.self_attn.q_proj,768,eurosat,mnist,8,18,lora,32,0.5501312613487244,0.5569372177124023,0.010416666666666666,0.5174706447869539,0.5175128020346165,0.5397145946820577,0.03266061656177044,0.03942441567778587,0.0,0.03266061656177044
encoder.layers.10.self_attn.q_proj,768,eurosat,resisc45,8,18,lora,32,0.7307042479515076,0.7371850609779358,0.010416666666666666,0.4857559558004141,0.4867303315550089,0.7202875812848409,0.24494829215109348,0.2504547294229269,0.0,0.24494829215109348
encoder.layers.10.self_attn.q_proj,768,eurosat,stanford-cars,8,18,lora,32,0.614274799823761,0.6165106296539307,0.010416666666666666,0.5072495769709349,0.5079482458531857,0.6038581331570944,0.10702522285282612,0.10856238380074501,0.0,0.10702522285282612
encoder.layers.10.self_attn.q_proj,768,eurosat,sun397,8,18,lora,32,0.6499845385551453,0.6524809002876282,0.010416666666666666,0.5199012737721205,0.5202622041106224,0.6395678718884786,0.1300832647830248,0.13221869617700577,0.0,0.1300832647830248
encoder.layers.10.self_attn.q_proj,768,eurosat,svhn,8,18,lora,32,0.5888803005218506,0.5903432965278625,0.010416666666666666,0.49576466530561447,0.4965612478554249,0.578463633855184,0.09311563521623611,0.09378204867243767,0.0,0.09311563521623611
encoder.layers.10.self_attn.q_proj,768,gtsrb,mnist,8,18,lora,32,0.5573853850364685,0.5599066019058228,0.010416666666666666,0.5266173519194126,0.5267943982034922,0.5469687183698019,0.030768033117055893,0.03311220370233059,0.0,0.030768033117055893
encoder.layers.10.self_attn.q_proj,768,gtsrb,resisc45,8,18,lora,32,0.5545525550842285,0.5609921813011169,0.010416666666666666,0.4956875443458557,0.49615770764648914,0.5441358884175619,0.0588650107383728,0.0648344736546278,0.0,0.0588650107383728
encoder.layers.10.self_attn.q_proj,768,gtsrb,stanford-cars,8,18,lora,32,0.6110426783561707,0.6157016754150391,0.010416666666666666,0.5262506101280451,0.5256288200616837,0.600626011689504,0.08479206822812557,0.09007285535335541,0.0,0.08479206822812557
encoder.layers.10.self_attn.q_proj,768,gtsrb,sun397,8,18,lora,32,0.6285305619239807,0.6312734484672546,0.010416666666666666,0.5101800300180912,0.511871250346303,0.6181138952573141,0.11835053190588951,0.11940219812095165,0.0,0.11835053190588951
encoder.layers.10.self_attn.q_proj,768,gtsrb,svhn,8,18,lora,32,0.6255424618721008,0.6296254992485046,0.010416666666666666,0.5300797279924154,0.5281812194734812,0.6151257952054342,0.0954627338796854,0.10144427977502346,0.0,0.0954627338796854
encoder.layers.10.self_attn.q_proj,768,mnist,resisc45,8,18,lora,32,0.5156484246253967,0.5186551809310913,0.010416666666666666,0.5130598749965429,0.514236856251955,0.5052317579587301,0.002588549628853798,0.004418324679136276,0.0,0.002588549628853798
encoder.layers.10.self_attn.q_proj,768,mnist,stanford-cars,8,18,lora,32,0.6070289611816406,0.6088987588882446,0.010416666666666666,0.4909518454223871,0.49118341505527496,0.596612294514974,0.1160771157592535,0.11771534383296967,0.0,0.1160771157592535
encoder.layers.10.self_attn.q_proj,768,mnist,sun397,8,18,lora,32,0.6456549167633057,0.646885871887207,0.010416666666666666,0.5119592677801847,0.5110441278666258,0.635238250096639,0.13369564898312092,0.13584174402058125,0.0,0.13369564898312092
encoder.layers.10.self_attn.q_proj,768,mnist,svhn,8,18,lora,32,0.7023549675941467,0.703020453453064,0.010416666666666666,0.505549892783165,0.505348727107048,0.6919383009274801,0.19680507481098175,0.19767172634601593,0.0,0.19680507481098175
encoder.layers.10.self_attn.q_proj,768,resisc45,stanford-cars,8,18,lora,32,0.5902308225631714,0.5937836170196533,0.010416666666666666,0.49953961186110973,0.4989382363855839,0.5798141558965048,0.09069121070206165,0.09484538063406944,0.0,0.09069121070206165
encoder.layers.10.self_attn.q_proj,768,resisc45,sun397,8,18,lora,32,0.6487868428230286,0.6471925973892212,0.010416666666666666,0.5234492812305689,0.5241196677088737,0.6383701761563619,0.12533756159245968,0.12307292968034744,0.0,0.12533756159245968
encoder.layers.10.self_attn.q_proj,768,resisc45,svhn,8,18,lora,32,0.5366358757019043,0.541907012462616,0.010416666666666666,0.5163038950413465,0.5176218636333942,0.5262192090352377,0.020331980660557747,0.024285148829221725,0.0,0.020331980660557747
encoder.layers.10.self_attn.q_proj,768,stanford-cars,sun397,8,18,lora,32,0.6095287203788757,0.6093823909759521,0.010416666666666666,0.505392225459218,0.5104686431586742,0.5991120537122091,0.10413649491965771,0.09891374781727791,0.0,0.10413649491965771
encoder.layers.10.self_attn.q_proj,768,stanford-cars,svhn,8,18,lora,32,0.5666486620903015,0.566109299659729,0.010416666666666666,0.49911144748330116,0.4997537676244974,0.5562319954236349,0.06753721460700035,0.06635553203523159,0.0,0.06753721460700035
encoder.layers.10.self_attn.q_proj,768,sun397,svhn,8,18,lora,32,0.6044261455535889,0.6037502884864807,0.010416666666666666,0.488540668040514,0.48916994221508503,0.5940094788869222,0.11588547751307487,0.11458034627139568,0.0,0.11588547751307487
encoder.layers.10.self_attn.v_proj,768,dtd,eurosat,8,18,lora,32,0.6184102296829224,0.6140131950378418,0.010416666666666666,0.5054478347301483,0.5051787085831165,0.6079935630162557,0.11296239495277405,0.10883448645472527,0.0,0.11296239495277405
encoder.layers.10.self_attn.v_proj,768,dtd,gtsrb,8,18,lora,32,0.694326639175415,0.6886146664619446,0.010416666666666666,0.5036807060241699,0.5019636005163193,0.6839099725087484,0.19064593315124512,0.1866510659456253,0.0,0.19064593315124512
encoder.layers.10.self_attn.v_proj,768,dtd,mnist,8,18,lora,32,0.5434560775756836,0.5464603900909424,0.010416666666666666,0.5125396884977818,0.5107126906514168,0.533039410909017,0.03091638907790184,0.035747699439525604,0.0,0.03091638907790184
encoder.layers.10.self_attn.v_proj,768,dtd,resisc45,8,18,lora,32,0.6987375020980835,0.6999302506446838,0.010416666666666666,0.5116279814392328,0.5122675281018019,0.6883208354314169,0.18710952065885067,0.18766272254288197,0.0,0.18710952065885067
encoder.layers.10.self_attn.v_proj,768,dtd,stanford-cars,8,18,lora,32,0.7202836275100708,0.7211833596229553,0.010416666666666666,0.516712598502636,0.5150757599622011,0.7098669608434042,0.20357102900743484,0.2061075996607542,0.0,0.20357102900743484
encoder.layers.10.self_attn.v_proj,768,dtd,sun397,8,18,lora,32,0.6657587885856628,0.6674823760986328,0.010416666666666666,0.5234637968242168,0.5231659784913063,0.6553421219189962,0.142294991761446,0.1443163976073265,0.0,0.142294991761446
encoder.layers.10.self_attn.v_proj,768,dtd,svhn,8,18,lora,32,0.6526099443435669,0.6554182171821594,0.010416666666666666,0.5100703723728657,0.5103808864951134,0.6421932776769003,0.14253957197070122,0.14503733068704605,0.0,0.14253957197070122
encoder.layers.10.self_attn.v_proj,768,eurosat,gtsrb,8,18,lora,32,0.6699753999710083,0.6699647307395935,0.010416666666666666,0.48296019807457924,0.4826297499239445,0.6595587333043417,0.18701520189642906,0.18733498081564903,0.0,0.18701520189642906
encoder.layers.10.self_attn.v_proj,768,eurosat,mnist,8,18,lora,32,0.636793851852417,0.6286906599998474,0.010416666666666666,0.5241534486413002,0.5226212907582521,0.6263771851857504,0.11264040321111679,0.10606936924159527,0.0,0.11264040321111679
encoder.layers.10.self_attn.v_proj,768,eurosat,resisc45,8,18,lora,32,0.7450516819953918,0.7434176206588745,0.010416666666666666,0.49086353182792664,0.4909584876149893,0.7346350153287252,0.2541881501674652,0.25245913304388523,0.0,0.2541881501674652
encoder.layers.10.self_attn.v_proj,768,eurosat,stanford-cars,8,18,lora,32,0.5895035266876221,0.5873293876647949,0.010416666666666666,0.510445037856698,0.5095086116343737,0.5790868600209554,0.07905848883092403,0.07782077603042126,0.0,0.07905848883092403
encoder.layers.10.self_attn.v_proj,768,eurosat,sun397,8,18,lora,32,0.6574333310127258,0.6577872037887573,0.010416666666666666,0.49506895430386066,0.49584853649139404,0.6470166643460592,0.16236437670886517,0.16193866729736328,0.0,0.16236437670886517
encoder.layers.10.self_attn.v_proj,768,eurosat,svhn,8,18,lora,32,0.6227330565452576,0.6204878091812134,0.010416666666666666,0.491407023742795,0.4919592197984457,0.6123163898785909,0.13132603280246258,0.12852858938276768,0.0,0.13132603280246258
encoder.layers.10.self_attn.v_proj,768,gtsrb,mnist,8,18,lora,32,0.636283278465271,0.6358789205551147,0.010416666666666666,0.522784948348999,0.5221312530338764,0.6258666117986044,0.11349833011627197,0.11374766752123833,0.0,0.11349833011627197
encoder.layers.10.self_attn.v_proj,768,gtsrb,resisc45,8,18,lora,32,0.6928162574768066,0.6905036568641663,0.010416666666666666,0.510184071958065,0.510015744715929,0.68239959081014,0.1826321855187416,0.18048791214823723,0.0,0.1826321855187416
encoder.layers.10.self_attn.v_proj,768,gtsrb,stanford-cars,8,18,lora,32,0.6428030729293823,0.641604483127594,0.010416666666666666,0.5006245654076338,0.5008782390505075,0.6323864062627157,0.14217850752174854,0.14072624407708645,0.0,0.14217850752174854
encoder.layers.10.self_attn.v_proj,768,gtsrb,sun397,8,18,lora,32,0.6596043109893799,0.665093183517456,0.010416666666666666,0.4916329700499773,0.49117370694875717,0.6491876443227133,0.16797134093940258,0.17391947656869888,0.0,0.16797134093940258
encoder.layers.10.self_attn.v_proj,768,gtsrb,svhn,8,18,lora,32,0.7066259980201721,0.7033012509346008,0.010416666666666666,0.49496936053037643,0.49480204470455647,0.6962093313535055,0.21165663748979568,0.20849920623004436,0.0,0.21165663748979568
encoder.layers.10.self_attn.v_proj,768,mnist,resisc45,8,18,lora,32,0.6313338875770569,0.6293209195137024,0.010416666666666666,0.5147839691489935,0.516085235401988,0.6209172209103903,0.11654991842806339,0.11323568411171436,0.0,0.11654991842806339
encoder.layers.10.self_attn.v_proj,768,mnist,stanford-cars,8,18,lora,32,0.592140257358551,0.589289128780365,0.010416666666666666,0.5226955693215132,0.521199831739068,0.5817235906918844,0.06944468803703785,0.06808929704129696,0.0,0.06944468803703785
encoder.layers.10.self_attn.v_proj,768,mnist,sun397,8,18,lora,32,0.5897634029388428,0.5859056711196899,0.010416666666666666,0.5120547134429216,0.5146009065210819,0.5793467362721761,0.07770868949592113,0.07130476459860802,0.0,0.07770868949592113
encoder.layers.10.self_attn.v_proj,768,mnist,svhn,8,18,lora,32,0.7004452347755432,0.7035773396492004,0.010416666666666666,0.5118473097681999,0.5122389849275351,0.6900285681088766,0.1885979250073433,0.19133835472166538,0.0,0.1885979250073433
encoder.layers.10.self_attn.v_proj,768,resisc45,stanford-cars,8,18,lora,32,0.698174774646759,0.6964448690414429,0.010416666666666666,0.5107238385826349,0.5126114338636398,0.6877581079800924,0.1874509360641241,0.18383343517780304,0.0,0.1874509360641241
encoder.layers.10.self_attn.v_proj,768,resisc45,sun397,8,18,lora,32,0.695974588394165,0.6982666850090027,0.010416666666666666,0.5032399669289589,0.5038523878902197,0.6855579217274984,0.19273462146520615,0.194414297118783,0.0,0.19273462146520615
encoder.layers.10.self_attn.v_proj,768,resisc45,svhn,8,18,lora,32,0.6866074800491333,0.6850611567497253,0.010416666666666666,0.5079578477889299,0.508381798863411,0.6761908133824667,0.17864963226020336,0.1766793578863144,0.0,0.17864963226020336
encoder.layers.10.self_attn.v_proj,768,stanford-cars,sun397,8,18,lora,32,0.6849949359893799,0.6884085536003113,0.010416666666666666,0.5019225534051657,0.5017724055796862,0.6745782693227133,0.1830723825842142,0.18663614802062511,0.0,0.1830723825842142
encoder.layers.10.self_attn.v_proj,768,stanford-cars,svhn,8,18,lora,32,0.6128973960876465,0.61500084400177,0.010416666666666666,0.5180355366319418,0.519130440428853,0.6024807294209799,0.09486185945570469,0.09587040357291698,0.0,0.09486185945570469
encoder.layers.10.self_attn.v_proj,768,sun397,svhn,8,18,lora,32,0.6367439031600952,0.6432854533195496,0.010416666666666666,0.4851120188832283,0.4872007705271244,0.6263272364934286,0.1516318842768669,0.15608468279242516,0.0,0.1516318842768669
encoder.layers.11.self_attn.q_proj,768,dtd,eurosat,8,7,lora,31,0.6478913426399231,0.6523908376693726,0.010416666666666666,0.4910069201141596,0.49067868664860725,0.6374746759732565,0.1568844225257635,0.1617121510207653,0.0,0.1568844225257635
encoder.layers.11.self_attn.q_proj,768,dtd,gtsrb,8,7,lora,31,0.7290799617767334,0.7252896428108215,0.010416666666666666,0.48257135786116123,0.4835020489990711,0.7186632951100668,0.24650860391557217,0.2417875938117504,0.0,0.24650860391557217
encoder.layers.11.self_attn.q_proj,768,dtd,mnist,8,7,lora,31,0.6556082963943481,0.652830183506012,0.010416666666666666,0.4944156128913164,0.4943567458540201,0.6451916297276815,0.16119268350303173,0.15847343765199184,0.0,0.16119268350303173
encoder.layers.11.self_attn.q_proj,768,dtd,resisc45,8,7,lora,31,0.6058482527732849,0.6047282814979553,0.010416666666666666,0.49769710563123226,0.49847351014614105,0.5954315861066183,0.10815114714205265,0.10625477135181427,0.0,0.10815114714205265
encoder.layers.11.self_attn.q_proj,768,dtd,stanford-cars,8,7,lora,31,0.5688296556472778,0.5587515830993652,0.010416666666666666,0.500801233574748,0.499622467905283,0.5584129889806112,0.06802842207252979,0.05912911519408226,0.0,0.06802842207252979
encoder.layers.11.self_attn.q_proj,768,dtd,sun397,8,7,lora,31,0.717631459236145,0.7173464894294739,0.010416666666666666,0.504068223759532,0.506877264007926,0.7072147925694784,0.21356323547661304,0.2104692254215479,0.0,0.21356323547661304
encoder.layers.11.self_attn.q_proj,768,dtd,svhn,8,7,lora,31,0.6939435005187988,0.6917102336883545,0.010416666666666666,0.5024012625217438,0.5043493527919054,0.6835268338521322,0.19154223799705505,0.1873608808964491,0.0,0.19154223799705505
encoder.layers.11.self_attn.q_proj,768,eurosat,gtsrb,8,7,lora,31,0.5886536240577698,0.5885518789291382,0.010416666666666666,0.51384661719203,0.5149319097399712,0.5782369573911031,0.07480700686573982,0.07361996918916702,0.0,0.07480700686573982
encoder.layers.11.self_attn.q_proj,768,eurosat,mnist,8,7,lora,31,0.49928608536720276,0.5004157423973083,0.010416666666666666,0.501228354871273,0.5017509050667286,0.4888694187005361,-0.001942269504070282,-0.0013351626694202423,0.0,-0.001942269504070282
encoder.layers.11.self_attn.q_proj,768,eurosat,resisc45,8,7,lora,31,0.6754038333892822,0.6761419773101807,0.010416666666666666,0.506378510966897,0.5069128219038248,0.6649871667226156,0.16902532242238522,0.16922915540635586,0.0,0.16902532242238522
encoder.layers.11.self_attn.q_proj,768,eurosat,stanford-cars,8,7,lora,31,0.531227707862854,0.5419053435325623,0.010416666666666666,0.5280960611999035,0.5256186481565237,0.5208110411961874,0.0031316466629505157,0.01628669537603855,0.0,0.0031316466629505157
encoder.layers.11.self_attn.q_proj,768,eurosat,sun397,8,7,lora,31,0.6151993274688721,0.6155989766120911,0.010416666666666666,0.5079017207026482,0.5088185537606478,0.6047826608022054,0.10729760676622391,0.10678042285144329,0.0,0.10729760676622391
encoder.layers.11.self_attn.q_proj,768,eurosat,svhn,8,7,lora,31,0.542868435382843,0.5457725524902344,0.010416666666666666,0.4961979817599058,0.49624431878328323,0.5324517687161764,0.0466704536229372,0.04952823370695114,0.0,0.0466704536229372
encoder.layers.11.self_attn.q_proj,768,gtsrb,mnist,8,7,lora,31,0.7012307047843933,0.6968794465065002,0.010416666666666666,0.48647505417466164,0.48834990710020065,0.6908140381177267,0.21475565060973167,0.2085295394062996,0.0,0.21475565060973167
encoder.layers.11.self_attn.q_proj,768,gtsrb,resisc45,8,7,lora,31,0.5953408479690552,0.5958723425865173,0.010416666666666666,0.519424568861723,0.5193691924214363,0.5849241813023885,0.07591627910733223,0.07650315016508102,0.0,0.07591627910733223
encoder.layers.11.self_attn.q_proj,768,gtsrb,stanford-cars,8,7,lora,31,0.5850073099136353,0.5683994889259338,0.010416666666666666,0.4972657226026058,0.49662220664322376,0.5745906432469686,0.08774158731102943,0.07177728228271008,0.0,0.08774158731102943
encoder.layers.11.self_attn.q_proj,768,gtsrb,sun397,8,7,lora,31,0.676685094833374,0.6756238341331482,0.010416666666666666,0.5121745839715004,0.5130525156855583,0.6662684281667074,0.16451051086187363,0.16257131844758987,0.0,0.16451051086187363
encoder.layers.11.self_attn.q_proj,768,gtsrb,svhn,8,7,lora,31,0.694331705570221,0.6876416802406311,0.010416666666666666,0.5019618030637503,0.5029538292437792,0.6839150389035543,0.19236990250647068,0.18468785099685192,0.0,0.19236990250647068
encoder.layers.11.self_attn.q_proj,768,mnist,resisc45,8,7,lora,31,0.5959714651107788,0.5960488319396973,0.010416666666666666,0.499208590015769,0.5005941782146692,0.5855547984441122,0.0967628750950098,0.09545465372502804,0.0,0.0967628750950098
encoder.layers.11.self_attn.q_proj,768,mnist,stanford-cars,8,7,lora,31,0.5457921028137207,0.5431667566299438,0.010416666666666666,0.49062313325703144,0.4891972616314888,0.5353754361470541,0.05516896955668926,0.05396949499845505,0.0,0.05516896955668926
encoder.layers.11.self_attn.q_proj,768,mnist,sun397,8,7,lora,31,0.5854632258415222,0.5870607495307922,0.010416666666666666,0.5275748707354069,0.5285515580326319,0.5750465591748556,0.05788835510611534,0.05850919149816036,0.0,0.05788835510611534
encoder.layers.11.self_attn.q_proj,768,mnist,svhn,8,7,lora,31,0.7358170747756958,0.7316668033599854,0.010416666666666666,0.4931386150419712,0.4935457091778517,0.7254004081090292,0.2426784597337246,0.23812109418213367,0.0,0.2426784597337246
encoder.layers.11.self_attn.q_proj,768,resisc45,stanford-cars,8,7,lora,31,0.5404642820358276,0.5532007217407227,0.010416666666666666,0.49077500961720943,0.4898494314402342,0.530047615369161,0.0496892724186182,0.06335129030048847,0.0,0.0496892724186182
encoder.layers.11.self_attn.q_proj,768,resisc45,sun397,8,7,lora,31,0.6618935465812683,0.6640331745147705,0.010416666666666666,0.5103094186633825,0.5108903646469116,0.6514768799146017,0.15158412791788578,0.1531428098678589,0.0,0.15158412791788578
encoder.layers.11.self_attn.q_proj,768,resisc45,svhn,8,7,lora,31,0.597182035446167,0.5938119888305664,0.010416666666666666,0.5181573312729597,0.5192865803837776,0.5867653687795004,0.07902470417320728,0.07452540844678879,0.0,0.07902470417320728
encoder.layers.11.self_attn.q_proj,768,stanford-cars,sun397,8,7,lora,31,0.6251878142356873,0.6232149600982666,0.010416666666666666,0.5155389532446861,0.5156462900340557,0.6147711475690206,0.10964886099100113,0.10756867006421089,0.0,0.10964886099100113
encoder.layers.11.self_attn.q_proj,768,stanford-cars,svhn,8,7,lora,31,0.5815144777297974,0.5818635821342468,0.010416666666666666,0.515310563147068,0.5152185130864382,0.5710978110631307,0.06620391458272934,0.06664506904780865,0.0,0.06620391458272934
encoder.layers.11.self_attn.q_proj,768,sun397,svhn,8,7,lora,31,0.665818452835083,0.6639731526374817,0.010416666666666666,0.5057789515703917,0.504890002310276,0.6554017861684164,0.16003950126469135,0.15908315032720566,0.0,0.16003950126469135
encoder.layers.11.self_attn.v_proj,768,dtd,eurosat,8,7,lora,31,0.6309974789619446,0.626289427280426,0.010416666666666666,0.5100664719939232,0.5104216430336237,0.620580812295278,0.12093100696802139,0.11586778424680233,0.0,0.12093100696802139
encoder.layers.11.self_attn.v_proj,768,dtd,gtsrb,8,7,lora,31,0.6615620255470276,0.6642687320709229,0.010416666666666666,0.4951988384127617,0.4958015214651823,0.651145358880361,0.1663631871342659,0.16846721060574055,0.0,0.1663631871342659
encoder.layers.11.self_attn.v_proj,768,dtd,mnist,8,7,lora,31,0.5714073181152344,0.5753539800643921,0.010416666666666666,0.5044023804366589,0.5075432360172272,0.5609906514485677,0.06700493767857552,0.06781074404716492,0.0,0.06700493767857552
encoder.layers.11.self_attn.v_proj,768,dtd,resisc45,8,7,lora,31,0.6535348892211914,0.6543383002281189,0.010416666666666666,0.5074822250753641,0.5070938915014267,0.6431182225545248,0.1460526641458273,0.1472444087266922,0.0,0.1460526641458273
encoder.layers.11.self_attn.v_proj,768,dtd,stanford-cars,8,7,lora,31,0.6500095725059509,0.6500398516654968,0.010416666666666666,0.5017407890409231,0.5030755214393139,0.6395929058392843,0.1482687834650278,0.14696433022618294,0.0,0.1482687834650278
encoder.layers.11.self_attn.v_proj,768,dtd,sun397,8,7,lora,31,0.7198852300643921,0.7219681143760681,0.010416666666666666,0.5155259445309639,0.5172233060002327,0.7094685633977255,0.2043592855334282,0.20474480837583542,0.0,0.2043592855334282
encoder.layers.11.self_attn.v_proj,768,dtd,svhn,8,7,lora,31,0.6109874248504639,0.614119827747345,0.010416666666666666,0.4997116718441248,0.4981634486466646,0.6005707581837972,0.11127575300633907,0.11595637910068035,0.0,0.11127575300633907
encoder.layers.11.self_attn.v_proj,768,eurosat,gtsrb,8,7,lora,31,0.6278836727142334,0.6339247822761536,0.010416666666666666,0.5122398398816586,0.5128550119698048,0.6174670060475668,0.11564383283257484,0.1210697703063488,0.0,0.11564383283257484
encoder.layers.11.self_attn.v_proj,768,eurosat,mnist,8,7,lora,31,0.5919873118400574,0.5887517333030701,0.010416666666666666,0.5148195698857307,0.516889113932848,0.5815706451733907,0.07716774195432663,0.07186261937022209,0.0,0.07716774195432663
encoder.layers.11.self_attn.v_proj,768,eurosat,resisc45,8,7,lora,31,0.5735657811164856,0.5728023052215576,0.010416666666666666,0.5117390509694815,0.512627387419343,0.563149114449819,0.06182673014700413,0.06017491780221462,0.0,0.06182673014700413
encoder.layers.11.self_attn.v_proj,768,eurosat,stanford-cars,8,7,lora,31,0.6105031967163086,0.6202729940414429,0.010416666666666666,0.5126996841281652,0.5130269601941109,0.600086530049642,0.09780351258814335,0.107246033847332,0.0,0.09780351258814335
encoder.layers.11.self_attn.v_proj,768,eurosat,sun397,8,7,lora,31,0.623522937297821,0.6285943388938904,0.010416666666666666,0.5155101530253887,0.5127480160444975,0.6131062706311544,0.10801278427243233,0.11584632284939289,0.0,0.10801278427243233
encoder.layers.11.self_attn.v_proj,768,eurosat,svhn,8,7,lora,31,0.6907266974449158,0.6862085461616516,0.010416666666666666,0.5116822943091393,0.5103879757225513,0.6803100307782491,0.17904440313577652,0.17582057043910027,0.0,0.17904440313577652
encoder.layers.11.self_attn.v_proj,768,gtsrb,mnist,8,7,lora,31,0.5717576742172241,0.5727217197418213,0.010416666666666666,0.508112097159028,0.5093238167464733,0.5613410075505575,0.06364557705819607,0.06339790299534798,0.0,0.06364557705819607
encoder.layers.11.self_attn.v_proj,768,gtsrb,resisc45,8,7,lora,31,0.5942140221595764,0.5924302935600281,0.010416666666666666,0.5087834801524878,0.5091213416308165,0.5837973554929098,0.08543054200708866,0.08330895192921162,0.0,0.08543054200708866
encoder.layers.11.self_attn.v_proj,768,gtsrb,stanford-cars,8,7,lora,31,0.6533133387565613,0.6495809555053711,0.010416666666666666,0.48670694045722485,0.4856033753603697,0.6428966720898946,0.16660639829933643,0.1639775801450014,0.0,0.16660639829933643
encoder.layers.11.self_attn.v_proj,768,gtsrb,sun397,8,7,lora,31,0.6472848057746887,0.6511156558990479,0.010416666666666666,0.5159567892551422,0.5141808036714792,0.6368681391080221,0.1313280165195465,0.13693485222756863,0.0,0.1313280165195465
encoder.layers.11.self_attn.v_proj,768,gtsrb,svhn,8,7,lora,31,0.5792601108551025,0.5775339603424072,0.010416666666666666,0.48825614526867867,0.48775265738368034,0.5688434441884359,0.09100396558642387,0.08978130295872688,0.0,0.09100396558642387
encoder.layers.11.self_attn.v_proj,768,mnist,resisc45,8,7,lora,31,0.6550123691558838,0.6527438759803772,0.010416666666666666,0.4914563838392496,0.4906351752579212,0.6445957024892172,0.16355598531663418,0.16210870072245598,0.0,0.16355598531663418
encoder.layers.11.self_attn.v_proj,768,mnist,stanford-cars,8,7,lora,31,0.5461256504058838,0.5446078777313232,0.010416666666666666,0.5052922684699297,0.5087894145399332,0.5357089837392172,0.040833381935954094,0.03581846319139004,0.0,0.040833381935954094
encoder.layers.11.self_attn.v_proj,768,mnist,sun397,8,7,lora,31,0.6536337733268738,0.6572396755218506,0.010416666666666666,0.5015866085886955,0.5081677250564098,0.6432171066602071,0.15204716473817825,0.14907195046544075,0.0,0.15204716473817825
encoder.layers.11.self_attn.v_proj,768,mnist,svhn,8,7,lora,31,0.7043739557266235,0.7052308320999146,0.010416666666666666,0.501053424552083,0.5015171505510807,0.6939572890599569,0.20332053117454052,0.20371368154883385,0.0,0.20332053117454052
encoder.layers.11.self_attn.v_proj,768,resisc45,stanford-cars,8,7,lora,31,0.6408067941665649,0.6410682797431946,0.010416666666666666,0.502773717045784,0.5011207479983568,0.6303901274998983,0.13803307712078094,0.13994753174483776,0.0,0.13803307712078094
encoder.layers.11.self_attn.v_proj,768,resisc45,sun397,8,7,lora,31,0.6845245361328125,0.6885342001914978,0.010416666666666666,0.5209264252334833,0.5198443699628115,0.6741078694661459,0.16359811089932919,0.16868983022868633,0.0,0.16359811089932919
encoder.layers.11.self_attn.v_proj,768,resisc45,svhn,8,7,lora,31,0.6045466661453247,0.598673939704895,0.010416666666666666,0.5108641758561134,0.5103683546185493,0.5941299994786581,0.09368249028921127,0.08830558508634567,0.0,0.09368249028921127
encoder.layers.11.self_attn.v_proj,768,stanford-cars,sun397,8,7,lora,31,0.6986266374588013,0.6942492723464966,0.010416666666666666,0.5194733552634716,0.5152617841959,0.6882099707921346,0.17915328219532967,0.17898748815059662,0.0,0.17915328219532967
encoder.layers.11.self_attn.v_proj,768,stanford-cars,svhn,8,7,lora,31,0.5364483594894409,0.5322583317756653,0.010416666666666666,0.5066572744399309,0.5045933686196804,0.5260316928227743,0.029791085049510002,0.02766496315598488,0.0,0.029791085049510002
encoder.layers.11.self_attn.v_proj,768,sun397,svhn,8,7,lora,31,0.6117182970046997,0.6117334961891174,0.010416666666666666,0.5218527838587761,0.5207598358392715,0.6013016303380331,0.08986551314592361,0.09097366034984589,0.0,0.08986551314592361
encoder.layers.2.self_attn.q_proj,768,dtd,eurosat,8,26,lora,47,0.6688424348831177,0.6710564494132996,0.010416666666666666,0.5095159765332937,0.5108002312481403,0.658425768216451,0.15932645834982395,0.16025621816515923,0.0,0.15932645834982395
encoder.layers.2.self_attn.q_proj,768,dtd,gtsrb,8,26,lora,47,0.6790182590484619,0.6850883960723877,0.010416666666666666,0.4945085346698761,0.49652460776269436,0.6686015923817953,0.18450972437858582,0.18856378830969334,0.0,0.18450972437858582
encoder.layers.2.self_attn.q_proj,768,dtd,mnist,8,26,lora,47,0.581805408000946,0.5883421897888184,0.010416666666666666,0.5103668756783009,0.5128225330263376,0.5713887413342794,0.07143853232264519,0.07551965676248074,0.0,0.07143853232264519
encoder.layers.2.self_attn.q_proj,768,dtd,resisc45,8,26,lora,47,0.7322359681129456,0.7475994825363159,0.010416666666666666,0.5017909612506628,0.5048264842480421,0.7218193014462789,0.23044500686228275,0.2427729982882738,0.0,0.23044500686228275
encoder.layers.2.self_attn.q_proj,768,dtd,stanford-cars,8,26,lora,47,0.796029269695282,0.8024016618728638,0.010416666666666666,0.5027214139699936,0.507405761629343,0.7856126030286154,0.2933078557252884,0.29499590024352074,0.0,0.2933078557252884
encoder.layers.2.self_attn.q_proj,768,dtd,sun397,8,26,lora,47,0.7278829216957092,0.7323988676071167,0.010416666666666666,0.514352211728692,0.5183916855603456,0.7174662550290426,0.21353070996701717,0.21400718204677105,0.0,0.21353070996701717
encoder.layers.2.self_attn.q_proj,768,dtd,svhn,8,26,lora,47,0.6674927473068237,0.6705452799797058,0.010416666666666666,0.5160396993160248,0.517681023105979,0.6570760806401571,0.15145304799079895,0.15286425687372684,0.0,0.15145304799079895
encoder.layers.2.self_attn.q_proj,768,eurosat,gtsrb,8,26,lora,47,0.7092685699462891,0.7068909406661987,0.010416666666666666,0.4984522629529238,0.4992459788918495,0.6988519032796224,0.2108163069933653,0.2076449617743492,0.0,0.2108163069933653
encoder.layers.2.self_attn.q_proj,768,eurosat,mnist,8,26,lora,47,0.6752027273178101,0.6760381460189819,0.010416666666666666,0.48465024307370186,0.48699500411748886,0.6647860606511434,0.1905524842441082,0.18904314190149307,0.0,0.1905524842441082
encoder.layers.2.self_attn.q_proj,768,eurosat,resisc45,8,26,lora,47,0.6776876449584961,0.6937276721000671,0.010416666666666666,0.5109123531728983,0.5106229986995459,0.6672709782918295,0.1667752917855978,0.18310467340052128,0.0,0.1667752917855978
encoder.layers.2.self_attn.q_proj,768,eurosat,stanford-cars,8,26,lora,47,0.6700515151023865,0.6710911393165588,0.010416666666666666,0.5032182261347771,0.5068505369126797,0.6596348484357198,0.1668332889676094,0.16424060240387917,0.0,0.1668332889676094
encoder.layers.2.self_attn.q_proj,768,eurosat,sun397,8,26,lora,47,0.6905414462089539,0.6989606022834778,0.010416666666666666,0.5168298464268446,0.5188677664846182,0.6801247795422872,0.17371159978210926,0.1800928357988596,0.0,0.17371159978210926
encoder.layers.2.self_attn.q_proj,768,eurosat,svhn,8,26,lora,47,0.7581576704978943,0.7627983093261719,0.010416666666666666,0.4919912591576576,0.49272546358406544,0.7477410038312277,0.26616641134023666,0.27007284574210644,0.0,0.26616641134023666
encoder.layers.2.self_attn.q_proj,768,gtsrb,mnist,8,26,lora,47,0.7299630641937256,0.7422207593917847,0.010416666666666666,0.5006668698042631,0.5014776885509491,0.719546397527059,0.22929619438946247,0.24074307084083557,0.0,0.22929619438946247
encoder.layers.2.self_attn.q_proj,768,gtsrb,resisc45,8,26,lora,47,0.6958441734313965,0.6989860534667969,0.010416666666666666,0.5149006955325603,0.5137720555067062,0.6854275067647299,0.18094347789883614,0.18521399796009064,0.0,0.18094347789883614
encoder.layers.2.self_attn.q_proj,768,gtsrb,stanford-cars,8,26,lora,47,0.6925492286682129,0.7028133869171143,0.010416666666666666,0.5173636060208082,0.517620038241148,0.6821325620015463,0.17518562264740467,0.18519334867596626,0.0,0.17518562264740467
encoder.layers.2.self_attn.q_proj,768,gtsrb,sun397,8,26,lora,47,0.761076807975769,0.7580305337905884,0.010416666666666666,0.5149735528975725,0.5171443466097116,0.7506601413091024,0.24610325507819653,0.24088618718087673,0.0,0.24610325507819653
encoder.layers.2.self_attn.q_proj,768,gtsrb,svhn,8,26,lora,47,0.7881371378898621,0.7772574424743652,0.010416666666666666,0.5072548594325781,0.508078545331955,0.7777204712231954,0.280882278457284,0.2691788971424103,0.0,0.280882278457284
encoder.layers.2.self_attn.q_proj,768,mnist,resisc45,8,26,lora,47,0.6985375881195068,0.7122877240180969,0.010416666666666666,0.5157156959176064,0.5175984464585781,0.6881209214528402,0.18282189220190048,0.19468927755951881,0.0,0.18282189220190048
encoder.layers.2.self_attn.q_proj,768,mnist,stanford-cars,8,26,lora,47,0.6905417442321777,0.693182647228241,0.010416666666666666,0.532402515411377,0.5353718604892492,0.6801250775655111,0.15813922882080078,0.15781078673899174,0.0,0.15813922882080078
encoder.layers.2.self_attn.q_proj,768,mnist,sun397,8,26,lora,47,0.6830884218215942,0.6898273825645447,0.010416666666666666,0.5029963608831167,0.5077383723109961,0.6726717551549276,0.18009206093847752,0.18208901025354862,0.0,0.18009206093847752
encoder.layers.2.self_attn.q_proj,768,mnist,svhn,8,26,lora,47,0.7613632678985596,0.7596431970596313,0.010416666666666666,0.5053733848035336,0.5076550785452127,0.7509466012318929,0.255989883095026,0.2519881185144186,0.0,0.255989883095026
encoder.layers.2.self_attn.q_proj,768,resisc45,stanford-cars,8,26,lora,47,0.7575280070304871,0.7711470127105713,0.010416666666666666,0.5063922684639692,0.5083260089159012,0.7471113403638204,0.25113573856651783,0.2628210037946701,0.0,0.25113573856651783
encoder.layers.2.self_attn.q_proj,768,resisc45,sun397,8,26,lora,47,0.722935140132904,0.7440109848976135,0.010416666666666666,0.5163985565304756,0.5192939303815365,0.7125184734662374,0.20653658360242844,0.22471705451607704,0.0,0.20653658360242844
encoder.layers.2.self_attn.q_proj,768,resisc45,svhn,8,26,lora,47,0.72625732421875,0.7347936630249023,0.010416666666666666,0.5117422323673964,0.5133058913052082,0.7158406575520834,0.21451509185135365,0.22148777171969414,0.0,0.21451509185135365
encoder.layers.2.self_attn.q_proj,768,stanford-cars,sun397,8,26,lora,47,0.7348787784576416,0.7338446378707886,0.010416666666666666,0.5158547945320606,0.5250997841358185,0.724462111790975,0.21902398392558098,0.2087448537349701,0.0,0.21902398392558098
encoder.layers.2.self_attn.q_proj,768,stanford-cars,svhn,8,26,lora,47,0.6849951148033142,0.6878013610839844,0.010416666666666666,0.5050141103565693,0.5092012509703636,0.6745784481366476,0.17998100444674492,0.17860011011362076,0.0,0.17998100444674492
encoder.layers.2.self_attn.q_proj,768,sun397,svhn,8,26,lora,47,0.7783065438270569,0.7820838689804077,0.010416666666666666,0.5193998403847218,0.5208354536443949,0.7678898771603903,0.25890670344233513,0.26124841533601284,0.0,0.25890670344233513
encoder.layers.2.self_attn.v_proj,768,dtd,eurosat,8,26,lora,47,0.7185542583465576,0.7232055068016052,0.010416666666666666,0.5097412280738354,0.5093311090022326,0.708137591679891,0.20881303027272224,0.21387439779937267,0.0,0.20881303027272224
encoder.layers.2.self_attn.v_proj,768,dtd,gtsrb,8,26,lora,47,0.8017343282699585,0.8052258491516113,0.010416666666666666,0.5148326028138399,0.5162778533995152,0.7913176616032919,0.2869017254561186,0.2889479957520962,0.0,0.2869017254561186
encoder.layers.2.self_attn.v_proj,768,dtd,mnist,8,26,lora,47,0.7980138063430786,0.7994518876075745,0.010416666666666666,0.529875235632062,0.5298239476978779,0.787597139676412,0.26813857071101665,0.2696279399096966,0.0,0.26813857071101665
encoder.layers.2.self_attn.v_proj,768,dtd,resisc45,8,26,lora,47,0.7296202778816223,0.7296086549758911,0.010416666666666666,0.490162106230855,0.4920379091054201,0.7192036112149557,0.23945817165076733,0.237570745870471,0.0,0.23945817165076733
encoder.layers.2.self_attn.v_proj,768,dtd,stanford-cars,8,26,lora,47,0.7994040250778198,0.7971928715705872,0.010416666666666666,0.5319366008043289,0.5349804200232029,0.7889873584111532,0.2674674242734909,0.26221245154738426,0.0,0.2674674242734909
encoder.layers.2.self_attn.v_proj,768,dtd,sun397,8,26,lora,47,0.8308552503585815,0.8345861434936523,0.010416666666666666,0.5034409835934639,0.5022488050162792,0.8204385836919149,0.32741426676511765,0.3323373384773731,0.0,0.32741426676511765
encoder.layers.2.self_attn.v_proj,768,dtd,svhn,8,26,lora,47,0.7135312557220459,0.7171378135681152,0.010416666666666666,0.5025035589933395,0.5022721756249666,0.7031145890553793,0.21102769672870636,0.2148656379431486,0.0,0.21102769672870636
encoder.layers.2.self_attn.v_proj,768,eurosat,gtsrb,8,26,lora,47,0.7913499474525452,0.799964427947998,0.010416666666666666,0.4984100665897131,0.4978500586003065,0.7809332807858785,0.29293988086283207,0.30211436934769154,0.0,0.29293988086283207
encoder.layers.2.self_attn.v_proj,768,eurosat,mnist,8,26,lora,47,0.7258637547492981,0.727842390537262,0.010416666666666666,0.5028529204428196,0.5034218747168779,0.7154470880826315,0.2230108343064785,0.22442051582038403,0.0,0.2230108343064785
encoder.layers.2.self_attn.v_proj,768,eurosat,resisc45,8,26,lora,47,0.7316504120826721,0.7288894057273865,0.010416666666666666,0.5057791173458099,0.5103718563914299,0.7212337454160055,0.22587129473686218,0.21851754933595657,0.0,0.22587129473686218
encoder.layers.2.self_attn.v_proj,768,eurosat,stanford-cars,8,26,lora,47,0.7414751648902893,0.7481158971786499,0.010416666666666666,0.49489392526447773,0.49718464352190495,0.7310584982236227,0.24658123962581158,0.25093125365674496,0.0,0.24658123962581158
encoder.layers.2.self_attn.v_proj,768,eurosat,sun397,8,26,lora,47,0.7927373647689819,0.7972139120101929,0.010416666666666666,0.5021957010030746,0.5029401481151581,0.7823206981023153,0.2905416637659073,0.2942737638950348,0.0,0.2905416637659073
encoder.layers.2.self_attn.v_proj,768,eurosat,svhn,8,26,lora,47,0.7372839450836182,0.7415404319763184,0.010416666666666666,0.5321682821959257,0.5298909321427345,0.7268672784169515,0.20511566288769245,0.21164949983358383,0.0,0.20511566288769245
encoder.layers.2.self_attn.v_proj,768,gtsrb,mnist,8,26,lora,47,0.8073166012763977,0.8074257969856262,0.010416666666666666,0.5077697224915028,0.5096802432090044,0.7968999346097311,0.29954687878489494,0.2977455537766218,0.0,0.29954687878489494
encoder.layers.2.self_attn.v_proj,768,gtsrb,resisc45,8,26,lora,47,0.6998575329780579,0.7004867792129517,0.010416666666666666,0.4981180150061846,0.4975217003375292,0.6894408663113912,0.20173951797187328,0.20296507887542248,0.0,0.20173951797187328
encoder.layers.2.self_attn.v_proj,768,gtsrb,stanford-cars,8,26,lora,47,0.7645054459571838,0.7725054025650024,0.010416666666666666,0.518527939915657,0.520784942433238,0.7540887792905172,0.2459775060415268,0.2517204601317644,0.0,0.2459775060415268
encoder.layers.2.self_attn.v_proj,768,gtsrb,sun397,8,26,lora,47,0.8068654537200928,0.8141236305236816,0.010416666666666666,0.5033246260136366,0.5043668989092112,0.7964487870534261,0.3035408277064562,0.3097567316144705,0.0,0.3035408277064562
encoder.layers.2.self_attn.v_proj,768,gtsrb,svhn,8,26,lora,47,0.7908427119255066,0.7967183589935303,0.010416666666666666,0.5190865993499756,0.519300039857626,0.78042604525884,0.271756112575531,0.2774183191359043,0.0,0.271756112575531
encoder.layers.2.self_attn.v_proj,768,mnist,resisc45,8,26,lora,47,0.6953125596046448,0.6921086311340332,0.010416666666666666,0.5021442882716656,0.5046512261033058,0.6848958929379781,0.1931682713329792,0.1874574050307274,0.0,0.1931682713329792
encoder.layers.2.self_attn.v_proj,768,mnist,stanford-cars,8,26,lora,47,0.7310410141944885,0.7291672229766846,0.010416666666666666,0.5306065324693918,0.5342003963887691,0.7206243475278219,0.2004344817250967,0.19496682658791542,0.0,0.2004344817250967
encoder.layers.2.self_attn.v_proj,768,mnist,sun397,8,26,lora,47,0.7681466937065125,0.7698999643325806,0.010416666666666666,0.5113866813480854,0.5128382313996553,0.7577300270398458,0.25676001235842705,0.2570617329329252,0.0,0.25676001235842705
encoder.layers.2.self_attn.v_proj,768,mnist,svhn,8,26,lora,47,0.7450933456420898,0.7431812882423401,0.010416666666666666,0.49523911997675896,0.49630462005734444,0.7346766789754232,0.2498542256653309,0.24687666818499565,0.0,0.2498542256653309
encoder.layers.2.self_attn.v_proj,768,resisc45,stanford-cars,8,26,lora,47,0.755315899848938,0.7645171284675598,0.010416666666666666,0.5360410697758198,0.5382812432944775,0.7448992331822714,0.2192748300731182,0.22623588517308235,0.0,0.2192748300731182
encoder.layers.2.self_attn.v_proj,768,resisc45,sun397,8,26,lora,47,0.7865699529647827,0.7916824817657471,0.010416666666666666,0.49769605696201324,0.4996626656502485,0.7761532862981161,0.28887389600276947,0.29201981611549854,0.0,0.28887389600276947
encoder.layers.2.self_attn.v_proj,768,resisc45,svhn,8,26,lora,47,0.7311497926712036,0.7319461703300476,0.010416666666666666,0.5347404889762402,0.5352272167801857,0.720733126004537,0.19640930369496346,0.1967189535498619,0.0,0.19640930369496346
encoder.layers.2.self_attn.v_proj,768,stanford-cars,sun397,8,26,lora,47,0.8630393743515015,0.8774577379226685,0.010416666666666666,0.5089668203145266,0.5098170228302479,0.8526227076848348,0.3540725540369749,0.3676407150924206,0.0,0.3540725540369749
encoder.layers.2.self_attn.v_proj,768,stanford-cars,svhn,8,26,lora,47,0.6486620903015137,0.6661133170127869,0.010416666666666666,0.5322512723505497,0.5342934336513281,0.638245423634847,0.11641081795096397,0.13181988336145878,0.0,0.11641081795096397
encoder.layers.2.self_attn.v_proj,768,sun397,svhn,8,26,lora,47,0.7377955913543701,0.7448571920394897,0.010416666666666666,0.49462698586285114,0.4941020756959915,0.7273789246877035,0.24316860549151897,0.25075511634349823,0.0,0.24316860549151897
encoder.layers.3.self_attn.q_proj,768,dtd,eurosat,8,41,lora,48,0.7691290378570557,0.7576565146446228,0.010416666666666666,0.5045884810388088,0.5049274768680334,0.758712371190389,0.26454055681824684,0.2527290377765894,0.0,0.26454055681824684
encoder.layers.3.self_attn.q_proj,768,dtd,gtsrb,8,41,lora,48,0.7424214482307434,0.7423880100250244,0.010416666666666666,0.4895437993109226,0.48954062536358833,0.7320047815640768,0.2528776489198208,0.2528473846614361,0.0,0.2528776489198208
encoder.layers.3.self_attn.q_proj,768,dtd,mnist,8,41,lora,48,0.780632734298706,0.7768916487693787,0.010416666666666666,0.5076296851038933,0.5086503271013498,0.7702160676320394,0.2730030491948128,0.26824132166802883,0.0,0.2730030491948128
encoder.layers.3.self_attn.q_proj,768,dtd,resisc45,8,41,lora,48,0.7513233423233032,0.7401672005653381,0.010416666666666666,0.5020431596785784,0.5016864221543074,0.7409066756566366,0.24928018264472485,0.23848077841103077,0.0,0.24928018264472485
encoder.layers.3.self_attn.q_proj,768,dtd,stanford-cars,8,41,lora,48,0.7757697105407715,0.7727967500686646,0.010416666666666666,0.4956104960292578,0.49606345780193806,0.7653530438741049,0.2801592145115137,0.2767332922667265,0.0,0.2801592145115137
encoder.layers.3.self_attn.q_proj,768,dtd,sun397,8,41,lora,48,0.8490462303161621,0.8437075614929199,0.010416666666666666,0.5114561505615711,0.5129680130630732,0.8386295636494955,0.337590079754591,0.33073954842984676,0.0,0.337590079754591
encoder.layers.3.self_attn.q_proj,768,dtd,svhn,8,41,lora,48,0.6733922958374023,0.6765390038490295,0.010416666666666666,0.505564546212554,0.5070603936910629,0.6629756291707357,0.16782774962484837,0.1694786101579666,0.0,0.16782774962484837
encoder.layers.3.self_attn.q_proj,768,eurosat,gtsrb,8,41,lora,48,0.7632609605789185,0.759476363658905,0.010416666666666666,0.5001752059906721,0.5004850123077631,0.7528442939122518,0.26308575458824635,0.25899135135114193,0.0,0.26308575458824635
encoder.layers.3.self_attn.q_proj,768,eurosat,mnist,8,41,lora,48,0.7274182438850403,0.7254761457443237,0.010416666666666666,0.4995210990309715,0.5004240348935127,0.7170015772183737,0.22789714485406876,0.225052110850811,0.0,0.22789714485406876
encoder.layers.3.self_attn.q_proj,768,eurosat,resisc45,8,41,lora,48,0.8074443340301514,0.8038449883460999,0.010416666666666666,0.49924351274967194,0.4993042442947626,0.7970276673634847,0.30820082128047943,0.30454074405133724,0.0,0.30820082128047943
encoder.layers.3.self_attn.q_proj,768,eurosat,stanford-cars,8,41,lora,48,0.7493525147438049,0.7458645701408386,0.010416666666666666,0.5264788772910833,0.526275847107172,0.7389358480771383,0.2228736374527216,0.2195887230336666,0.0,0.2228736374527216
encoder.layers.3.self_attn.q_proj,768,eurosat,sun397,8,41,lora,48,0.7370402216911316,0.7303929924964905,0.010416666666666666,0.5042046085000038,0.5040393341332674,0.726623555024465,0.23283561319112778,0.22635365836322308,0.0,0.23283561319112778
encoder.layers.3.self_attn.q_proj,768,eurosat,svhn,8,41,lora,48,0.7174311876296997,0.7214828729629517,0.010416666666666666,0.5010599680244923,0.5007578562945127,0.7070145209630331,0.21637121960520744,0.2207250166684389,0.0,0.21637121960520744
encoder.layers.3.self_attn.q_proj,768,gtsrb,mnist,8,41,lora,48,0.8154239058494568,0.81307452917099,0.010416666666666666,0.5089862793684006,0.5097681004554033,0.8050072391827902,0.3064376264810562,0.30330642871558666,0.0,0.3064376264810562
encoder.layers.3.self_attn.q_proj,768,gtsrb,resisc45,8,41,lora,48,0.7068853974342346,0.7051080465316772,0.010416666666666666,0.5084298625588417,0.5083144456148148,0.696468730767568,0.1984555348753929,0.1967936009168625,0.0,0.1984555348753929
encoder.layers.3.self_attn.q_proj,768,gtsrb,stanford-cars,8,41,lora,48,0.7300316691398621,0.7278574705123901,0.010416666666666666,0.5065286587923765,0.5069867521524429,0.7196150024731954,0.22350301034748554,0.2208707183599472,0.0,0.22350301034748554
encoder.layers.3.self_attn.q_proj,768,gtsrb,sun397,8,41,lora,48,0.6968393921852112,0.6975177526473999,0.010416666666666666,0.503834567964077,0.5042202137410641,0.6864227255185446,0.19300482422113419,0.19329753890633583,0.0,0.19300482422113419
encoder.layers.3.self_attn.q_proj,768,gtsrb,svhn,8,41,lora,48,0.6458352208137512,0.6499297022819519,0.010416666666666666,0.49688465893268585,0.4975673668086529,0.6354185541470846,0.14895056188106537,0.15236233547329903,0.0,0.14895056188106537
encoder.layers.3.self_attn.q_proj,768,mnist,resisc45,8,41,lora,48,0.7203893661499023,0.7165669798851013,0.010416666666666666,0.5046648681163788,0.5048861131072044,0.7099726994832357,0.21572449803352356,0.21168086677789688,0.0,0.21572449803352356
encoder.layers.3.self_attn.q_proj,768,mnist,stanford-cars,8,41,lora,48,0.7260501384735107,0.7259006500244141,0.010416666666666666,0.5150671489536762,0.5155368577688932,0.7156334718068441,0.21098298951983452,0.21036379225552082,0.0,0.21098298951983452
encoder.layers.3.self_attn.q_proj,768,mnist,sun397,8,41,lora,48,0.73943030834198,0.7399104833602905,0.010416666666666666,0.49358954280614853,0.49363232403993607,0.7290136416753134,0.24584076553583145,0.24627815932035446,0.0,0.24584076553583145
encoder.layers.3.self_attn.q_proj,768,mnist,svhn,8,41,lora,48,0.6374895572662354,0.6412472724914551,0.010416666666666666,0.49330421537160873,0.49268969148397446,0.6270728905995687,0.14418534189462662,0.14855758100748062,0.0,0.14418534189462662
encoder.layers.3.self_attn.q_proj,768,resisc45,stanford-cars,8,41,lora,48,0.8043087720870972,0.7999964952468872,0.010416666666666666,0.521750433370471,0.5211828723549843,0.7938921054204305,0.28255833871662617,0.2788136228919029,0.0,0.28255833871662617
encoder.layers.3.self_attn.q_proj,768,resisc45,sun397,8,41,lora,48,0.7738628387451172,0.7754644751548767,0.010416666666666666,0.5037682205438614,0.5045874882489443,0.7634461720784506,0.2700946182012558,0.2708769869059324,0.0,0.2700946182012558
encoder.layers.3.self_attn.q_proj,768,resisc45,svhn,8,41,lora,48,0.6409100294113159,0.6433060169219971,0.010416666666666666,0.49906958267092705,0.4990126732736826,0.6304933627446493,0.14184044674038887,0.14429334364831448,0.0,0.14184044674038887
encoder.layers.3.self_attn.q_proj,768,stanford-cars,sun397,8,41,lora,48,0.8447502255439758,0.8464140892028809,0.010416666666666666,0.5042197927832603,0.5090868938714266,0.8343335588773092,0.3405304327607155,0.3373271953314543,0.0,0.3405304327607155
encoder.layers.3.self_attn.q_proj,768,stanford-cars,svhn,8,41,lora,48,0.6352341175079346,0.6386768817901611,0.010416666666666666,0.48638918064534664,0.4855263475328684,0.6248174508412679,0.14884493686258793,0.15315053425729275,0.0,0.14884493686258793
encoder.layers.3.self_attn.q_proj,768,sun397,svhn,8,41,lora,48,0.7112346887588501,0.7167662978172302,0.010416666666666666,0.4903391133993864,0.4891593996435404,0.7008180220921835,0.2208955753594637,0.22760689817368984,0.0,0.2208955753594637
encoder.layers.3.self_attn.v_proj,768,dtd,eurosat,8,41,lora,48,0.6477876901626587,0.6516411900520325,0.010416666666666666,0.5121165961027145,0.5132874045521021,0.6373710234959921,0.13567109405994415,0.13835378549993038,0.0,0.13567109405994415
encoder.layers.3.self_attn.v_proj,768,dtd,gtsrb,8,41,lora,48,0.6823840141296387,0.6897907853126526,0.010416666666666666,0.5018060747534037,0.5040200501680374,0.671967347462972,0.180577939376235,0.18577073514461517,0.0,0.180577939376235
encoder.layers.3.self_attn.v_proj,768,dtd,mnist,8,41,lora,48,0.6670995950698853,0.6717202067375183,0.010416666666666666,0.5133838634938002,0.5140568502247334,0.6566829284032186,0.1537157315760851,0.15766335651278496,0.0,0.1537157315760851
encoder.layers.3.self_attn.v_proj,768,dtd,resisc45,8,41,lora,48,0.8338476419448853,0.8350846171379089,0.010416666666666666,0.4952458553016186,0.4963280223309994,0.8234309752782186,0.3386017866432667,0.33875659480690956,0.0,0.3386017866432667
encoder.layers.3.self_attn.v_proj,768,dtd,stanford-cars,8,41,lora,48,0.7847321033477783,0.7884197235107422,0.010416666666666666,0.5235175173729658,0.5253003835678101,0.7743154366811117,0.2612145859748125,0.26311933994293213,0.0,0.2612145859748125
encoder.layers.3.self_attn.v_proj,768,dtd,sun397,8,41,lora,48,0.8041716814041138,0.8076744675636292,0.010416666666666666,0.5219331216067076,0.5254058949649334,0.7937550147374471,0.2822385597974062,0.28226857259869576,0.0,0.2822385597974062
encoder.layers.3.self_attn.v_proj,768,dtd,svhn,8,41,lora,48,0.6335418224334717,0.6361098289489746,0.010416666666666666,0.5122808609157801,0.5130836460739374,0.623125155766805,0.12126096151769161,0.1230261828750372,0.0,0.12126096151769161
encoder.layers.3.self_attn.v_proj,768,eurosat,gtsrb,8,41,lora,48,0.6639379262924194,0.6623764038085938,0.010416666666666666,0.5079616643488407,0.509607182815671,0.6535212596257528,0.15597626194357872,0.15276922099292278,0.0,0.15597626194357872
encoder.layers.3.self_attn.v_proj,768,eurosat,mnist,8,41,lora,48,0.6573526263237,0.6621754765510559,0.010416666666666666,0.5161820985376835,0.5161691028624773,0.6469359596570333,0.14117052778601646,0.1460063736885786,0.0,0.14117052778601646
encoder.layers.3.self_attn.v_proj,768,eurosat,resisc45,8,41,lora,48,0.7103231549263,0.7105972766876221,0.010416666666666666,0.5043456424027681,0.5064877960830927,0.6999064882596334,0.2059775125235319,0.20410948060452938,0.0,0.2059775125235319
encoder.layers.3.self_attn.v_proj,768,eurosat,stanford-cars,8,41,lora,48,0.6599544286727905,0.6622933149337769,0.010416666666666666,0.5039224475622177,0.5047511029988527,0.6495377620061239,0.15603198111057281,0.15754221193492413,0.0,0.15603198111057281
encoder.layers.3.self_attn.v_proj,768,eurosat,sun397,8,41,lora,48,0.632314920425415,0.635979950428009,0.010416666666666666,0.501826973631978,0.5038665719330311,0.6218982537587484,0.130487946793437,0.13211337849497795,0.0,0.130487946793437
encoder.layers.3.self_attn.v_proj,768,eurosat,svhn,8,41,lora,48,0.5491531491279602,0.5488549470901489,0.010416666666666666,0.499347610399127,0.500394631177187,0.5387364824612936,0.0498055387288332,0.04846031591296196,0.0,0.0498055387288332
encoder.layers.3.self_attn.v_proj,768,gtsrb,mnist,8,41,lora,48,0.722615659236908,0.7277161478996277,0.010416666666666666,0.5160019267350435,0.5163373500108719,0.7121989925702413,0.20661373250186443,0.2113787978887558,0.0,0.20661373250186443
encoder.layers.3.self_attn.v_proj,768,gtsrb,resisc45,8,41,lora,48,0.6623945832252502,0.6602510213851929,0.010416666666666666,0.49685265123844147,0.4977037385106087,0.6519779165585836,0.16554193198680878,0.1625472828745842,0.0,0.16554193198680878
encoder.layers.3.self_attn.v_proj,768,gtsrb,stanford-cars,8,41,lora,48,0.7107000350952148,0.7129524350166321,0.010416666666666666,0.5140392240136862,0.514620203524828,0.7002833684285482,0.19666081108152866,0.19833223149180412,0.0,0.19666081108152866
encoder.layers.3.self_attn.v_proj,768,gtsrb,sun397,8,41,lora,48,0.6516326665878296,0.6574956774711609,0.010416666666666666,0.5126465503126383,0.5131445042788982,0.641215999921163,0.1389861162751913,0.14435117319226265,0.0,0.1389861162751913
encoder.layers.3.self_attn.v_proj,768,gtsrb,svhn,8,41,lora,48,0.6390128135681152,0.6430752277374268,0.010416666666666666,0.5217390786856413,0.5219129361212254,0.6285961469014486,0.11727373488247395,0.1211622916162014,0.0,0.11727373488247395
encoder.layers.3.self_attn.v_proj,768,mnist,resisc45,8,41,lora,48,0.6746974587440491,0.683219313621521,0.010416666666666666,0.5136417225003242,0.5145876798778772,0.6642807920773824,0.16105573624372482,0.16863163374364376,0.0,0.16105573624372482
encoder.layers.3.self_attn.v_proj,768,mnist,stanford-cars,8,41,lora,48,0.6878434419631958,0.6944209337234497,0.010416666666666666,0.5138591565191746,0.5132406502962112,0.6774267752965292,0.17398428544402122,0.18118028342723846,0.0,0.17398428544402122
encoder.layers.3.self_attn.v_proj,768,mnist,sun397,8,41,lora,48,0.7364526987075806,0.7404456734657288,0.010416666666666666,0.5196786560118198,0.5196327287703753,0.7260360320409139,0.21677404269576073,0.2208129446953535,0.0,0.21677404269576073
encoder.layers.3.self_attn.v_proj,768,mnist,svhn,8,41,lora,48,0.6484688520431519,0.6481346487998962,0.010416666666666666,0.5214512143284082,0.5217440724372864,0.6380521853764852,0.12701763771474361,0.12639057636260986,0.0,0.12701763771474361
encoder.layers.3.self_attn.v_proj,768,resisc45,stanford-cars,8,41,lora,48,0.8492189645767212,0.849066972732544,0.010416666666666666,0.5004633702337742,0.5018645841628313,0.8388022979100546,0.348755594342947,0.34720238856971264,0.0,0.348755594342947
encoder.layers.3.self_attn.v_proj,768,resisc45,sun397,8,41,lora,48,0.7501323819160461,0.7608176469802856,0.010416666666666666,0.49964969232678413,0.5007365923374891,0.7397157152493795,0.250482689589262,0.2600810546427965,0.0,0.250482689589262
encoder.layers.3.self_attn.v_proj,768,resisc45,svhn,8,41,lora,48,0.6521174311637878,0.6513276100158691,0.010416666666666666,0.4893501605838537,0.49151390977203846,0.6417007644971212,0.16276727057993412,0.15981370024383068,0.0,0.16276727057993412
encoder.layers.3.self_attn.v_proj,768,stanford-cars,sun397,8,41,lora,48,0.8132401704788208,0.8185274600982666,0.010416666666666666,0.5062211733311415,0.5108119528740644,0.8028235038121542,0.30701899714767933,0.30771550722420216,0.0,0.30701899714767933
encoder.layers.3.self_attn.v_proj,768,stanford-cars,svhn,8,41,lora,48,0.6696099042892456,0.6694473624229431,0.010416666666666666,0.5205929279327393,0.5202637426555157,0.659193237622579,0.14901697635650635,0.14918361976742744,0.0,0.14901697635650635
encoder.layers.3.self_attn.v_proj,768,sun397,svhn,8,41,lora,48,0.6302340030670166,0.6312994956970215,0.010416666666666666,0.4852104466408491,0.4872817825525999,0.61981733640035,0.1450235564261675,0.14401771314442158,0.0,0.1450235564261675
encoder.layers.4.self_attn.q_proj,768,dtd,eurosat,8,46,lora,49,0.6871330738067627,0.6787774562835693,0.010416666666666666,0.48897467739880085,0.4915488678961992,0.6767164071400961,0.19815839640796185,0.1872285883873701,0.0,0.19815839640796185
encoder.layers.4.self_attn.q_proj,768,dtd,gtsrb,8,46,lora,49,0.6608439087867737,0.6603294014930725,0.010416666666666666,0.523556899279356,0.5259167980402708,0.650427242120107,0.13728700950741768,0.1344126034528017,0.0,0.13728700950741768
encoder.layers.4.self_attn.q_proj,768,dtd,mnist,8,46,lora,49,0.6945189237594604,0.6985188126564026,0.010416666666666666,0.5117558836936951,0.5133398119360209,0.6841022570927938,0.18276304006576538,0.18517900072038174,0.0,0.18276304006576538
encoder.layers.4.self_attn.q_proj,768,dtd,resisc45,8,46,lora,49,0.7038702964782715,0.7068222165107727,0.010416666666666666,0.5098194256424904,0.512208728119731,0.6934536298116049,0.1940508708357811,0.19461348839104176,0.0,0.1940508708357811
encoder.layers.4.self_attn.q_proj,768,dtd,stanford-cars,8,46,lora,49,0.7477638721466064,0.7483691573143005,0.010416666666666666,0.5397989135235548,0.542300458997488,0.7373472054799398,0.20796495862305164,0.20606869831681252,0.0,0.20796495862305164
encoder.layers.4.self_attn.q_proj,768,dtd,sun397,8,46,lora,49,0.7772876024246216,0.7876424789428711,0.010416666666666666,0.4922593869268894,0.49501275457441807,0.766870935757955,0.28502821549773216,0.292629724368453,0.0,0.28502821549773216
encoder.layers.4.self_attn.q_proj,768,dtd,svhn,8,46,lora,49,0.6698256731033325,0.670741856098175,0.010416666666666666,0.5109989922493696,0.5110250320285559,0.6594090064366659,0.1588266808539629,0.15971682406961918,0.0,0.1588266808539629
encoder.layers.4.self_attn.q_proj,768,eurosat,gtsrb,8,46,lora,49,0.7315793633460999,0.726889967918396,0.010416666666666666,0.5074296742677689,0.5087773017585278,0.7211626966794332,0.224149689078331,0.21811266615986824,0.0,0.224149689078331
encoder.layers.4.self_attn.q_proj,768,eurosat,mnist,8,46,lora,49,0.6812779903411865,0.691423773765564,0.010416666666666666,0.5215760990977287,0.5201406069099903,0.6708613236745199,0.1597018912434578,0.17128316685557365,0.0,0.1597018912434578
encoder.layers.4.self_attn.q_proj,768,eurosat,resisc45,8,46,lora,49,0.692318856716156,0.6969237923622131,0.010416666666666666,0.5022149123251438,0.5063301902264357,0.6819021900494894,0.1901039443910122,0.19059360213577747,0.0,0.1901039443910122
encoder.layers.4.self_attn.q_proj,768,eurosat,stanford-cars,8,46,lora,49,0.6223751306533813,0.6195237636566162,0.010416666666666666,0.5045780353248119,0.5081067122519016,0.6119584639867147,0.11779709532856941,0.11141705140471458,0.0,0.11779709532856941
encoder.layers.4.self_attn.q_proj,768,eurosat,sun397,8,46,lora,49,0.6984284520149231,0.6911771297454834,0.010416666666666666,0.5130073316395283,0.5163357052952051,0.6880117853482565,0.18542112037539482,0.17484142445027828,0.0,0.18542112037539482
encoder.layers.4.self_attn.q_proj,768,eurosat,svhn,8,46,lora,49,0.6663550138473511,0.6582867503166199,0.010416666666666666,0.505187276750803,0.5040572918951511,0.6559383471806844,0.16116773709654808,0.15422945842146873,0.0,0.16116773709654808
encoder.layers.4.self_attn.q_proj,768,gtsrb,mnist,8,46,lora,49,0.7629357576370239,0.7646598815917969,0.010416666666666666,0.4720170237123966,0.47201639227569103,0.7525190909703573,0.2909187339246273,0.29264348931610584,0.0,0.2909187339246273
encoder.layers.4.self_attn.q_proj,768,gtsrb,resisc45,8,46,lora,49,0.6389093399047852,0.6391681432723999,0.010416666666666666,0.4858184177428484,0.48807162046432495,0.6284926732381185,0.15309092216193676,0.15109652280807495,0.0,0.15309092216193676
encoder.layers.4.self_attn.q_proj,768,gtsrb,stanford-cars,8,46,lora,49,0.704296886920929,0.6976168155670166,0.010416666666666666,0.5112444888800383,0.5160102639347315,0.6938802202542623,0.1930523980408907,0.18160655163228512,0.0,0.1930523980408907
encoder.layers.4.self_attn.q_proj,768,gtsrb,sun397,8,46,lora,49,0.6555699110031128,0.6542875170707703,0.010416666666666666,0.5156161598861217,0.5176781620830297,0.6451532443364462,0.13995375111699104,0.13660935498774052,0.0,0.13995375111699104
encoder.layers.4.self_attn.q_proj,768,gtsrb,svhn,8,46,lora,49,0.7341363430023193,0.7317559123039246,0.010416666666666666,0.5122273229062557,0.5126375053077936,0.7237196763356527,0.22190902009606361,0.21911840699613094,0.0,0.22190902009606361
encoder.layers.4.self_attn.q_proj,768,mnist,resisc45,8,46,lora,49,0.6482872366905212,0.65659099817276,0.010416666666666666,0.5085874516516924,0.5089589692652225,0.6378705700238546,0.13969978503882885,0.14763202890753746,0.0,0.13969978503882885
encoder.layers.4.self_attn.q_proj,768,mnist,stanford-cars,8,46,lora,49,0.7013702988624573,0.700995683670044,0.010416666666666666,0.527156475931406,0.5304789133369923,0.6909536321957906,0.17421382293105125,0.17051677033305168,0.0,0.17421382293105125
encoder.layers.4.self_attn.q_proj,768,mnist,sun397,8,46,lora,49,0.6287704110145569,0.6321310997009277,0.010416666666666666,0.5000223647803068,0.5024930518120527,0.6183537443478903,0.12874804623425007,0.129638047888875,0.0,0.12874804623425007
encoder.layers.4.self_attn.q_proj,768,mnist,svhn,8,46,lora,49,0.7265777587890625,0.7301722764968872,0.010416666666666666,0.5053465031087399,0.5052517671138048,0.7161610921223959,0.22123125568032265,0.2249205093830824,0.0,0.22123125568032265
encoder.layers.4.self_attn.q_proj,768,resisc45,stanford-cars,8,46,lora,49,0.743827223777771,0.7469158172607422,0.010416666666666666,0.5038567632436752,0.5091707147657871,0.7334105571111044,0.23997046053409576,0.23774510249495506,0.0,0.23997046053409576
encoder.layers.4.self_attn.q_proj,768,resisc45,sun397,8,46,lora,49,0.7593557834625244,0.761696457862854,0.010416666666666666,0.5139017309993505,0.5173918344080448,0.7489391167958578,0.24545405246317387,0.2443046234548092,0.0,0.24545405246317387
encoder.layers.4.self_attn.q_proj,768,resisc45,svhn,8,46,lora,49,0.6502649188041687,0.6469697952270508,0.010416666666666666,0.5144359562546015,0.5170298479497433,0.6398482521375021,0.13582896254956722,0.1299399472773075,0.0,0.13582896254956722
encoder.layers.4.self_attn.q_proj,768,stanford-cars,sun397,8,46,lora,49,0.764138400554657,0.7610430717468262,0.010416666666666666,0.5146958045661449,0.5191459413617849,0.7537217338879904,0.24944259598851204,0.24189713038504124,0.0,0.24944259598851204
encoder.layers.4.self_attn.q_proj,768,stanford-cars,svhn,8,46,lora,49,0.634709358215332,0.6234084367752075,0.010416666666666666,0.4949067700654268,0.4957040175795555,0.6242926915486654,0.1398025881499052,0.127704419195652,0.0,0.1398025881499052
encoder.layers.4.self_attn.q_proj,768,sun397,svhn,8,46,lora,49,0.6231681108474731,0.6243174076080322,0.010416666666666666,0.509934701025486,0.511579591780901,0.6127514441808065,0.11323340982198715,0.11273781582713127,0.0,0.11323340982198715
encoder.layers.4.self_attn.v_proj,768,dtd,eurosat,8,46,lora,49,0.6442704200744629,0.6483660936355591,0.010416666666666666,0.49439793825149536,0.49509304016828537,0.6338537534077963,0.14987248182296753,0.1532730534672737,0.0,0.14987248182296753
encoder.layers.4.self_attn.v_proj,768,dtd,gtsrb,8,46,lora,49,0.6524026393890381,0.6506346464157104,0.010416666666666666,0.5135204326361418,0.5145197194069624,0.6419859727223715,0.1388822067528963,0.13611492700874805,0.0,0.1388822067528963
encoder.layers.4.self_attn.v_proj,768,dtd,mnist,8,46,lora,49,0.6225628852844238,0.6170675754547119,0.010416666666666666,0.5039996076375246,0.5058244410902262,0.6121462186177572,0.11856327764689922,0.11124313436448574,0.0,0.11856327764689922
encoder.layers.4.self_attn.v_proj,768,dtd,resisc45,8,46,lora,49,0.7297030091285706,0.724683403968811,0.010416666666666666,0.4858946446329355,0.4894010778516531,0.7192863424619039,0.24380836449563503,0.23528232611715794,0.0,0.24380836449563503
encoder.layers.4.self_attn.v_proj,768,dtd,stanford-cars,8,46,lora,49,0.6316702365875244,0.6252646446228027,0.010416666666666666,0.5127289704978466,0.52091408893466,0.6212535699208578,0.11894126608967781,0.10435055568814278,0.0,0.11894126608967781
encoder.layers.4.self_attn.v_proj,768,dtd,sun397,8,46,lora,49,0.7794619202613831,0.7837991714477539,0.010416666666666666,0.5143875442445278,0.5163219161331654,0.7690452535947164,0.26507437601685524,0.26747725531458855,0.0,0.26507437601685524
encoder.layers.4.self_attn.v_proj,768,dtd,svhn,8,46,lora,49,0.622010350227356,0.6230896711349487,0.010416666666666666,0.49546740762889385,0.49430170468986034,0.6115936835606893,0.1265429425984621,0.1287879664450884,0.0,0.1265429425984621
encoder.layers.4.self_attn.v_proj,768,eurosat,gtsrb,8,46,lora,49,0.649405837059021,0.6490987539291382,0.010416666666666666,0.5150010548532009,0.5147018060088158,0.6389891703923544,0.13440478220582008,0.13439694792032242,0.0,0.13440478220582008
encoder.layers.4.self_attn.v_proj,768,eurosat,mnist,8,46,lora,49,0.6188989281654358,0.6172058582305908,0.010416666666666666,0.4763226844370365,0.477765092626214,0.6084822614987692,0.14257624372839928,0.1394407656043768,0.0,0.14257624372839928
encoder.layers.4.self_attn.v_proj,768,eurosat,resisc45,8,46,lora,49,0.6606630682945251,0.659123957157135,0.010416666666666666,0.49952864460647106,0.4997697174549103,0.6502464016278585,0.16113442368805408,0.15935423970222473,0.0,0.16113442368805408
encoder.layers.4.self_attn.v_proj,768,eurosat,stanford-cars,8,46,lora,49,0.6123833656311035,0.6108132600784302,0.010416666666666666,0.5117208361625671,0.5153089687228203,0.6019666989644369,0.10066252946853638,0.0955042913556099,0.0,0.10066252946853638
encoder.layers.4.self_attn.v_proj,768,eurosat,sun397,8,46,lora,49,0.6596192717552185,0.6650095582008362,0.010416666666666666,0.5001294240355492,0.5009721741080284,0.6492026050885519,0.15948984771966934,0.16403738409280777,0.0,0.15948984771966934
encoder.layers.4.self_attn.v_proj,768,eurosat,svhn,8,46,lora,49,0.6877402067184448,0.6930536031723022,0.010416666666666666,0.500927023589611,0.5021826680749655,0.6773235400517782,0.18681318312883377,0.19087093509733677,0.0,0.18681318312883377
encoder.layers.4.self_attn.v_proj,768,gtsrb,mnist,8,46,lora,49,0.7304604053497314,0.7285732626914978,0.010416666666666666,0.5154903065413237,0.5152484755963087,0.7200437386830648,0.21497009880840778,0.2133247870951891,0.0,0.21497009880840778
encoder.layers.4.self_attn.v_proj,768,gtsrb,resisc45,8,46,lora,49,0.6700571775436401,0.6671371459960938,0.010416666666666666,0.5141168497502804,0.5147918034344912,0.6596405108769735,0.15594032779335976,0.1523453425616026,0.0,0.15594032779335976
encoder.layers.4.self_attn.v_proj,768,gtsrb,stanford-cars,8,46,lora,49,0.6330040693283081,0.6268395781517029,0.010416666666666666,0.4971081241965294,0.49827332235872746,0.6225874026616415,0.13589594513177872,0.12856625579297543,0.0,0.13589594513177872
encoder.layers.4.self_attn.v_proj,768,gtsrb,sun397,8,46,lora,49,0.6574727296829224,0.6582795977592468,0.010416666666666666,0.5108741130679846,0.5110978540033102,0.6470560630162557,0.14659861661493778,0.14718174375593662,0.0,0.14659861661493778
encoder.layers.4.self_attn.v_proj,768,gtsrb,svhn,8,46,lora,49,0.648155689239502,0.6407661437988281,0.010416666666666666,0.5221091844141483,0.5232181157916784,0.6377390225728353,0.12604650482535362,0.1175480280071497,0.0,0.12604650482535362
encoder.layers.4.self_attn.v_proj,768,mnist,resisc45,8,46,lora,49,0.6015695929527283,0.5970956683158875,0.010416666666666666,0.5137856099754572,0.5147066526114941,0.5911529262860616,0.08778398297727108,0.08238901570439339,0.0,0.08778398297727108
encoder.layers.4.self_attn.v_proj,768,mnist,stanford-cars,8,46,lora,49,0.6175541877746582,0.6097500324249268,0.010416666666666666,0.5073574148118496,0.5074659809470177,0.6071375211079916,0.11019677296280861,0.10228405147790909,0.0,0.11019677296280861
encoder.layers.4.self_attn.v_proj,768,mnist,sun397,8,46,lora,49,0.6007728576660156,0.5959715843200684,0.010416666666666666,0.53153096139431,0.5342719238251448,0.590356190999349,0.06924189627170563,0.06169966049492359,0.0,0.06924189627170563
encoder.layers.4.self_attn.v_proj,768,mnist,svhn,8,46,lora,49,0.6425657868385315,0.6365751624107361,0.010416666666666666,0.5171729829162359,0.5173133481293917,0.6321491201718649,0.12539280392229557,0.11926181428134441,0.0,0.12539280392229557
encoder.layers.4.self_attn.v_proj,768,resisc45,stanford-cars,8,46,lora,49,0.6637968420982361,0.666029691696167,0.010416666666666666,0.5095426999032497,0.5117668490856886,0.6533801754315695,0.15425414219498634,0.1542628426104784,0.0,0.15425414219498634
encoder.layers.4.self_attn.v_proj,768,resisc45,sun397,8,46,lora,49,0.6753494739532471,0.6763474345207214,0.010416666666666666,0.503013426437974,0.5048543028533459,0.6649328072865804,0.1723360475152731,0.17149313166737556,0.0,0.1723360475152731
encoder.layers.4.self_attn.v_proj,768,resisc45,svhn,8,46,lora,49,0.6329331994056702,0.6298378109931946,0.010416666666666666,0.5383007116615772,0.5394547991454601,0.6225165327390035,0.09463248774409294,0.09038301184773445,0.0,0.09463248774409294
encoder.layers.4.self_attn.v_proj,768,stanford-cars,sun397,8,46,lora,49,0.7897619009017944,0.7892694473266602,0.010416666666666666,0.5114321131259203,0.5147632341831923,0.7793452342351278,0.27832978777587414,0.2745062131434679,0.0,0.27832978777587414
encoder.layers.4.self_attn.v_proj,768,stanford-cars,svhn,8,46,lora,49,0.6153987050056458,0.6011440753936768,0.010416666666666666,0.5050990339368582,0.5068936981260777,0.6049820383389791,0.11029967106878757,0.0942503772675991,0.0,0.11029967106878757
encoder.layers.4.self_attn.v_proj,768,sun397,svhn,8,46,lora,49,0.6440390348434448,0.6421641111373901,0.010416666666666666,0.4965395051985979,0.49852276034653187,0.6336223681767782,0.14749952964484692,0.14364135079085827,0.0,0.14749952964484692
encoder.layers.5.self_attn.q_proj,768,dtd,eurosat,8,48,lora,50,0.6734713315963745,0.6422269940376282,0.010416666666666666,0.49598225578665733,0.49588463827967644,0.6630546649297079,0.17748907580971718,0.14634235575795174,0.0,0.17748907580971718
encoder.layers.5.self_attn.q_proj,768,dtd,gtsrb,8,48,lora,50,0.7023968696594238,0.7132038474082947,0.010416666666666666,0.5156071037054062,0.5142276436090469,0.6919802029927572,0.18678976595401764,0.19897620379924774,0.0,0.18678976595401764
encoder.layers.5.self_attn.q_proj,768,dtd,mnist,8,48,lora,50,0.6358023285865784,0.6296416521072388,0.010416666666666666,0.5143079850822687,0.5138098672032356,0.6253856619199117,0.12149434350430965,0.11583178490400314,0.0,0.12149434350430965
encoder.layers.5.self_attn.q_proj,768,dtd,resisc45,8,48,lora,50,0.7245019674301147,0.7353405356407166,0.010416666666666666,0.5219115167856216,0.5223432686179876,0.7140853007634481,0.2025904506444931,0.21299726702272892,0.0,0.2025904506444931
encoder.layers.5.self_attn.q_proj,768,dtd,stanford-cars,8,48,lora,50,0.6832979321479797,0.6775616407394409,0.010416666666666666,0.5049164667725563,0.503541698679328,0.6728812654813131,0.17838146537542343,0.17401994206011295,0.0,0.17838146537542343
encoder.layers.5.self_attn.q_proj,768,dtd,sun397,8,48,lora,50,0.6757920980453491,0.6929905414581299,0.010416666666666666,0.5329527910798788,0.5298050791025162,0.6653754313786825,0.14283930696547031,0.1631854623556137,0.0,0.14283930696547031
encoder.layers.5.self_attn.q_proj,768,dtd,svhn,8,48,lora,50,0.656381368637085,0.6730018854141235,0.010416666666666666,0.5155664216727018,0.5182004496455193,0.6459647019704183,0.14081494696438313,0.15480143576860428,0.0,0.14081494696438313
encoder.layers.5.self_attn.q_proj,768,eurosat,gtsrb,8,48,lora,50,0.5951846837997437,0.592759907245636,0.010416666666666666,0.5349887385964394,0.5357431098818779,0.584768017133077,0.06019594520330429,0.05701679736375809,0.0,0.06019594520330429
encoder.layers.5.self_attn.q_proj,768,eurosat,mnist,8,48,lora,50,0.5732452273368835,0.5807169675827026,0.010416666666666666,0.530186515301466,0.531814631074667,0.5628285606702169,0.04305871203541756,0.04890233650803566,0.0,0.04305871203541756
encoder.layers.5.self_attn.q_proj,768,eurosat,resisc45,8,48,lora,50,0.6909568309783936,0.6895327568054199,0.010416666666666666,0.510631337761879,0.5114637780934572,0.6805401643117269,0.1803254932165146,0.1780689787119627,0.0,0.1803254932165146
encoder.layers.5.self_attn.q_proj,768,eurosat,stanford-cars,8,48,lora,50,0.621670663356781,0.6169354319572449,0.010416666666666666,0.5386154912412167,0.5400087833404541,0.6112539966901144,0.08305517211556435,0.07692664861679077,0.0,0.08305517211556435
encoder.layers.5.self_attn.q_proj,768,eurosat,sun397,8,48,lora,50,0.6477612853050232,0.6637132167816162,0.010416666666666666,0.5162850599735975,0.5193131174892187,0.6373446186383566,0.13147622533142567,0.1444000992923975,0.0,0.13147622533142567
encoder.layers.5.self_attn.q_proj,768,eurosat,svhn,8,48,lora,50,0.5929824113845825,0.5994012355804443,0.010416666666666666,0.501386608928442,0.501944039016962,0.5825657447179159,0.09159580245614052,0.09745719656348228,0.0,0.09159580245614052
encoder.layers.5.self_attn.q_proj,768,gtsrb,mnist,8,48,lora,50,0.6877570748329163,0.692310094833374,0.010416666666666666,0.5090381484478712,0.5090215466916561,0.6773404081662496,0.17871892638504505,0.1832885481417179,0.0,0.17871892638504505
encoder.layers.5.self_attn.q_proj,768,gtsrb,resisc45,8,48,lora,50,0.6339086294174194,0.6351304054260254,0.010416666666666666,0.5322973374277353,0.5339579172432423,0.6234919627507528,0.1016112919896841,0.10117248818278313,0.0,0.1016112919896841
encoder.layers.5.self_attn.q_proj,768,gtsrb,stanford-cars,8,48,lora,50,0.6864547729492188,0.6887911558151245,0.010416666666666666,0.510276336222887,0.5119895674288273,0.6760381062825521,0.1761784367263317,0.17680158838629723,0.0,0.1761784367263317
encoder.layers.5.self_attn.q_proj,768,gtsrb,sun397,8,48,lora,50,0.6965892910957336,0.7057262659072876,0.010416666666666666,0.5003411397337914,0.500783272087574,0.686172624429067,0.1962481513619423,0.2049429938197136,0.0,0.1962481513619423
encoder.layers.5.self_attn.q_proj,768,gtsrb,svhn,8,48,lora,50,0.7084505558013916,0.7149661779403687,0.010416666666666666,0.5218498893082142,0.5234159156680107,0.698033889134725,0.18660066649317741,0.19155026227235794,0.0,0.18660066649317741
encoder.layers.5.self_attn.q_proj,768,mnist,resisc45,8,48,lora,50,0.5870689153671265,0.5929120182991028,0.010416666666666666,0.5082408525049686,0.5085017662495375,0.5766522487004598,0.07882806286215782,0.08441025204956532,0.0,0.07882806286215782
encoder.layers.5.self_attn.q_proj,768,mnist,stanford-cars,8,48,lora,50,0.6356543898582458,0.6398651003837585,0.010416666666666666,0.5059448201209307,0.5058397278189659,0.6252377231915792,0.12970956973731518,0.13402537256479263,0.0,0.12970956973731518
encoder.layers.5.self_attn.q_proj,768,mnist,sun397,8,48,lora,50,0.6271489262580872,0.631300151348114,0.010416666666666666,0.5394475739449263,0.5345946531742811,0.6167322595914205,0.0877013523131609,0.0967054981738329,0.0,0.0877013523131609
encoder.layers.5.self_attn.q_proj,768,mnist,svhn,8,48,lora,50,0.61903977394104,0.6200326681137085,0.010416666666666666,0.5011326465755701,0.5014520678669214,0.6086231072743734,0.11790712736546993,0.11858060024678707,0.0,0.11790712736546993
encoder.layers.5.self_attn.q_proj,768,resisc45,stanford-cars,8,48,lora,50,0.6101884245872498,0.6047701835632324,0.010416666666666666,0.507183788344264,0.5096859242767096,0.5997717579205831,0.10300463624298573,0.09508425928652287,0.0,0.10300463624298573
encoder.layers.5.self_attn.q_proj,768,resisc45,sun397,8,48,lora,50,0.6447072625160217,0.6676930785179138,0.010416666666666666,0.5088043007999659,0.5096223670989275,0.6342905958493551,0.13590296171605587,0.15807071141898632,0.0,0.13590296171605587
encoder.layers.5.self_attn.q_proj,768,resisc45,svhn,8,48,lora,50,0.6044605374336243,0.6103559732437134,0.010416666666666666,0.5202098563313484,0.520388375967741,0.5940438707669576,0.08425068110227585,0.08996759727597237,0.0,0.08425068110227585
encoder.layers.5.self_attn.q_proj,768,stanford-cars,sun397,8,48,lora,50,0.7563084363937378,0.7767497301101685,0.010416666666666666,0.522203816100955,0.5181989409029484,0.7458917697270712,0.23410462029278278,0.2585507892072201,0.0,0.23410462029278278
encoder.layers.5.self_attn.q_proj,768,stanford-cars,svhn,8,48,lora,50,0.6232689619064331,0.6309042572975159,0.010416666666666666,0.5039924159646034,0.5039337556809187,0.6128522952397665,0.11927654594182968,0.12697050161659718,0.0,0.11927654594182968
encoder.layers.5.self_attn.q_proj,768,sun397,svhn,8,48,lora,50,0.6587580442428589,0.6604310274124146,0.010416666666666666,0.5223771538585424,0.5237296596169472,0.6483413775761923,0.13638089038431644,0.13670136779546738,0.0,0.13638089038431644
encoder.layers.5.self_attn.v_proj,768,dtd,eurosat,8,48,lora,50,0.6886792182922363,0.6799730062484741,0.010416666666666666,0.49938749335706234,0.4999844338744879,0.6782625516255697,0.189291724935174,0.17998857237398624,0.0,0.189291724935174
encoder.layers.5.self_attn.v_proj,768,dtd,gtsrb,8,48,lora,50,0.6586626768112183,0.6460797786712646,0.010416666666666666,0.5006319805979729,0.501972109079361,0.6482460101445516,0.1580306962132454,0.1441076695919037,0.0,0.1580306962132454
encoder.layers.5.self_attn.v_proj,768,dtd,mnist,8,48,lora,50,0.5998789072036743,0.5868067741394043,0.010416666666666666,0.5158654376864433,0.5191065426915884,0.5894622405370077,0.08401346951723099,0.0677002314478159,0.0,0.08401346951723099
encoder.layers.5.self_attn.v_proj,768,dtd,resisc45,8,48,lora,50,0.7173742055892944,0.7258644104003906,0.010416666666666666,0.5110466033220291,0.5117202643305063,0.7069575389226278,0.20632760226726532,0.2141441460698843,0.0,0.20632760226726532
encoder.layers.5.self_attn.v_proj,768,dtd,stanford-cars,8,48,lora,50,0.6572925448417664,0.6520705819129944,0.010416666666666666,0.5068733505904675,0.5090591311454773,0.6468758781750997,0.1504191942512989,0.1430114507675171,0.0,0.1504191942512989
encoder.layers.5.self_attn.v_proj,768,dtd,sun397,8,48,lora,50,0.701440691947937,0.7067857980728149,0.010416666666666666,0.5172771438956261,0.5217260103672743,0.6910240252812704,0.18416354805231094,0.18505978770554066,0.0,0.18416354805231094
encoder.layers.5.self_attn.v_proj,768,dtd,svhn,8,48,lora,50,0.6202808022499084,0.6216118335723877,0.010416666666666666,0.5081020407378674,0.5063245873898268,0.6098641355832418,0.11217876151204109,0.11528724618256092,0.0,0.11217876151204109
encoder.layers.5.self_attn.v_proj,768,eurosat,gtsrb,8,48,lora,50,0.7037234902381897,0.6997655630111694,0.010416666666666666,0.5209669377654791,0.5206776894629002,0.6933068235715231,0.1827565524727106,0.17908787354826927,0.0,0.1827565524727106
encoder.layers.5.self_attn.v_proj,768,eurosat,mnist,8,48,lora,50,0.6150016188621521,0.6159206628799438,0.010416666666666666,0.47187892720103264,0.4724404253065586,0.6045849521954855,0.14312269166111946,0.14348023757338524,0.0,0.14312269166111946
encoder.layers.5.self_attn.v_proj,768,eurosat,resisc45,8,48,lora,50,0.6359580755233765,0.6384434103965759,0.010416666666666666,0.47420343570411205,0.4747713003307581,0.6255414088567098,0.1617546398192644,0.16367211006581783,0.0,0.1617546398192644
encoder.layers.5.self_attn.v_proj,768,eurosat,stanford-cars,8,48,lora,50,0.6403265595436096,0.6400742530822754,0.010416666666666666,0.5134927835315466,0.5122308488935232,0.629909892876943,0.12683377601206303,0.12784340418875217,0.0,0.12683377601206303
encoder.layers.5.self_attn.v_proj,768,eurosat,sun397,8,48,lora,50,0.7080485224723816,0.7052426338195801,0.010416666666666666,0.5049619879573584,0.5065009277313948,0.697631855805715,0.20308653451502323,0.1987417060881853,0.0,0.20308653451502323
encoder.layers.5.self_attn.v_proj,768,eurosat,svhn,8,48,lora,50,0.6112101674079895,0.6058523058891296,0.010416666666666666,0.49382983706891537,0.4928252808749676,0.6007935007413229,0.11738033033907413,0.11302702501416206,0.0,0.11738033033907413
encoder.layers.5.self_attn.v_proj,768,gtsrb,mnist,8,48,lora,50,0.7273563146591187,0.7208312749862671,0.010416666666666666,0.49610933288931847,0.496941938996315,0.716939647992452,0.2312469817698002,0.2238893359899521,0.0,0.2312469817698002
encoder.layers.5.self_attn.v_proj,768,gtsrb,resisc45,8,48,lora,50,0.7181161642074585,0.7179762125015259,0.010416666666666666,0.5233507920056581,0.5225991196930408,0.7076994975407919,0.19476537220180035,0.19537709280848503,0.0,0.19476537220180035
encoder.layers.5.self_attn.v_proj,768,gtsrb,stanford-cars,8,48,lora,50,0.685957133769989,0.6881352663040161,0.010416666666666666,0.51196832023561,0.5082633942365646,0.6755404671033224,0.173988813534379,0.17987187206745148,0.0,0.173988813534379
encoder.layers.5.self_attn.v_proj,768,gtsrb,sun397,8,48,lora,50,0.6465604901313782,0.639700174331665,0.010416666666666666,0.4967723973095417,0.49641432613134384,0.6361438234647115,0.14978809282183647,0.1432858482003212,0.0,0.14978809282183647
encoder.layers.5.self_attn.v_proj,768,gtsrb,svhn,8,48,lora,50,0.6814086437225342,0.6772749423980713,0.010416666666666666,0.5023263208568096,0.5017830636352301,0.6709919770558676,0.17908232286572456,0.17549187876284122,0.0,0.17908232286572456
encoder.layers.5.self_attn.v_proj,768,mnist,resisc45,8,48,lora,50,0.6613025665283203,0.6493457555770874,0.010416666666666666,0.49874381721019745,0.49894807301461697,0.6508858998616537,0.16255874931812286,0.15039768256247044,0.0,0.16255874931812286
encoder.layers.5.self_attn.v_proj,768,mnist,stanford-cars,8,48,lora,50,0.6653449535369873,0.6607936024665833,0.010416666666666666,0.5009797662496567,0.501142468303442,0.6549282868703207,0.16436518728733063,0.15965113416314125,0.0,0.16436518728733063
encoder.layers.5.self_attn.v_proj,768,mnist,sun397,8,48,lora,50,0.5752202868461609,0.5646525621414185,0.010416666666666666,0.5116065684705973,0.5128528736531734,0.5648036201794943,0.06361371837556362,0.05179968848824501,0.0,0.06361371837556362
encoder.layers.5.self_attn.v_proj,768,mnist,svhn,8,48,lora,50,0.627345085144043,0.623185396194458,0.010416666666666666,0.49229501001536846,0.49399570748209953,0.6169284184773763,0.1350500751286745,0.12918968871235847,0.0,0.1350500751286745
encoder.layers.5.self_attn.v_proj,768,resisc45,stanford-cars,8,48,lora,50,0.6724610924720764,0.6702798008918762,0.010416666666666666,0.5157216750085354,0.5142778251320124,0.6620444258054098,0.15673941746354103,0.15600197575986385,0.0,0.15673941746354103
encoder.layers.5.self_attn.v_proj,768,resisc45,sun397,8,48,lora,50,0.7040143013000488,0.7117133140563965,0.010416666666666666,0.5022446550428867,0.5039759129285812,0.6935976346333822,0.2017696462571621,0.20773740112781525,0.0,0.2017696462571621
encoder.layers.5.self_attn.v_proj,768,resisc45,svhn,8,48,lora,50,0.611968457698822,0.6159461736679077,0.010416666666666666,0.5016860142350197,0.5000918321311474,0.6015517910321554,0.11028244346380234,0.11585434153676033,0.0,0.11028244346380234
encoder.layers.5.self_attn.v_proj,768,stanford-cars,sun397,8,48,lora,50,0.7256624102592468,0.7277045249938965,0.010416666666666666,0.5171670243144035,0.5180061757564545,0.7152457435925802,0.2084953859448433,0.20969834923744202,0.0,0.2084953859448433
encoder.layers.5.self_attn.v_proj,768,stanford-cars,svhn,8,48,lora,50,0.6577353477478027,0.6603050231933594,0.010416666666666666,0.5047835446894169,0.5050244927406311,0.6473186810811361,0.15295180305838585,0.15528053045272827,0.0,0.15295180305838585
encoder.layers.5.self_attn.v_proj,768,sun397,svhn,8,48,lora,50,0.6148417592048645,0.6171841025352478,0.010416666666666666,0.4986365307122469,0.4991576783359051,0.6044250925381979,0.11620522849261761,0.11802642419934273,0.0,0.11620522849261761
encoder.layers.6.self_attn.q_proj,768,dtd,eurosat,8,64,lora,44,0.6356934309005737,0.6292716264724731,0.010416666666666666,0.49748157523572445,0.4996074549853802,0.6252767642339071,0.13821185566484928,0.12966417148709297,0.0,0.13821185566484928
encoder.layers.6.self_attn.q_proj,768,dtd,gtsrb,8,64,lora,44,0.6545736789703369,0.6537868976593018,0.010416666666666666,0.5119638927280903,0.5115150772035122,0.6441570123036703,0.14260978624224663,0.14227182045578957,0.0,0.14260978624224663
encoder.layers.6.self_attn.q_proj,768,dtd,mnist,8,64,lora,44,0.5885170698165894,0.591198205947876,0.010416666666666666,0.5277257449924946,0.5281604863703251,0.5781004031499227,0.06079132482409477,0.06303771957755089,0.0,0.06079132482409477
encoder.layers.6.self_attn.q_proj,768,dtd,resisc45,8,64,lora,44,0.6919088363647461,0.7005577683448792,0.010416666666666666,0.5158732775598764,0.5144695043563843,0.6814921696980795,0.17603555880486965,0.18608826398849487,0.0,0.17603555880486965
encoder.layers.6.self_attn.q_proj,768,dtd,stanford-cars,8,64,lora,44,0.6116547584533691,0.6127828359603882,0.010416666666666666,0.5358296446502209,0.5398608520627022,0.6012380917867025,0.07582511380314827,0.072921983897686,0.0,0.07582511380314827
encoder.layers.6.self_attn.q_proj,768,dtd,sun397,8,64,lora,44,0.6986072659492493,0.6972404718399048,0.010416666666666666,0.5217050053179264,0.5242728181183338,0.6881905992825826,0.17690226063132286,0.17296765372157097,0.0,0.17690226063132286
encoder.layers.6.self_attn.q_proj,768,dtd,svhn,8,64,lora,44,0.6553812623023987,0.6499247550964355,0.010416666666666666,0.5089911557734013,0.512679859995842,0.644964595635732,0.14639010652899742,0.13724489510059357,0.0,0.14639010652899742
encoder.layers.6.self_attn.q_proj,768,eurosat,gtsrb,8,64,lora,44,0.6604567766189575,0.6651839017868042,0.010416666666666666,0.5049818567931652,0.505906343460083,0.6500401099522909,0.1554749198257923,0.1592775583267212,0.0,0.1554749198257923
encoder.layers.6.self_attn.q_proj,768,eurosat,mnist,8,64,lora,44,0.5371690988540649,0.5411392450332642,0.010416666666666666,0.5209334492683411,0.5200589746236801,0.5267524321873983,0.016235649585723877,0.021080270409584045,0.0,0.016235649585723877
encoder.layers.6.self_attn.q_proj,768,eurosat,resisc45,8,64,lora,44,0.6232728362083435,0.6296595335006714,0.010416666666666666,0.509448466822505,0.5097465831786394,0.6128561695416769,0.11382436938583851,0.11991295032203197,0.0,0.11382436938583851
encoder.layers.6.self_attn.q_proj,768,eurosat,stanford-cars,8,64,lora,44,0.5728946328163147,0.571273148059845,0.010416666666666666,0.5021902620792389,0.500062869861722,0.5624779661496481,0.0707043707370758,0.07121027819812298,0.0,0.0707043707370758
encoder.layers.6.self_attn.q_proj,768,eurosat,sun397,8,64,lora,44,0.6290180087089539,0.6265124082565308,0.010416666666666666,0.5159897543489933,0.5139009654521942,0.6186013420422872,0.11302825435996056,0.11261144280433655,0.0,0.11302825435996056
encoder.layers.6.self_attn.q_proj,768,eurosat,svhn,8,64,lora,44,0.6228662729263306,0.6241832971572876,0.010416666666666666,0.5007054712623358,0.49977595917880535,0.6124496062596639,0.12216080166399479,0.12440733797848225,0.0,0.12216080166399479
encoder.layers.6.self_attn.q_proj,768,gtsrb,mnist,8,64,lora,44,0.6156211495399475,0.6211673021316528,0.010416666666666666,0.5155619028955698,0.5173785630613565,0.6052044828732809,0.10005924664437771,0.10378873907029629,0.0,0.10005924664437771
encoder.layers.6.self_attn.q_proj,768,gtsrb,resisc45,8,64,lora,44,0.7281426787376404,0.7328494191169739,0.010416666666666666,0.5077134072780609,0.508309580385685,0.7177260120709738,0.22042927145957947,0.2245398387312889,0.0,0.22042927145957947
encoder.layers.6.self_attn.q_proj,768,gtsrb,stanford-cars,8,64,lora,44,0.6586107611656189,0.6612295508384705,0.010416666666666666,0.5202850084751844,0.5214034058153629,0.6481940944989523,0.13832575269043446,0.13982614502310753,0.0,0.13832575269043446
encoder.layers.6.self_attn.q_proj,768,gtsrb,sun397,8,64,lora,44,0.6127650141716003,0.6108216643333435,0.010416666666666666,0.5190376825630665,0.521701967343688,0.6023483475049337,0.09372733160853386,0.0891196969896555,0.0,0.09372733160853386
encoder.layers.6.self_attn.q_proj,768,gtsrb,svhn,8,64,lora,44,0.6909656524658203,0.6904986500740051,0.010416666666666666,0.504741819575429,0.5057110264897346,0.6805489857991537,0.18622383289039135,0.18478762358427048,0.0,0.18622383289039135
encoder.layers.6.self_attn.q_proj,768,mnist,resisc45,8,64,lora,44,0.5721434354782104,0.5738212466239929,0.010416666666666666,0.5072526335716248,0.5085100401192904,0.5617267688115438,0.0648908019065857,0.06531120650470257,0.0,0.0648908019065857
encoder.layers.6.self_attn.q_proj,768,mnist,stanford-cars,8,64,lora,44,0.5999586582183838,0.594673216342926,0.010416666666666666,0.5478249341249466,0.5483981482684612,0.5895419915517172,0.052133724093437195,0.0462750680744648,0.0,0.052133724093437195
encoder.layers.6.self_attn.q_proj,768,mnist,sun397,8,64,lora,44,0.5615580677986145,0.5624752044677734,0.010416666666666666,0.5096839442849159,0.5095971971750259,0.5511414011319479,0.05187412351369858,0.0528780072927475,0.0,0.05187412351369858
encoder.layers.6.self_attn.q_proj,768,mnist,svhn,8,64,lora,44,0.6857103109359741,0.6885651350021362,0.010416666666666666,0.5182500202208757,0.521554185077548,0.6752936442693075,0.16746029071509838,0.1670109499245882,0.0,0.16746029071509838
encoder.layers.6.self_attn.q_proj,768,resisc45,stanford-cars,8,64,lora,44,0.7384994029998779,0.7446882128715515,0.010416666666666666,0.508708942681551,0.5080421697348356,0.7280827363332113,0.22979046031832695,0.2366460431367159,0.0,0.22979046031832695
encoder.layers.6.self_attn.q_proj,768,resisc45,sun397,8,64,lora,44,0.7105266451835632,0.7114365696907043,0.010416666666666666,0.5065965112298727,0.5069454181939363,0.7001099785168966,0.20393013395369053,0.204491151496768,0.0,0.20393013395369053
encoder.layers.6.self_attn.q_proj,768,resisc45,svhn,8,64,lora,44,0.5871788263320923,0.5885883569717407,0.010416666666666666,0.4971858710050583,0.4986533336341381,0.5767621596654257,0.089992955327034,0.08993502333760262,0.0,0.089992955327034
encoder.layers.6.self_attn.q_proj,768,stanford-cars,sun397,8,64,lora,44,0.6981671452522278,0.6925479173660278,0.010416666666666666,0.5091757643967867,0.5119251068681479,0.6877504785855612,0.1889913808554411,0.18062281049787998,0.0,0.1889913808554411
encoder.layers.6.self_attn.q_proj,768,stanford-cars,svhn,8,64,lora,44,0.6181447505950928,0.6174353957176208,0.010416666666666666,0.5091866217553616,0.5102634876966476,0.6077280839284261,0.10895812883973122,0.1071719080209732,0.0,0.10895812883973122
encoder.layers.6.self_attn.q_proj,768,sun397,svhn,8,64,lora,44,0.607518196105957,0.6038421392440796,0.010416666666666666,0.5091327745467424,0.5090960916131735,0.5971015294392904,0.09838542155921459,0.0947460476309061,0.0,0.09838542155921459
encoder.layers.6.self_attn.v_proj,768,dtd,eurosat,8,64,lora,44,0.6525683403015137,0.6510601043701172,0.010416666666666666,0.48863217793405056,0.4882521331310272,0.642151673634847,0.1639361623674631,0.16280797123908997,0.0,0.1639361623674631
encoder.layers.6.self_attn.v_proj,768,dtd,gtsrb,8,64,lora,44,0.6278007626533508,0.6226851940155029,0.010416666666666666,0.503630043938756,0.5047903954982758,0.6173840959866842,0.12417071871459484,0.11789479851722717,0.0,0.12417071871459484
encoder.layers.6.self_attn.v_proj,768,dtd,mnist,8,64,lora,44,0.6324062943458557,0.6297296285629272,0.010416666666666666,0.5057630427181721,0.5046337824314833,0.6219896276791891,0.12664325162768364,0.12509584613144398,0.0,0.12664325162768364
encoder.layers.6.self_attn.v_proj,768,dtd,resisc45,8,64,lora,44,0.6973339915275574,0.685921311378479,0.010416666666666666,0.5012239627540112,0.5061309561133385,0.6869173248608907,0.19611002877354622,0.17979035526514053,0.0,0.19611002877354622
encoder.layers.6.self_attn.v_proj,768,dtd,stanford-cars,8,64,lora,44,0.6647384166717529,0.6625990271568298,0.010416666666666666,0.5155152417719364,0.5184230990707874,0.6543217500050863,0.1492231748998165,0.1441759280860424,0.0,0.1492231748998165
encoder.layers.6.self_attn.v_proj,768,dtd,sun397,8,64,lora,44,0.6602288484573364,0.6593096256256104,0.010416666666666666,0.5318167507648468,0.533122681081295,0.6498121817906698,0.12841209769248962,0.12618694454431534,0.0,0.12841209769248962
encoder.layers.6.self_attn.v_proj,768,dtd,svhn,8,64,lora,44,0.5881080031394958,0.5902305841445923,0.010416666666666666,0.5187975373119116,0.5202502887696028,0.5776913364728292,0.06931046582758427,0.06998029537498951,0.0,0.06931046582758427
encoder.layers.6.self_attn.v_proj,768,eurosat,gtsrb,8,64,lora,44,0.6925381422042847,0.697068452835083,0.010416666666666666,0.49214284121990204,0.49354097433388233,0.682121475537618,0.20039530098438263,0.20352747850120068,0.0,0.20039530098438263
encoder.layers.6.self_attn.v_proj,768,eurosat,mnist,8,64,lora,44,0.6509790420532227,0.6537154316902161,0.010416666666666666,0.5270508639514446,0.5266357678920031,0.640562375386556,0.12392817810177803,0.127079663798213,0.0,0.12392817810177803
encoder.layers.6.self_attn.v_proj,768,eurosat,resisc45,8,64,lora,44,0.6974246501922607,0.7021596431732178,0.010416666666666666,0.5020905621349812,0.504747424274683,0.6870079835255941,0.1953340880572796,0.19741221889853477,0.0,0.1953340880572796
encoder.layers.6.self_attn.v_proj,768,eurosat,stanford-cars,8,64,lora,44,0.6489318013191223,0.6528288722038269,0.010416666666666666,0.5039106365293264,0.5050025172531605,0.6385151346524557,0.14502116478979588,0.14782635495066643,0.0,0.14502116478979588
encoder.layers.6.self_attn.v_proj,768,eurosat,sun397,8,64,lora,44,0.5881881713867188,0.5908852815628052,0.010416666666666666,0.5203957632184029,0.5232958439737558,0.5777715047200521,0.06779240816831589,0.06758943758904934,0.0,0.06779240816831589
encoder.layers.6.self_attn.v_proj,768,eurosat,svhn,8,64,lora,44,0.6630023717880249,0.6709723472595215,0.010416666666666666,0.5099297147244215,0.5110392477363348,0.6525857051213583,0.1530726570636034,0.15993309952318668,0.0,0.1530726570636034
encoder.layers.6.self_attn.v_proj,768,gtsrb,mnist,8,64,lora,44,0.6833160519599915,0.6845117807388306,0.010416666666666666,0.5207572616636753,0.5239205826073885,0.6728993852933248,0.16255879029631615,0.16059119813144207,0.0,0.16255879029631615
encoder.layers.6.self_attn.v_proj,768,gtsrb,resisc45,8,64,lora,44,0.6648699045181274,0.6717270612716675,0.010416666666666666,0.5041116662323475,0.5019805319607258,0.6544532378514608,0.16075823828577995,0.1697465293109417,0.0,0.16075823828577995
encoder.layers.6.self_attn.v_proj,768,gtsrb,stanford-cars,8,64,lora,44,0.6430066227912903,0.6401265263557434,0.010416666666666666,0.5309212934225798,0.5301700457930565,0.6325899561246237,0.11208532936871052,0.10995648056268692,0.0,0.11208532936871052
encoder.layers.6.self_attn.v_proj,768,gtsrb,sun397,8,64,lora,44,0.6566581726074219,0.6578335165977478,0.010416666666666666,0.5151948817074299,0.5154443196952343,0.6462415059407552,0.141463290899992,0.1423891969025135,0.0,0.141463290899992
encoder.layers.6.self_attn.v_proj,768,gtsrb,svhn,8,64,lora,44,0.6693349480628967,0.6735547780990601,0.010416666666666666,0.4976837672293186,0.49933453276753426,0.6589182813962301,0.1716511808335781,0.1742202453315258,0.0,0.1716511808335781
encoder.layers.6.self_attn.v_proj,768,mnist,resisc45,8,64,lora,44,0.5719326734542847,0.5651659965515137,0.010416666666666666,0.5164655204862356,0.5177566353231668,0.561516006787618,0.05546715296804905,0.047409361228346825,0.0,0.05546715296804905
encoder.layers.6.self_attn.v_proj,768,mnist,stanford-cars,8,64,lora,44,0.5832570791244507,0.5798554420471191,0.010416666666666666,0.507021950557828,0.5102161206305027,0.572840412457784,0.07623512856662273,0.06963932141661644,0.0,0.07623512856662273
encoder.layers.6.self_attn.v_proj,768,mnist,sun397,8,64,lora,44,0.527604341506958,0.5292012691497803,0.010416666666666666,0.5285626016557217,0.5289317592978477,0.5171876748402914,-0.0009582601487636566,0.00026950985193252563,0.0,-0.0009582601487636566
encoder.layers.6.self_attn.v_proj,768,mnist,svhn,8,64,lora,44,0.5872260928153992,0.5938679575920105,0.010416666666666666,0.5197798945009708,0.5196751412004232,0.5768094261487325,0.06744619831442833,0.07419281639158726,0.0,0.06744619831442833
encoder.layers.6.self_attn.v_proj,768,resisc45,stanford-cars,8,64,lora,44,0.6869925260543823,0.6888670325279236,0.010416666666666666,0.4965440519154072,0.4997519701719284,0.6765758593877157,0.19044847413897514,0.18911506235599518,0.0,0.19044847413897514
encoder.layers.6.self_attn.v_proj,768,resisc45,sun397,8,64,lora,44,0.6858360171318054,0.6876999139785767,0.010416666666666666,0.530042290687561,0.5288921855390072,0.6754193504651388,0.15579372644424438,0.15880772843956947,0.0,0.15579372644424438
encoder.layers.6.self_attn.v_proj,768,resisc45,svhn,8,64,lora,44,0.5613214373588562,0.5689065456390381,0.010416666666666666,0.5016359146684408,0.5039097368717194,0.5509047706921896,0.05968552269041538,0.06499680876731873,0.0,0.05968552269041538
encoder.layers.6.self_attn.v_proj,768,stanford-cars,sun397,8,64,lora,44,0.6983784437179565,0.697539210319519,0.010416666666666666,0.5310713816434145,0.5324595719575882,0.6879617770512899,0.16730706207454205,0.16507963836193085,0.0,0.16730706207454205
encoder.layers.6.self_attn.v_proj,768,stanford-cars,svhn,8,64,lora,44,0.6000182628631592,0.5991024971008301,0.010416666666666666,0.49718606658279896,0.4966393783688545,0.5896015961964926,0.10283219628036022,0.10246311873197556,0.0,0.10283219628036022
encoder.layers.6.self_attn.v_proj,768,sun397,svhn,8,64,lora,44,0.5423308610916138,0.5399396419525146,0.010416666666666666,0.4966282993555069,0.497957568615675,0.5319141944249471,0.04570256173610687,0.041982073336839676,0.0,0.04570256173610687
encoder.layers.7.self_attn.q_proj,768,dtd,eurosat,8,53,lora,38,0.6142078638076782,0.6129019856452942,0.010416666666666666,0.49173419922590256,0.49334220215678215,0.6037911971410116,0.12247366458177567,0.11955978348851204,0.0,0.12247366458177567
encoder.layers.7.self_attn.q_proj,768,dtd,gtsrb,8,53,lora,38,0.5985127687454224,0.5969340801239014,0.010416666666666666,0.49519812129437923,0.4989785198122263,0.5880961020787557,0.10331464745104313,0.09795556031167507,0.0,0.10331464745104313
encoder.layers.7.self_attn.q_proj,768,dtd,mnist,8,53,lora,38,0.5843325257301331,0.5889701843261719,0.010416666666666666,0.494710311293602,0.49888363666832447,0.5739158590634664,0.08962221443653107,0.0900865476578474,0.0,0.08962221443653107
encoder.layers.7.self_attn.q_proj,768,dtd,resisc45,8,53,lora,38,0.6306859850883484,0.626365065574646,0.010416666666666666,0.5093267243355513,0.5107454750686884,0.6202693184216818,0.12135926075279713,0.1156195905059576,0.0,0.12135926075279713
encoder.layers.7.self_attn.q_proj,768,dtd,stanford-cars,8,53,lora,38,0.5288390517234802,0.5209940075874329,0.010416666666666666,0.5043959096074104,0.5038197450339794,0.5184223850568136,0.024443142116069794,0.017174262553453445,0.0,0.024443142116069794
encoder.layers.7.self_attn.q_proj,768,dtd,sun397,8,53,lora,38,0.5625640749931335,0.55731600522995,0.010416666666666666,0.5166050475090742,0.523072836920619,0.5521474083264669,0.045959027484059334,0.03424316830933094,0.0,0.045959027484059334
encoder.layers.7.self_attn.q_proj,768,dtd,svhn,8,53,lora,38,0.6001565456390381,0.6003527045249939,0.010416666666666666,0.4950898513197899,0.49495669081807137,0.5897398789723715,0.1050666943192482,0.10539601370692253,0.0,0.1050666943192482
encoder.layers.7.self_attn.q_proj,768,eurosat,gtsrb,8,53,lora,38,0.647175669670105,0.6419768333435059,0.010416666666666666,0.4902665987610817,0.4922486115247011,0.6367590030034384,0.15690907090902328,0.14972822181880474,0.0,0.15690907090902328
encoder.layers.7.self_attn.q_proj,768,eurosat,mnist,8,53,lora,38,0.4585034251213074,0.4616604149341583,0.010416666666666666,0.49073444679379463,0.4943644478917122,0.4480867584546407,-0.03223102167248726,-0.032704032957553864,0.0,-0.03223102167248726
encoder.layers.7.self_attn.q_proj,768,eurosat,resisc45,8,53,lora,38,0.6781625151634216,0.6781776547431946,0.010416666666666666,0.5287862867116928,0.5282965246587992,0.667745848496755,0.14937622845172882,0.1498811300843954,0.0,0.14937622845172882
encoder.layers.7.self_attn.q_proj,768,eurosat,stanford-cars,8,53,lora,38,0.5944243669509888,0.5929354429244995,0.010416666666666666,0.49371220730245113,0.4972525127232075,0.5840077002843221,0.10071215964853764,0.09568293020129204,0.0,0.10071215964853764
encoder.layers.7.self_attn.q_proj,768,eurosat,sun397,8,53,lora,38,0.6065995097160339,0.6072830557823181,0.010416666666666666,0.5112487860023975,0.5187888480722904,0.5961828430493673,0.0953507237136364,0.0884942077100277,0.0,0.0953507237136364
encoder.layers.7.self_attn.q_proj,768,eurosat,svhn,8,53,lora,38,0.6152001023292542,0.6188582181930542,0.010416666666666666,0.5067701023072004,0.5076833423227072,0.6047834356625875,0.10843000002205372,0.11117487587034702,0.0,0.10843000002205372
encoder.layers.7.self_attn.q_proj,768,gtsrb,mnist,8,53,lora,38,0.5162994861602783,0.5477546453475952,0.010416666666666666,0.5185737106949091,0.5215026289224625,0.5058828194936117,-0.0022742245346307755,0.02625201642513275,0.0,-0.0022742245346307755
encoder.layers.7.self_attn.q_proj,768,gtsrb,resisc45,8,53,lora,38,0.6675321459770203,0.6614687442779541,0.010416666666666666,0.5081849880516529,0.5103077962994576,0.6571154793103536,0.15934715792536736,0.15116094797849655,0.0,0.15934715792536736
encoder.layers.7.self_attn.q_proj,768,gtsrb,stanford-cars,8,53,lora,38,0.5645089149475098,0.5609323978424072,0.010416666666666666,0.5129073206335306,0.5154138319194317,0.5540922482808431,0.05160159431397915,0.04551856592297554,0.0,0.05160159431397915
encoder.layers.7.self_attn.q_proj,768,gtsrb,sun397,8,53,lora,38,0.5874492526054382,0.5815969705581665,0.010416666666666666,0.5244493633508682,0.5275025013834238,0.5770325859387716,0.06299988925457001,0.0540944691747427,0.0,0.06299988925457001
encoder.layers.7.self_attn.q_proj,768,gtsrb,svhn,8,53,lora,38,0.6640840172767639,0.6655300259590149,0.010416666666666666,0.49595576524734497,0.4985249228775501,0.6536673506100973,0.16812825202941895,0.16700510308146477,0.0,0.16812825202941895
encoder.layers.7.self_attn.q_proj,768,mnist,resisc45,8,53,lora,38,0.5150380730628967,0.49735337495803833,0.010416666666666666,0.4991123117506504,0.5022373851388693,0.5046214063962301,0.015925761312246323,-0.0048840101808309555,0.0,0.015925761312246323
encoder.layers.7.self_attn.q_proj,768,mnist,stanford-cars,8,53,lora,38,0.5612201690673828,0.5648201704025269,0.010416666666666666,0.5124459322541952,0.5181201510131359,0.5508035024007162,0.0487742368131876,0.046700019389390945,0.0,0.0487742368131876
encoder.layers.7.self_attn.q_proj,768,mnist,sun397,8,53,lora,38,0.5767688155174255,0.5559580326080322,0.010416666666666666,0.5250792689621449,0.5246909558773041,0.5663521488507589,0.051689546555280685,0.03126707673072815,0.0,0.051689546555280685
encoder.layers.7.self_attn.q_proj,768,mnist,svhn,8,53,lora,38,0.6184043884277344,0.6214421391487122,0.010416666666666666,0.5040867105126381,0.5071268882602453,0.6079877217610677,0.11431767791509628,0.11431525088846684,0.0,0.11431767791509628
encoder.layers.7.self_attn.q_proj,768,resisc45,stanford-cars,8,53,lora,38,0.5657122731208801,0.5518277883529663,0.010416666666666666,0.5074607841670513,0.5099068656563759,0.5552956064542135,0.05825148895382881,0.041920922696590424,0.0,0.05825148895382881
encoder.layers.7.self_attn.q_proj,768,resisc45,sun397,8,53,lora,38,0.6373580694198608,0.6282240152359009,0.010416666666666666,0.5086751338094473,0.514760110527277,0.6269414027531942,0.12868293561041355,0.11346390470862389,0.0,0.12868293561041355
encoder.layers.7.self_attn.q_proj,768,resisc45,svhn,8,53,lora,38,0.6414250135421753,0.648962140083313,0.010416666666666666,0.5059046782553196,0.508799446746707,0.6310083468755087,0.1355203352868557,0.14016269333660603,0.0,0.1355203352868557
encoder.layers.7.self_attn.q_proj,768,stanford-cars,sun397,8,53,lora,38,0.6886045336723328,0.6877292990684509,0.010416666666666666,0.5158851761370897,0.5184742398560047,0.6781878670056661,0.17271935753524303,0.1692550592124462,0.0,0.17271935753524303
encoder.layers.7.self_attn.q_proj,768,stanford-cars,svhn,8,53,lora,38,0.5491098761558533,0.5487696528434753,0.010416666666666666,0.500107865780592,0.5023675058037043,0.5386932094891866,0.04900201037526131,0.04640214703977108,0.0,0.04900201037526131
encoder.layers.7.self_attn.q_proj,768,sun397,svhn,8,53,lora,38,0.5636957287788391,0.5638625025749207,0.010416666666666666,0.5041809380054474,0.5089974775910378,0.5532790621121725,0.059514790773391724,0.054865024983882904,0.0,0.059514790773391724
encoder.layers.7.self_attn.v_proj,768,dtd,eurosat,8,53,lora,38,0.6640004515647888,0.6710278987884521,0.010416666666666666,0.5114937648177147,0.5177059788256884,0.6535837848981222,0.15250668674707413,0.1533219199627638,0.0,0.15250668674707413
encoder.layers.7.self_attn.v_proj,768,dtd,gtsrb,8,53,lora,38,0.60205078125,0.6069762706756592,0.010416666666666666,0.512316795065999,0.5099272821098566,0.5916341145833334,0.08973398618400097,0.09704898856580257,0.0,0.08973398618400097
encoder.layers.7.self_attn.v_proj,768,dtd,mnist,8,53,lora,38,0.6120556592941284,0.6107426881790161,0.010416666666666666,0.5007609333842993,0.5027508866041899,0.6016389926274618,0.11129472590982914,0.10799180157482624,0.0,0.11129472590982914
encoder.layers.7.self_attn.v_proj,768,dtd,resisc45,8,53,lora,38,0.7150071859359741,0.7150271534919739,0.010416666666666666,0.5085253845900297,0.5078945681452751,0.7045905192693075,0.2064818013459444,0.20713258534669876,0.0,0.2064818013459444
encoder.layers.7.self_attn.v_proj,768,dtd,stanford-cars,8,53,lora,38,0.6027676463127136,0.6104682087898254,0.010416666666666666,0.49777571484446526,0.4972826223820448,0.592350979646047,0.10499193146824837,0.11318558640778065,0.0,0.10499193146824837
encoder.layers.7.self_attn.v_proj,768,dtd,sun397,8,53,lora,38,0.6451827883720398,0.6478536128997803,0.010416666666666666,0.497456694021821,0.4955415017902851,0.6347661217053732,0.14772609435021877,0.15231211110949516,0.0,0.14772609435021877
encoder.layers.7.self_attn.v_proj,768,dtd,svhn,8,53,lora,38,0.5634983777999878,0.5575649738311768,0.010416666666666666,0.5071056466549635,0.508521931245923,0.5530817111333212,0.0563927311450243,0.049043042585253716,0.0,0.0563927311450243
encoder.layers.7.self_attn.v_proj,768,eurosat,gtsrb,8,53,lora,38,0.588641881942749,0.5887070894241333,0.010416666666666666,0.49524510465562344,0.4948322232812643,0.5782252152760824,0.09339677728712559,0.093874866142869,0.0,0.09339677728712559
encoder.layers.7.self_attn.v_proj,768,eurosat,mnist,8,53,lora,38,0.577103853225708,0.5794597864151001,0.010416666666666666,0.5101346801966429,0.5108693353831768,0.5666871865590414,0.06696917302906513,0.0685904510319233,0.0,0.06696917302906513
encoder.layers.7.self_attn.v_proj,768,eurosat,resisc45,8,53,lora,38,0.7278992533683777,0.7306452393531799,0.010416666666666666,0.5136756412684917,0.5110961813479662,0.7174825867017111,0.21422361209988594,0.21954905800521374,0.0,0.21422361209988594
encoder.layers.7.self_attn.v_proj,768,eurosat,stanford-cars,8,53,lora,38,0.5560492873191833,0.549929141998291,0.010416666666666666,0.4962731562554836,0.49632613733410835,0.5456326206525167,0.05977613106369972,0.05360300466418266,0.0,0.05977613106369972
encoder.layers.7.self_attn.v_proj,768,eurosat,sun397,8,53,lora,38,0.5980949997901917,0.6000140309333801,0.010416666666666666,0.5082542411983013,0.5086756609380245,0.587678333123525,0.08984075859189034,0.0913383699953556,0.0,0.08984075859189034
encoder.layers.7.self_attn.v_proj,768,eurosat,svhn,8,53,lora,38,0.6178545951843262,0.6042732000350952,0.010416666666666666,0.5215761512517929,0.5239129234105349,0.6074379285176595,0.09627844393253326,0.08036027662456036,0.0,0.09627844393253326
encoder.layers.7.self_attn.v_proj,768,gtsrb,mnist,8,53,lora,38,0.6039551496505737,0.5979334115982056,0.010416666666666666,0.5100731924176216,0.5085408817976713,0.5935384829839071,0.09388195723295212,0.08939252980053425,0.0,0.09388195723295212
encoder.layers.7.self_attn.v_proj,768,gtsrb,resisc45,8,53,lora,38,0.6396176815032959,0.6480327844619751,0.010416666666666666,0.5187585726380348,0.520428916439414,0.6292010148366293,0.12085910886526108,0.12760386802256107,0.0,0.12085910886526108
encoder.layers.7.self_attn.v_proj,768,gtsrb,stanford-cars,8,53,lora,38,0.6688637733459473,0.6578731536865234,0.010416666666666666,0.509153326973319,0.5070396941155195,0.6584471066792806,0.1597104463726282,0.15083345957100391,0.0,0.1597104463726282
encoder.layers.7.self_attn.v_proj,768,gtsrb,sun397,8,53,lora,38,0.6343320608139038,0.6409689784049988,0.010416666666666666,0.5045302547514439,0.5052484888583422,0.6239153941472372,0.12980180606245995,0.1357204895466566,0.0,0.12980180606245995
encoder.layers.7.self_attn.v_proj,768,gtsrb,svhn,8,53,lora,38,0.6460291743278503,0.6273065805435181,0.010416666666666666,0.49449843168258667,0.49528264440596104,0.6356125076611837,0.15153074264526367,0.13202393613755703,0.0,0.15153074264526367
encoder.layers.7.self_attn.v_proj,768,mnist,resisc45,8,53,lora,38,0.6186210513114929,0.6226305961608887,0.010416666666666666,0.5021750181913376,0.5060227606445551,0.6082043846448263,0.11644603312015533,0.11660783551633358,0.0,0.11644603312015533
encoder.layers.7.self_attn.v_proj,768,mnist,stanford-cars,8,53,lora,38,0.5752124786376953,0.5787149667739868,0.010416666666666666,0.5234984643757343,0.5237718895077705,0.5647958119710287,0.05171401426196098,0.05494307726621628,0.0,0.05171401426196098
encoder.layers.7.self_attn.v_proj,768,mnist,sun397,8,53,lora,38,0.557064414024353,0.5743008255958557,0.010416666666666666,0.5100643876940012,0.5105159748345613,0.5466477473576864,0.04700002633035183,0.06378485076129436,0.0,0.04700002633035183
encoder.layers.7.self_attn.v_proj,768,mnist,svhn,8,53,lora,38,0.6669986248016357,0.6658445000648499,0.010416666666666666,0.49455047212541103,0.49575962126255035,0.6565819581349691,0.1724481526762247,0.1700848788022995,0.0,0.1724481526762247
encoder.layers.7.self_attn.v_proj,768,resisc45,stanford-cars,8,53,lora,38,0.6550893783569336,0.6589183211326599,0.010416666666666666,0.5176875460892916,0.5154886487871408,0.644672711690267,0.13740183226764202,0.14342967234551907,0.0,0.13740183226764202
encoder.layers.7.self_attn.v_proj,768,resisc45,sun397,8,53,lora,38,0.752567708492279,0.7533772587776184,0.010416666666666666,0.5160139072686434,0.5141185522079468,0.7421510418256124,0.23655380122363567,0.23925870656967163,0.0,0.23655380122363567
encoder.layers.7.self_attn.v_proj,768,resisc45,svhn,8,53,lora,38,0.570280134677887,0.5711457133293152,0.010416666666666666,0.500587547197938,0.5018366351723671,0.5598634680112203,0.069692587479949,0.06930907815694809,0.0,0.069692587479949
encoder.layers.7.self_attn.v_proj,768,stanford-cars,sun397,8,53,lora,38,0.7224517464637756,0.724286675453186,0.010416666666666666,0.5132487695664167,0.5130088664591312,0.712035079797109,0.2092029768973589,0.2112778089940548,0.0,0.2092029768973589
encoder.layers.7.self_attn.v_proj,768,stanford-cars,svhn,8,53,lora,38,0.6715444326400757,0.6708896160125732,0.010416666666666666,0.48670484498143196,0.4872693531215191,0.661127765973409,0.18483958765864372,0.18362026289105415,0.0,0.18483958765864372
encoder.layers.7.self_attn.v_proj,768,sun397,svhn,8,53,lora,38,0.5791248679161072,0.5846678614616394,0.010416666666666666,0.4972744919359684,0.4969384763389826,0.5687082012494405,0.08185037598013878,0.08772938512265682,0.0,0.08185037598013878
encoder.layers.8.self_attn.q_proj,768,dtd,eurosat,8,48,lora,37,0.5800394415855408,0.5832442045211792,0.010416666666666666,0.52475605905056,0.5265450552105904,0.5696227749188741,0.055283382534980774,0.05669914931058884,0.0,0.055283382534980774
encoder.layers.8.self_attn.q_proj,768,dtd,gtsrb,8,48,lora,37,0.59140545129776,0.5935652256011963,0.010416666666666666,0.5203742031008005,0.5191550869494677,0.5809887846310934,0.0710312481969595,0.07441013865172863,0.0,0.0710312481969595
encoder.layers.8.self_attn.q_proj,768,dtd,mnist,8,48,lora,37,0.5312947034835815,0.5366047620773315,0.010416666666666666,0.5078025832772255,0.5118721295148134,0.5208780368169149,0.02349212020635605,0.02473263256251812,0.0,0.02349212020635605
encoder.layers.8.self_attn.q_proj,768,dtd,resisc45,8,48,lora,37,0.6381512880325317,0.640529990196228,0.010416666666666666,0.5153113659471273,0.5168748702853918,0.6277346213658651,0.1228399220854044,0.12365511991083622,0.0,0.1228399220854044
encoder.layers.8.self_attn.q_proj,768,dtd,stanford-cars,8,48,lora,37,0.56336510181427,0.5569460391998291,0.010416666666666666,0.5196418333798647,0.5201011039316654,0.5529484351476034,0.04372326843440533,0.03684493526816368,0.0,0.04372326843440533
encoder.layers.8.self_attn.q_proj,768,dtd,sun397,8,48,lora,37,0.6428912878036499,0.6513341069221497,0.010416666666666666,0.49977849796414375,0.5018635205924511,0.6324746211369833,0.14311278983950615,0.14947058632969856,0.0,0.14311278983950615
encoder.layers.8.self_attn.q_proj,768,dtd,svhn,8,48,lora,37,0.5291168093681335,0.530429482460022,0.010416666666666666,0.5175573863089085,0.5192271117120981,0.5187001427014669,0.011559423059225082,0.011202370747923851,0.0,0.011559423059225082
encoder.layers.8.self_attn.q_proj,768,eurosat,gtsrb,8,48,lora,37,0.5839700698852539,0.5844796895980835,0.010416666666666666,0.5276572331786156,0.5278563238680363,0.5735534032185873,0.056312836706638336,0.056623365730047226,0.0,0.056312836706638336
encoder.layers.8.self_attn.q_proj,768,eurosat,mnist,8,48,lora,37,0.5296624302864075,0.5367194414138794,0.010416666666666666,0.5118019264191389,0.5157582554966211,0.5192457636197408,0.017860503867268562,0.020961185917258263,0.0,0.017860503867268562
encoder.layers.8.self_attn.q_proj,768,eurosat,resisc45,8,48,lora,37,0.6663258671760559,0.6678845286369324,0.010416666666666666,0.5229017231613398,0.5240012053400278,0.6559092005093893,0.14342414401471615,0.14388332329690456,0.0,0.14342414401471615
encoder.layers.8.self_attn.q_proj,768,eurosat,stanford-cars,8,48,lora,37,0.5606051683425903,0.5627306699752808,0.010416666666666666,0.5035981293767691,0.5041469745337963,0.5501885016759237,0.057007038965821266,0.05858369544148445,0.0,0.057007038965821266
encoder.layers.8.self_attn.q_proj,768,eurosat,sun397,8,48,lora,37,0.6348721385002136,0.637527346611023,0.010416666666666666,0.5189428888261318,0.5182874519377947,0.624455471833547,0.1159292496740818,0.11923989467322826,0.0,0.1159292496740818
encoder.layers.8.self_attn.q_proj,768,eurosat,svhn,8,48,lora,37,0.5282793045043945,0.5279673933982849,0.010416666666666666,0.5087813995778561,0.5096475891768932,0.5178626378377279,0.019497904926538467,0.018319804221391678,0.0,0.019497904926538467
encoder.layers.8.self_attn.q_proj,768,gtsrb,mnist,8,48,lora,37,0.628969669342041,0.6336290836334229,0.010416666666666666,0.5125948209315538,0.5118187982589006,0.6185530026753744,0.11637484841048717,0.12181028537452221,0.0,0.11637484841048717
encoder.layers.8.self_attn.q_proj,768,gtsrb,resisc45,8,48,lora,37,0.6048382520675659,0.6091846227645874,0.010416666666666666,0.5188675820827484,0.520874498412013,0.5944215854008993,0.0859706699848175,0.08831012435257435,0.0,0.0859706699848175
encoder.layers.8.self_attn.q_proj,768,gtsrb,stanford-cars,8,48,lora,37,0.6132718920707703,0.6139400601387024,0.010416666666666666,0.5278548281639814,0.5288614463061094,0.6028552254041036,0.08541706390678883,0.08507861383259296,0.0,0.08541706390678883
encoder.layers.8.self_attn.q_proj,768,gtsrb,sun397,8,48,lora,37,0.6096325516700745,0.606232225894928,0.010416666666666666,0.5078647118061781,0.5068780332803726,0.5992158850034078,0.10176783986389637,0.09935419261455536,0.0,0.10176783986389637
encoder.layers.8.self_attn.q_proj,768,gtsrb,svhn,8,48,lora,37,0.5446908473968506,0.5452769994735718,0.010416666666666666,0.5083656646311283,0.509078660979867,0.534274180730184,0.036325182765722275,0.036198338493704796,0.0,0.036325182765722275
encoder.layers.8.self_attn.q_proj,768,mnist,resisc45,8,48,lora,37,0.5842792987823486,0.592011570930481,0.010416666666666666,0.526100117713213,0.5275011286139488,0.573862632115682,0.058179181069135666,0.06451044231653214,0.0,0.058179181069135666
encoder.layers.8.self_attn.q_proj,768,mnist,stanford-cars,8,48,lora,37,0.595841109752655,0.6015383005142212,0.010416666666666666,0.5147386621683836,0.5145906265825033,0.5854244430859884,0.08110244758427143,0.08694767393171787,0.0,0.08110244758427143
encoder.layers.8.self_attn.q_proj,768,mnist,sun397,8,48,lora,37,0.5761561393737793,0.5748157501220703,0.010416666666666666,0.5200765170156956,0.5205396953970194,0.5657394727071127,0.056079622358083725,0.054276054725050926,0.0,0.056079622358083725
encoder.layers.8.self_attn.q_proj,768,mnist,svhn,8,48,lora,37,0.5731877088546753,0.5780512094497681,0.010416666666666666,0.5145994406193495,0.5172736439853907,0.5627710421880087,0.05858826823532581,0.0607775654643774,0.0,0.05858826823532581
encoder.layers.8.self_attn.q_proj,768,resisc45,stanford-cars,8,48,lora,37,0.6068217158317566,0.6105591654777527,0.010416666666666666,0.5113614518195391,0.5126553904265165,0.59640504916509,0.09546026401221752,0.09790377505123615,0.0,0.09546026401221752
encoder.layers.8.self_attn.q_proj,768,resisc45,sun397,8,48,lora,37,0.6180737614631653,0.617992103099823,0.010416666666666666,0.5146487187594175,0.5147037003189325,0.6076570947964987,0.10342504270374775,0.10328840278089046,0.0,0.10342504270374775
encoder.layers.8.self_attn.q_proj,768,resisc45,svhn,8,48,lora,37,0.5742507576942444,0.5779907703399658,0.010416666666666666,0.5000551268458366,0.5019420869648457,0.5638340910275778,0.07419563084840775,0.07604868337512016,0.0,0.07419563084840775
encoder.layers.8.self_attn.q_proj,768,stanford-cars,sun397,8,48,lora,37,0.6179190874099731,0.6195089221000671,0.010416666666666666,0.5212766546756029,0.5225738249719143,0.6075024207433065,0.09664243273437023,0.09693509712815285,0.0,0.09664243273437023
encoder.layers.8.self_attn.q_proj,768,stanford-cars,svhn,8,48,lora,37,0.577102780342102,0.5787432193756104,0.010416666666666666,0.5208105035126209,0.5215195026248693,0.5666861136754354,0.056292276829481125,0.057223716750741005,0.0,0.056292276829481125
encoder.layers.8.self_attn.q_proj,768,sun397,svhn,8,48,lora,37,0.4950437843799591,0.5010630488395691,0.010416666666666666,0.5104360263794661,0.5114233940839767,0.4846271177132924,-0.01539224199950695,-0.010360345244407654,0.0,-0.01539224199950695
encoder.layers.8.self_attn.v_proj,768,dtd,eurosat,8,48,lora,37,0.5955126285552979,0.5984623432159424,0.010416666666666666,0.4949051458388567,0.49395439215004444,0.5850959618886312,0.10060748271644115,0.10450795106589794,0.0,0.10060748271644115
encoder.layers.8.self_attn.v_proj,768,dtd,gtsrb,8,48,lora,37,0.5555984973907471,0.5571274161338806,0.010416666666666666,0.5063673034310341,0.5078838672488928,0.5451818307240804,0.04923119395971298,0.04924354888498783,0.0,0.04923119395971298
encoder.layers.8.self_attn.v_proj,768,dtd,mnist,8,48,lora,37,0.5782749652862549,0.5934305787086487,0.010416666666666666,0.4794588889926672,0.48060457222163677,0.5678582986195883,0.09881607629358768,0.11282600648701191,0.0,0.09881607629358768
encoder.layers.8.self_attn.v_proj,768,dtd,resisc45,8,48,lora,37,0.5565000772476196,0.5655324459075928,0.010416666666666666,0.5082645285874605,0.5084748491644859,0.546083410580953,0.04823554866015911,0.05705759674310684,0.0,0.04823554866015911
encoder.layers.8.self_attn.v_proj,768,dtd,stanford-cars,8,48,lora,37,0.5763096809387207,0.5799069404602051,0.010416666666666666,0.5151171591132879,0.5153550989925861,0.5658930142720541,0.06119252182543278,0.06455184146761894,0.0,0.06119252182543278
encoder.layers.8.self_attn.v_proj,768,dtd,sun397,8,48,lora,37,0.5251997709274292,0.5286939740180969,0.010416666666666666,0.5082441885024309,0.5091732162982225,0.5147831042607626,0.016955582424998283,0.019520757719874382,0.0,0.016955582424998283
encoder.layers.8.self_attn.v_proj,768,dtd,svhn,8,48,lora,37,0.6019529700279236,0.5975779294967651,0.010416666666666666,0.48978266492486,0.4928565267473459,0.591536303361257,0.11217030510306358,0.10472140274941921,0.0,0.11217030510306358
encoder.layers.8.self_attn.v_proj,768,eurosat,gtsrb,8,48,lora,37,0.5825005769729614,0.5854491591453552,0.010416666666666666,0.5003555156290531,0.5008901748806238,0.5720839103062948,0.08214506134390831,0.08455898426473141,0.0,0.08214506134390831
encoder.layers.8.self_attn.v_proj,768,eurosat,mnist,8,48,lora,37,0.6146445870399475,0.612212598323822,0.010416666666666666,0.4943266026675701,0.49310076609253883,0.6042279203732809,0.1203179843723774,0.11911183223128319,0.0,0.1203179843723774
encoder.layers.8.self_attn.v_proj,768,eurosat,resisc45,8,48,lora,37,0.6759226322174072,0.674462080001831,0.010416666666666666,0.5138059072196484,0.5142993479967117,0.6655059655507406,0.16211672499775887,0.16016273200511932,0.0,0.16211672499775887
encoder.layers.8.self_attn.v_proj,768,eurosat,stanford-cars,8,48,lora,37,0.6057653427124023,0.6091520190238953,0.010416666666666666,0.5013570226728916,0.5023986548185349,0.5953486760457357,0.10440832003951073,0.10675336420536041,0.0,0.10440832003951073
encoder.layers.8.self_attn.v_proj,768,eurosat,sun397,8,48,lora,37,0.5760379433631897,0.5811501741409302,0.010416666666666666,0.5246688351035118,0.5244710650295019,0.5656212766965231,0.05136910825967789,0.05667910911142826,0.0,0.05136910825967789
encoder.layers.8.self_attn.v_proj,768,eurosat,svhn,8,48,lora,37,0.5774857997894287,0.5760645270347595,0.010416666666666666,0.5116295870393515,0.5104143805801868,0.5670691331227621,0.06585621275007725,0.06565014645457268,0.0,0.06585621275007725
encoder.layers.8.self_attn.v_proj,768,gtsrb,mnist,8,48,lora,37,0.6742634177207947,0.6744951009750366,0.010416666666666666,0.4963209182024002,0.49903739243745804,0.663846751054128,0.17794249951839447,0.17545770853757858,0.0,0.17794249951839447
encoder.layers.8.self_attn.v_proj,768,gtsrb,resisc45,8,48,lora,37,0.5591355562210083,0.5624278783798218,0.010416666666666666,0.5072377566248178,0.5084974784404039,0.5487188895543417,0.05189779959619045,0.05393039993941784,0.0,0.05189779959619045
encoder.layers.8.self_attn.v_proj,768,gtsrb,stanford-cars,8,48,lora,37,0.48990869522094727,0.49089765548706055,0.010416666666666666,0.5131446961313486,0.5137124191969633,0.4794920285542806,-0.023236000910401344,-0.022814763709902763,0.0,-0.023236000910401344
encoder.layers.8.self_attn.v_proj,768,gtsrb,sun397,8,48,lora,37,0.5970697402954102,0.6004345417022705,0.010416666666666666,0.5088380482047796,0.509206760674715,0.5866530736287435,0.08823169209063053,0.09122778102755547,0.0,0.08823169209063053
encoder.layers.8.self_attn.v_proj,768,gtsrb,svhn,8,48,lora,37,0.6241125464439392,0.6253851056098938,0.010416666666666666,0.5133617520332336,0.5140067525207996,0.6136958797772726,0.11075079441070557,0.11137835308909416,0.0,0.11075079441070557
encoder.layers.8.self_attn.v_proj,768,mnist,resisc45,8,48,lora,37,0.5295313596725464,0.532357394695282,0.010416666666666666,0.5132187232375145,0.513814264908433,0.5191146930058798,0.01631263643503189,0.018543129786849022,0.0,0.01631263643503189
encoder.layers.8.self_attn.v_proj,768,mnist,stanford-cars,8,48,lora,37,0.5769726037979126,0.565859317779541,0.010416666666666666,0.516464602202177,0.5172637160867453,0.566555937131246,0.06050800159573555,0.048595601692795753,0.0,0.06050800159573555
encoder.layers.8.self_attn.v_proj,768,mnist,sun397,8,48,lora,37,0.5506490468978882,0.5520246028900146,0.010416666666666666,0.5072106663137674,0.5073032137006521,0.5402323802312216,0.04343838058412075,0.044721389189362526,0.0,0.04343838058412075
encoder.layers.8.self_attn.v_proj,768,mnist,svhn,8,48,lora,37,0.7135763764381409,0.7015787959098816,0.010416666666666666,0.5130871180444956,0.5143043398857117,0.7031597097714742,0.2004892583936453,0.18727445602416992,0.0,0.2004892583936453
encoder.layers.8.self_attn.v_proj,768,resisc45,stanford-cars,8,48,lora,37,0.5823886394500732,0.5880069732666016,0.010416666666666666,0.5198078136891127,0.5216238647699356,0.5719719727834066,0.06258082576096058,0.06638310849666595,0.0,0.06258082576096058
encoder.layers.8.self_attn.v_proj,768,resisc45,sun397,8,48,lora,37,0.6345465183258057,0.6384262442588806,0.010416666666666666,0.5057082995772362,0.5072943419218063,0.624129851659139,0.1288382187485695,0.13113190233707428,0.0,0.1288382187485695
encoder.layers.8.self_attn.v_proj,768,resisc45,svhn,8,48,lora,37,0.5422477722167969,0.546525239944458,0.010416666666666666,0.5115125775337219,0.5132010132074356,0.5318311055501302,0.03073519468307495,0.0333242267370224,0.0,0.03073519468307495
encoder.layers.8.self_attn.v_proj,768,stanford-cars,sun397,8,48,lora,37,0.6166749000549316,0.6164649128913879,0.010416666666666666,0.5162891782820225,0.5173591952770948,0.606258233388265,0.10038572177290916,0.0991057176142931,0.0,0.10038572177290916
encoder.layers.8.self_attn.v_proj,768,stanford-cars,svhn,8,48,lora,37,0.4923109710216522,0.49143725633621216,0.010416666666666666,0.4851197972893715,0.4857923053205013,0.48189430435498554,0.007191173732280731,0.005644951015710831,0.0,0.007191173732280731
encoder.layers.8.self_attn.v_proj,768,sun397,svhn,8,48,lora,37,0.5766275525093079,0.5754814743995667,0.010416666666666666,0.5115156844258308,0.5097726695239544,0.5662108858426412,0.06511186808347702,0.06570880487561226,0.0,0.06511186808347702
encoder.layers.9.self_attn.q_proj,768,dtd,eurosat,8,35,lora,34,0.6625887751579285,0.6638264060020447,0.010416666666666666,0.5180394165217876,0.5212228745222092,0.6521721084912618,0.14454935863614082,0.1426035314798355,0.0,0.14454935863614082
encoder.layers.9.self_attn.q_proj,768,dtd,gtsrb,8,35,lora,34,0.6591840386390686,0.6419733762741089,0.010416666666666666,0.49688226729631424,0.49847198463976383,0.648767371972402,0.16230177134275436,0.14350139163434505,0.0,0.16230177134275436
encoder.layers.9.self_attn.q_proj,768,dtd,mnist,8,35,lora,34,0.5910747647285461,0.5891677737236023,0.010416666666666666,0.528662009164691,0.5311505664139986,0.5806580980618795,0.06241275556385517,0.05801720730960369,0.0,0.06241275556385517
encoder.layers.9.self_attn.q_proj,768,dtd,resisc45,8,35,lora,34,0.6596856713294983,0.6568437218666077,0.010416666666666666,0.5047666523605585,0.5066452734172344,0.6492690046628317,0.15491901896893978,0.15019844844937325,0.0,0.15491901896893978
encoder.layers.9.self_attn.q_proj,768,dtd,stanford-cars,8,35,lora,34,0.6342710852622986,0.6362367272377014,0.010416666666666666,0.5047959182411432,0.5082990135997534,0.623854418595632,0.12947516702115536,0.12793771363794804,0.0,0.12947516702115536
encoder.layers.9.self_attn.q_proj,768,dtd,sun397,8,35,lora,34,0.6220380663871765,0.6229023337364197,0.010416666666666666,0.5139603670686483,0.5162915177643299,0.6116213997205099,0.10807769931852818,0.10661081597208977,0.0,0.10807769931852818
encoder.layers.9.self_attn.q_proj,768,dtd,svhn,8,35,lora,34,0.5916122794151306,0.5957460999488831,0.010416666666666666,0.51399140432477,0.5148996543139219,0.581195612748464,0.07762087509036064,0.08084644563496113,0.0,0.07762087509036064
encoder.layers.9.self_attn.q_proj,768,eurosat,gtsrb,8,35,lora,34,0.6353233456611633,0.605998694896698,0.010416666666666666,0.5172827858477831,0.5170726869255304,0.6249066789944967,0.11804055981338024,0.08892600797116756,0.0,0.11804055981338024
encoder.layers.9.self_attn.q_proj,768,eurosat,mnist,8,35,lora,34,0.5434095859527588,0.5406495928764343,0.010416666666666666,0.5209370236843824,0.5232302658259869,0.5329929192860922,0.02247256226837635,0.017419327050447464,0.0,0.02247256226837635
encoder.layers.9.self_attn.q_proj,768,eurosat,resisc45,8,35,lora,34,0.7027576565742493,0.7024698853492737,0.010416666666666666,0.5240530855953693,0.5263278428465128,0.6923409899075826,0.17870457097887993,0.1761420425027609,0.0,0.17870457097887993
encoder.layers.9.self_attn.q_proj,768,eurosat,stanford-cars,8,35,lora,34,0.5887325406074524,0.5884389281272888,0.010416666666666666,0.5122694876044989,0.5119100287556648,0.5783158739407858,0.07646305300295353,0.07652889937162399,0.0,0.07646305300295353
encoder.layers.9.self_attn.q_proj,768,eurosat,sun397,8,35,lora,34,0.5977261066436768,0.5964107513427734,0.010416666666666666,0.5211894065141678,0.5219470001757145,0.5873094399770101,0.07653670012950897,0.07446375116705894,0.0,0.07653670012950897
encoder.layers.9.self_attn.q_proj,768,eurosat,svhn,8,35,lora,34,0.5491460561752319,0.5496697425842285,0.010416666666666666,0.5426729116588831,0.5447926260530949,0.5387293895085653,0.006473144516348839,0.004877116531133652,0.0,0.006473144516348839
encoder.layers.9.self_attn.q_proj,768,gtsrb,mnist,8,35,lora,34,0.5358851552009583,0.5307407379150391,0.010416666666666666,0.5106450784951448,0.5107533447444439,0.5254684885342916,0.025240076705813408,0.01998739317059517,0.0,0.025240076705813408
encoder.layers.9.self_attn.q_proj,768,gtsrb,resisc45,8,35,lora,34,0.6740227937698364,0.644959032535553,0.010416666666666666,0.5146225113421679,0.5138041544705629,0.6636061271031698,0.15940028242766857,0.13115487806499004,0.0,0.15940028242766857
encoder.layers.9.self_attn.q_proj,768,gtsrb,stanford-cars,8,35,lora,34,0.6309779286384583,0.6499832272529602,0.010416666666666666,0.506289403885603,0.5073304083198309,0.6205612619717916,0.1246885247528553,0.1426528189331293,0.0,0.1246885247528553
encoder.layers.9.self_attn.q_proj,768,gtsrb,sun397,8,35,lora,34,0.6030542850494385,0.6400508880615234,0.010416666666666666,0.5279037747532129,0.5297570191323757,0.5926376183827718,0.07515051029622555,0.11029386892914772,0.0,0.07515051029622555
encoder.layers.9.self_attn.q_proj,768,gtsrb,svhn,8,35,lora,34,0.6642387509346008,0.6475875377655029,0.010416666666666666,0.5016493666917086,0.49890843965113163,0.6538220842679342,0.16258938424289227,0.1486790981143713,0.0,0.16258938424289227
encoder.layers.9.self_attn.q_proj,768,mnist,resisc45,8,35,lora,34,0.557134211063385,0.5589784979820251,0.010416666666666666,0.5081212073564529,0.5080894026905298,0.5467175443967184,0.04901300370693207,0.05088909529149532,0.0,0.04901300370693207
encoder.layers.9.self_attn.q_proj,768,mnist,stanford-cars,8,35,lora,34,0.5530185699462891,0.5529271364212036,0.010416666666666666,0.5265593882650137,0.5269261505454779,0.5426019032796224,0.026459181681275368,0.026000985875725746,0.0,0.026459181681275368
encoder.layers.9.self_attn.q_proj,768,mnist,sun397,8,35,lora,34,0.5258234739303589,0.5270420908927917,0.010416666666666666,0.49619354121387005,0.5003407876938581,0.5154068072636923,0.029629932716488838,0.0267013031989336,0.0,0.029629932716488838
encoder.layers.9.self_attn.q_proj,768,mnist,svhn,8,35,lora,34,0.6421144008636475,0.6425959467887878,0.010416666666666666,0.4999104794114828,0.4988992288708687,0.6316977341969808,0.14220392145216465,0.14369671791791916,0.0,0.14220392145216465
encoder.layers.9.self_attn.q_proj,768,resisc45,stanford-cars,8,35,lora,34,0.664656937122345,0.6683290600776672,0.010416666666666666,0.5101012736558914,0.5122432839125395,0.6542402704556783,0.15455566346645355,0.15608577616512775,0.0,0.15455566346645355
encoder.layers.9.self_attn.q_proj,768,resisc45,sun397,8,35,lora,34,0.6215885281562805,0.6233655214309692,0.010416666666666666,0.5174912419170141,0.5174071006476879,0.6111718614896139,0.1040972862392664,0.10595842078328133,0.0,0.1040972862392664
encoder.layers.9.self_attn.q_proj,768,resisc45,svhn,8,35,lora,34,0.5518968105316162,0.5581066608428955,0.010416666666666666,0.5290154926478863,0.5293326657265425,0.5414801438649496,0.022881317883729935,0.028773995116353035,0.0,0.022881317883729935
encoder.layers.9.self_attn.q_proj,768,stanford-cars,sun397,8,35,lora,34,0.6333401799201965,0.6250906586647034,0.010416666666666666,0.5261372774839401,0.5281934421509504,0.6229235132535299,0.10720290243625641,0.09689721651375294,0.0,0.10720290243625641
encoder.layers.9.self_attn.q_proj,768,stanford-cars,svhn,8,35,lora,34,0.5397557020187378,0.5365174412727356,0.010416666666666666,0.511140625923872,0.5127894841134548,0.5293390353520712,0.0286150760948658,0.023727957159280777,0.0,0.0286150760948658
encoder.layers.9.self_attn.q_proj,768,sun397,svhn,8,35,lora,34,0.5214990377426147,0.5240638852119446,0.010416666666666666,0.5175790451467037,0.5165971666574478,0.5110823710759481,0.003919992595911026,0.007466718554496765,0.0,0.003919992595911026
encoder.layers.9.self_attn.v_proj,768,dtd,eurosat,8,35,lora,34,0.7125179171562195,0.7098835706710815,0.010416666666666666,0.5137749370187521,0.5148614477366209,0.7021012504895529,0.19874298013746738,0.19502212293446064,0.0,0.19874298013746738
encoder.layers.9.self_attn.v_proj,768,dtd,gtsrb,8,35,lora,34,0.6908223628997803,0.6910645365715027,0.010416666666666666,0.497455894947052,0.4977574348449707,0.6804056962331136,0.19336646795272827,0.19330710172653198,0.0,0.19336646795272827
encoder.layers.9.self_attn.v_proj,768,dtd,mnist,8,35,lora,34,0.7141173481941223,0.7149612903594971,0.010416666666666666,0.4925696086138487,0.49368458800017834,0.7037006815274557,0.22154773958027363,0.22127670235931873,0.0,0.22154773958027363
encoder.layers.9.self_attn.v_proj,768,dtd,resisc45,8,35,lora,34,0.6304305791854858,0.6355366706848145,0.010416666666666666,0.5027666129171848,0.5016910843551159,0.6200139125188192,0.127663966268301,0.13384558632969856,0.0,0.127663966268301
encoder.layers.9.self_attn.v_proj,768,dtd,stanford-cars,8,35,lora,34,0.6170732975006104,0.6107494831085205,0.010416666666666666,0.4928456600755453,0.4943928364664316,0.6066566308339437,0.12422763742506504,0.11635664664208889,0.0,0.12422763742506504
encoder.layers.9.self_attn.v_proj,768,dtd,sun397,8,35,lora,34,0.6941705346107483,0.694023072719574,0.010416666666666666,0.4950275905430317,0.4976234771311283,0.6837538679440817,0.1991429440677166,0.19639959558844566,0.0,0.1991429440677166
encoder.layers.9.self_attn.v_proj,768,dtd,svhn,8,35,lora,34,0.709053099155426,0.7056027054786682,0.010416666666666666,0.511584684252739,0.5113899391144514,0.6986364324887594,0.19746841490268707,0.1942127663642168,0.0,0.19746841490268707
encoder.layers.9.self_attn.v_proj,768,eurosat,gtsrb,8,35,lora,34,0.6696670651435852,0.6709373593330383,0.010416666666666666,0.5220102090388536,0.5240126643329859,0.6592503984769186,0.14765685610473156,0.14692469500005245,0.0,0.14765685610473156
encoder.layers.9.self_attn.v_proj,768,eurosat,mnist,8,35,lora,34,0.6938977837562561,0.6930201053619385,0.010416666666666666,0.5019597373902798,0.5019764695316553,0.6834811170895895,0.19193804636597633,0.19104363583028316,0.0,0.19193804636597633
encoder.layers.9.self_attn.v_proj,768,eurosat,resisc45,8,35,lora,34,0.7760273218154907,0.7764784693717957,0.010416666666666666,0.47833871841430664,0.47886595875024796,0.7656106551488241,0.2976886034011841,0.2976125106215477,0.0,0.2976886034011841
encoder.layers.9.self_attn.v_proj,768,eurosat,stanford-cars,8,35,lora,34,0.6516175866127014,0.6504551768302917,0.010416666666666666,0.5107702538371086,0.5119741503149271,0.6412009199460348,0.1408473327755928,0.13848102651536465,0.0,0.1408473327755928
encoder.layers.9.self_attn.v_proj,768,eurosat,sun397,8,35,lora,34,0.6154890060424805,0.6186326742172241,0.010416666666666666,0.516711326315999,0.5177876241505146,0.6050723393758138,0.09877767972648144,0.10084505006670952,0.0,0.09877767972648144
encoder.layers.9.self_attn.v_proj,768,eurosat,svhn,8,35,lora,34,0.6052249073982239,0.6063133478164673,0.010416666666666666,0.5131340809166431,0.5143704190850258,0.5948082407315572,0.09209082648158073,0.0919429287314415,0.0,0.09209082648158073
encoder.layers.9.self_attn.v_proj,768,gtsrb,mnist,8,35,lora,34,0.7495443224906921,0.7480989694595337,0.010416666666666666,0.4980642218142748,0.49919366650283337,0.7391276558240255,0.25148010067641735,0.24890530295670033,0.0,0.25148010067641735
encoder.layers.9.self_attn.v_proj,768,gtsrb,resisc45,8,35,lora,34,0.695094645023346,0.6980048418045044,0.010416666666666666,0.5089801978319883,0.5099028814584017,0.6846779783566793,0.1861144471913576,0.18810196034610271,0.0,0.1861144471913576
encoder.layers.9.self_attn.v_proj,768,gtsrb,stanford-cars,8,35,lora,34,0.5698865056037903,0.5774632692337036,0.010416666666666666,0.5284778960049152,0.5301907695829868,0.5594698389371237,0.041408609598875046,0.04727249965071678,0.0,0.041408609598875046
encoder.layers.9.self_attn.v_proj,768,gtsrb,sun397,8,35,lora,34,0.6674474477767944,0.6720471978187561,0.010416666666666666,0.4978634435683489,0.4988653566688299,0.6570307811101278,0.16958400420844555,0.17318184114992619,0.0,0.16958400420844555
encoder.layers.9.self_attn.v_proj,768,gtsrb,svhn,8,35,lora,34,0.7390385866165161,0.7381285429000854,0.010416666666666666,0.4882301725447178,0.48971385322511196,0.7286219199498495,0.2508084140717983,0.2484146896749735,0.0,0.2508084140717983
encoder.layers.9.self_attn.v_proj,768,mnist,resisc45,8,35,lora,34,0.6833299994468689,0.6818479895591736,0.010416666666666666,0.5096163954585791,0.5100796539336443,0.6729133327802023,0.17371360398828983,0.1717683356255293,0.0,0.17371360398828983
encoder.layers.9.self_attn.v_proj,768,mnist,stanford-cars,8,35,lora,34,0.584461510181427,0.5827924013137817,0.010416666666666666,0.4828217625617981,0.48423037864267826,0.5740448435147604,0.1016397476196289,0.09856202267110348,0.0,0.1016397476196289
encoder.layers.9.self_attn.v_proj,768,mnist,sun397,8,35,lora,34,0.6762465238571167,0.6777786016464233,0.010416666666666666,0.5055738035589457,0.5062189400196075,0.6658298571904501,0.17067272029817104,0.1715596616268158,0.0,0.17067272029817104
encoder.layers.9.self_attn.v_proj,768,mnist,svhn,8,35,lora,34,0.7958546876907349,0.7973065376281738,0.010416666666666666,0.496857101097703,0.4974734243005514,0.7854380210240682,0.2989975865930319,0.2998331133276224,0.0,0.2989975865930319
encoder.layers.9.self_attn.v_proj,768,resisc45,stanford-cars,8,35,lora,34,0.5611633062362671,0.5657898783683777,0.010416666666666666,0.49706920236349106,0.49775161407887936,0.5507466395696005,0.06409410387277603,0.06803826428949833,0.0,0.06409410387277603
encoder.layers.9.self_attn.v_proj,768,resisc45,sun397,8,35,lora,34,0.6601988673210144,0.6650858521461487,0.010416666666666666,0.49844937212765217,0.4987280759960413,0.6497822006543478,0.16174949519336224,0.16635777615010738,0.0,0.16174949519336224
encoder.layers.9.self_attn.v_proj,768,resisc45,svhn,8,35,lora,34,0.6168763637542725,0.6203076839447021,0.010416666666666666,0.49592273123562336,0.495499849319458,0.6064596970876058,0.1209536325186491,0.12480783462524414,0.0,0.1209536325186491
encoder.layers.9.self_attn.v_proj,768,stanford-cars,sun397,8,35,lora,34,0.6522296667098999,0.6541948318481445,0.010416666666666666,0.5040672961622477,0.5046864710748196,0.6418130000432333,0.14816237054765224,0.14950836077332497,0.0,0.14816237054765224
encoder.layers.9.self_attn.v_proj,768,stanford-cars,svhn,8,35,lora,34,0.6331247091293335,0.6326354742050171,0.010416666666666666,0.5025350786745548,0.5034123957157135,0.6227080424626669,0.13058963045477867,0.1292230784893036,0.0,0.13058963045477867
encoder.layers.9.self_attn.v_proj,768,sun397,svhn,8,35,lora,34,0.6200758218765259,0.6184394359588623,0.010416666666666666,0.48866752721369267,0.4894049670547247,0.6096591552098592,0.1314082946628332,0.1290344689041376,0.0,0.1314082946628332
