module,d_in,a,b,k,m,null_kind,n_blocks,raw,cond,null_iso,null_act_raw,null_act_cond,excess_over_iso,excess_raw,excess_cond,h0_excess,excess_raw_corrected
encoder.layers.0.self_attn.q_proj,768,dtd,eurosat,8,18,coupling,24,0.6772293448448181,0.6776963472366333,0.010416666666666666,0.010724687405551473,0.010962280289580425,0.6668126781781515,0.6665046574392667,0.6667340669470528,-0.004936404526233673,0.6714410619655004
encoder.layers.0.self_attn.q_proj,768,dtd,gtsrb,8,18,coupling,24,0.6908331513404846,0.693818211555481,0.010416666666666666,0.010202391616379222,0.010560452860469619,0.680416484673818,0.6806307597241054,0.6832577586950114,-0.004936404526233673,0.685567164250339
encoder.layers.0.self_attn.q_proj,768,dtd,mnist,8,18,coupling,24,0.6900355815887451,0.6934689283370972,0.010416666666666666,0.010545656162624558,0.0112695904293408,0.6796189149220785,0.6794899254261205,0.6821993379077563,-0.004936404526233673,0.6844263299523542
encoder.layers.0.self_attn.q_proj,768,dtd,resisc45,8,18,coupling,24,0.7592363953590393,0.7614043951034546,0.010416666666666666,0.010188547855553528,0.010480238202338418,0.7488197286923727,0.7490478475034857,0.7509241569011161,-0.004936404526233673,0.7539842520297194
encoder.layers.0.self_attn.q_proj,768,dtd,stanford-cars,8,18,coupling,24,0.6849903464317322,0.6860612630844116,0.010416666666666666,0.010232147062197328,0.010731288619960347,0.6745736797650655,0.6747581993695349,0.6753299744644513,-0.004936404526233673,0.6796946038957685
encoder.layers.0.self_attn.q_proj,768,dtd,sun397,8,18,coupling,24,0.694061279296875,0.6945499777793884,0.010416666666666666,0.010325008848061165,0.010579166235402226,0.6836446126302084,0.6837362704488138,0.6839708115439862,-0.004936404526233673,0.6886726749750475
encoder.layers.0.self_attn.q_proj,768,dtd,svhn,8,18,coupling,24,0.7043457627296448,0.7043312788009644,0.010416666666666666,0.01115389990930756,0.011891135635475317,0.6939290960629781,0.6931918628203372,0.6924401431654891,-0.004936404526233673,0.6981282673465709
encoder.layers.0.self_attn.q_proj,768,eurosat,gtsrb,8,18,coupling,24,0.7523802518844604,0.7542592287063599,0.010416666666666666,0.010549963374311725,0.011067423271015286,0.7419635852177938,0.7418302885101488,0.7431918054353446,-0.004936404526233673,0.7467666930363824
encoder.layers.0.self_attn.q_proj,768,eurosat,mnist,8,18,coupling,24,0.6899040341377258,0.6925185918807983,0.010416666666666666,0.011323049121225873,0.011797554946194092,0.6794873674710592,0.6785809850165,0.6807210369346043,-0.004936404526233673,0.6835173895427337
encoder.layers.0.self_attn.q_proj,768,eurosat,resisc45,8,18,coupling,24,0.6559049487113953,0.6577224135398865,0.010416666666666666,0.010595702605011562,0.011201240976030627,0.6454882820447286,0.6453092461063837,0.6465211725638559,-0.004936404526233673,0.6502456506326174
encoder.layers.0.self_attn.q_proj,768,eurosat,stanford-cars,8,18,coupling,24,0.6095592379570007,0.6149109601974487,0.010416666666666666,0.011386558956777057,0.011640669079497457,0.5991425712903341,0.5981726790002236,0.6032702911179513,-0.004936404526233673,0.6031090835264573
encoder.layers.0.self_attn.q_proj,768,eurosat,sun397,8,18,coupling,24,0.6653082370758057,0.6623736023902893,0.010416666666666666,0.00974829460028559,0.0105559261670957,0.654891570409139,0.6555599424755201,0.6518176762231936,-0.004936404526233673,0.6604963470017537
encoder.layers.0.self_attn.q_proj,768,eurosat,svhn,8,18,coupling,24,0.7153862118721008,0.7141021490097046,0.010416666666666666,0.009769357275217772,0.010320308967493474,0.7049695452054342,0.7056168545968831,0.7037818400422111,-0.004936404526233673,0.7105532591231167
encoder.layers.0.self_attn.q_proj,768,gtsrb,mnist,8,18,coupling,24,0.7680285573005676,0.7677809000015259,0.010416666666666666,0.010623347557460269,0.011412733234465122,0.757611890633901,0.7574052097431073,0.7563681667670608,-0.004936404526233673,0.762341614269341
encoder.layers.0.self_attn.q_proj,768,gtsrb,resisc45,8,18,coupling,24,0.7542721629142761,0.755445122718811,0.010416666666666666,0.009627349053819975,0.010196683229878545,0.7438554962476095,0.7446448138604561,0.7452484394889325,-0.004936404526233673,0.7495812183866898
encoder.layers.0.self_attn.q_proj,768,gtsrb,stanford-cars,8,18,coupling,24,0.7214961051940918,0.7250226736068726,0.010416666666666666,0.01164170129535099,0.012546064564958215,0.7110794385274252,0.7098544038987408,0.7124766090419143,-0.004936404526233673,0.7147908084249744
encoder.layers.0.self_attn.q_proj,768,gtsrb,sun397,8,18,coupling,24,0.6534553170204163,0.6539339423179626,0.010416666666666666,0.010579164993638793,0.011092700607453784,0.6430386503537496,0.6428761520267775,0.6428412417105088,-0.004936404526233673,0.6478125565530112
encoder.layers.0.self_attn.q_proj,768,gtsrb,svhn,8,18,coupling,24,0.7589555382728577,0.7578577995300293,0.010416666666666666,0.010342597728595138,0.010709059967969855,0.748538871606191,0.7486129405442625,0.7471487395620594,-0.004936404526233673,0.7535493450704962
encoder.layers.0.self_attn.q_proj,768,mnist,resisc45,8,18,coupling,24,0.7438398599624634,0.74861741065979,0.010416666666666666,0.010521335915351907,0.01073288960227122,0.7334231932957967,0.7333185240471115,0.7378845210575188,-0.004936404526233673,0.7382549285733452
encoder.layers.0.self_attn.q_proj,768,mnist,stanford-cars,8,18,coupling,24,0.6549010872840881,0.6553851962089539,0.010416666666666666,0.00985625374596566,0.010671726078726351,0.6444844206174215,0.6450448335381225,0.6447134701302275,-0.004936404526233673,0.6499812380643561
encoder.layers.0.self_attn.q_proj,768,mnist,sun397,8,18,coupling,24,0.6461113691329956,0.6486451625823975,0.010416666666666666,0.01053952161843578,0.011130924530637762,0.635694702466329,0.6355718475145599,0.6375142380517597,-0.004936404526233673,0.6405082520407935
encoder.layers.0.self_attn.q_proj,768,mnist,svhn,8,18,coupling,24,0.7135818004608154,0.7139539122581482,0.010416666666666666,0.010115073683361212,0.01079939519210408,0.7031651337941488,0.7034667267774543,0.7031545170660441,-0.004936404526233673,0.7084031313036879
encoder.layers.0.self_attn.q_proj,768,resisc45,stanford-cars,8,18,coupling,24,0.6967570781707764,0.7017724514007568,0.010416666666666666,0.012198081240057945,0.01299881205583612,0.6863404115041097,0.6845589969307184,0.6887736393449208,-0.004936404526233673,0.6894954014569521
encoder.layers.0.self_attn.q_proj,768,resisc45,sun397,8,18,coupling,24,0.6936118602752686,0.6942354440689087,0.010416666666666666,0.010680620170508822,0.011145235427344838,0.6831951936086019,0.6829312401047597,0.6830902086415639,-0.004936404526233673,0.6878676446309934
encoder.layers.0.self_attn.q_proj,768,resisc45,svhn,8,18,coupling,24,0.7488694787025452,0.7493110299110413,0.010416666666666666,0.010319840007772049,0.010733617780109247,0.7384528120358785,0.7385496386947731,0.738577412130932,-0.004936404526233673,0.7434860432210068
encoder.layers.0.self_attn.q_proj,768,stanford-cars,sun397,8,18,coupling,24,0.5977762937545776,0.6006821990013123,0.010416666666666666,0.010440963863705596,0.010940503096207976,0.587359627087911,0.587335329890872,0.5897416959051043,-0.004936404526233673,0.5922717344171057
encoder.layers.0.self_attn.q_proj,768,stanford-cars,svhn,8,18,coupling,24,0.6551558971405029,0.6571977138519287,0.010416666666666666,0.01089437228317062,0.011394068909188112,0.6447392304738363,0.6442615248573323,0.6458036449427406,-0.004936404526233673,0.649197929383566
encoder.layers.0.self_attn.q_proj,768,sun397,svhn,8,18,coupling,24,0.6778457760810852,0.67756187915802,0.010416666666666666,0.010942134152476987,0.011389137556155523,0.6674291094144186,0.6669036419286082,0.6661727416018645,-0.004936404526233673,0.6718400464548419
encoder.layers.0.self_attn.v_proj,768,dtd,eurosat,8,18,coupling,24,0.7927162647247314,0.7930643558502197,0.010416666666666666,0.010895567635695139,0.011801393625016013,0.7822995980580648,0.7818206970890363,0.7812629622252037,0.0003069266676902771,0.7815137704213461
encoder.layers.0.self_attn.v_proj,768,dtd,gtsrb,8,18,coupling,24,0.746492862701416,0.7492596507072449,0.010416666666666666,0.010371421813033521,0.011173145535091559,0.7360761960347494,0.7361214408883825,0.7380865051721534,0.0003069266676902771,0.7358145142206922
encoder.layers.0.self_attn.v_proj,768,dtd,mnist,8,18,coupling,24,0.7215819358825684,0.7249337434768677,0.010416666666666666,0.011291485279798508,0.012114437607427439,0.7111652692159017,0.7102904506027699,0.7128193058694402,0.0003069266676902771,0.7099835239350796
encoder.layers.0.self_attn.v_proj,768,dtd,resisc45,8,18,coupling,24,0.8878072500228882,0.8901423215866089,0.010416666666666666,0.010661789604152242,0.011108657422785958,0.8773905833562216,0.877145460418736,0.8790336641638229,0.0003069266676902771,0.8768385337510457
encoder.layers.0.self_attn.v_proj,768,dtd,stanford-cars,8,18,coupling,24,0.8549134135246277,0.8552326560020447,0.010416666666666666,0.010784741413469115,0.01114855877434214,0.8444967468579611,0.8441286721111586,0.8440840972277025,0.0003069266676902771,0.8438217454434683
encoder.layers.0.self_attn.v_proj,768,dtd,sun397,8,18,coupling,24,0.8613927960395813,0.861426830291748,0.010416666666666666,0.011215683538466692,0.01197993072370688,0.8509761293729147,0.8501771125011146,0.8494468995680412,0.0003069266676902771,0.8498701858334243
encoder.layers.0.self_attn.v_proj,768,dtd,svhn,8,18,coupling,24,0.7698188424110413,0.770517885684967,0.010416666666666666,0.009894508053548634,0.010284505202434957,0.7594021757443746,0.7599243343574926,0.7602333804825321,0.0003069266676902771,0.7596174076898023
encoder.layers.0.self_attn.v_proj,768,eurosat,gtsrb,8,18,coupling,24,0.7577104568481445,0.7612320184707642,0.010416666666666666,0.009737541666254401,0.010614689672365785,0.7472937901814779,0.7479729151818901,0.7506173287983984,0.0003069266676902771,0.7476659885141999
encoder.layers.0.self_attn.v_proj,768,eurosat,mnist,8,18,coupling,24,0.7235528826713562,0.7240641713142395,0.010416666666666666,0.011236712181319794,0.01189075072761625,0.7131362160046896,0.7123161704900364,0.7121734205866233,0.0003069266676902771,0.7120092438223461
encoder.layers.0.self_attn.v_proj,768,eurosat,resisc45,8,18,coupling,24,0.7952709197998047,0.7963780760765076,0.010416666666666666,0.010488897173975905,0.01102225505746901,0.7848542531331381,0.7847820226258287,0.7853558210190386,0.0003069266676902771,0.7844750959581385
encoder.layers.0.self_attn.v_proj,768,eurosat,stanford-cars,8,18,coupling,24,0.7556795477867126,0.7582798004150391,0.010416666666666666,0.011052919706950584,0.011442793688426415,0.745262881120046,0.7446266280797621,0.7468370067266127,0.0003069266676902771,0.7443197014120718
encoder.layers.0.self_attn.v_proj,768,eurosat,sun397,8,18,coupling,24,0.8245124220848083,0.824266254901886,0.010416666666666666,0.01018426800146699,0.010908405451724926,0.8140957554181417,0.8143281540833414,0.8133578494501611,0.0003069266676902771,0.8140212274156511
encoder.layers.0.self_attn.v_proj,768,eurosat,svhn,8,18,coupling,24,0.8277668952941895,0.8284727334976196,0.010416666666666666,0.010678649375525614,0.011030792957171798,0.8173502286275228,0.8170882459186638,0.8174419405404478,0.0003069266676902771,0.8167813192509735
encoder.layers.0.self_attn.v_proj,768,gtsrb,mnist,8,18,coupling,24,0.865841805934906,0.8661845326423645,0.010416666666666666,0.01089665456674993,0.011612742207944393,0.8554251392682394,0.8549451513681561,0.8545717904344201,0.0003069266676902771,0.8546382247004658
encoder.layers.0.self_attn.v_proj,768,gtsrb,resisc45,8,18,coupling,24,0.8503182530403137,0.8511682748794556,0.010416666666666666,0.00994088527901719,0.010505133774131536,0.8399015863736471,0.8403773677612966,0.840663141105324,0.0003069266676902771,0.8400704410936063
encoder.layers.0.self_attn.v_proj,768,gtsrb,stanford-cars,8,18,coupling,24,0.8515750765800476,0.8545694351196289,0.010416666666666666,0.01026424296045055,0.011033949675038457,0.841158409913381,0.841310833619597,0.8435354854445904,0.0003069266676902771,0.8410039069519067
encoder.layers.0.self_attn.v_proj,768,gtsrb,sun397,8,18,coupling,24,0.8260741233825684,0.8295260071754456,0.010416666666666666,0.010645692624772588,0.011264401332785686,0.8156574567159017,0.8154284307577958,0.8182616058426598,0.0003069266676902771,0.8151215040901055
encoder.layers.0.self_attn.v_proj,768,gtsrb,svhn,8,18,coupling,24,0.7894923686981201,0.7917372584342957,0.010416666666666666,0.010421210977559289,0.011200678767636418,0.7790757020314535,0.7790711577205608,0.7805365796666592,0.0003069266676902771,0.7787642310528705
encoder.layers.0.self_attn.v_proj,768,mnist,resisc45,8,18,coupling,24,0.7939798831939697,0.7961874008178711,0.010416666666666666,0.010493439311782518,0.011201016527290145,0.7835632165273031,0.7834864438821872,0.784986384290581,0.0003069266676902771,0.783179517214497
encoder.layers.0.self_attn.v_proj,768,mnist,stanford-cars,8,18,coupling,24,0.8129289746284485,0.8147078156471252,0.010416666666666666,0.010058716288767755,0.010424128655965129,0.8025123079617819,0.8028702583396807,0.8042836869911602,0.0003069266676902771,0.8025633316719905
encoder.layers.0.self_attn.v_proj,768,mnist,sun397,8,18,coupling,24,0.8096389770507812,0.8126927614212036,0.010416666666666666,0.010462904581800103,0.011168143013492227,0.7992223103841146,0.7991760724689811,0.8015246184077114,0.0003069266676902771,0.7988691458012909
encoder.layers.0.self_attn.v_proj,768,mnist,svhn,8,18,coupling,24,0.7491620779037476,0.7495831251144409,0.010416666666666666,0.01120963083424916,0.011516916293961307,0.7387454112370809,0.7379524470694984,0.7380662088204796,0.0003069266676902771,0.7376455204018081
encoder.layers.0.self_attn.v_proj,768,resisc45,stanford-cars,8,18,coupling,24,0.852604329586029,0.854964554309845,0.010416666666666666,0.010153500130400062,0.010774162753174702,0.8421876629193624,0.842450829455629,0.8441903915566703,0.0003069266676902771,0.8421439027879387
encoder.layers.0.self_attn.v_proj,768,resisc45,sun397,8,18,coupling,24,0.8558996915817261,0.8581703901290894,0.010416666666666666,0.011386082042008638,0.012153075775131583,0.8454830249150594,0.8445136095397174,0.8460173143539578,0.0003069266676902771,0.8442066828720272
encoder.layers.0.self_attn.v_proj,768,resisc45,svhn,8,18,coupling,24,0.799083411693573,0.79936683177948,0.010416666666666666,0.010272925758423904,0.011033102093885342,0.7886667450269064,0.7888104859351491,0.7883337296855947,0.0003069266676902771,0.7885035592674589
encoder.layers.0.self_attn.v_proj,768,stanford-cars,sun397,8,18,coupling,24,0.9344698190689087,0.9350242018699646,0.010416666666666666,0.010388773788387576,0.010920294793322682,0.9240531524022421,0.9240810452805212,0.9241039070766419,0.0003069266676902771,0.9237741186128309
encoder.layers.0.self_attn.v_proj,768,stanford-cars,svhn,8,18,coupling,24,0.7472550868988037,0.7475927472114563,0.010416666666666666,0.011167719339330992,0.01147218506472806,0.7368384202321371,0.7360873675594727,0.7361205621467283,0.0003069266676902771,0.7357804408917824
encoder.layers.0.self_attn.v_proj,768,sun397,svhn,8,18,coupling,24,0.7864357233047485,0.787391722202301,0.010416666666666666,0.010952426198249062,0.011592127537975708,0.7760190566380819,0.7754832971064994,0.7757995946643254,0.0003069266676902771,0.7751763704388092
encoder.layers.1.self_attn.q_proj,768,dtd,eurosat,8,26,coupling,29,0.6140627861022949,0.6154926419258118,0.010416666666666666,0.009358909369135896,0.009933423095693191,0.6036461194356283,0.6047038767331591,0.6055592188301185,-0.009235724806785583,0.6139396015399446
encoder.layers.1.self_attn.q_proj,768,dtd,gtsrb,8,26,coupling,29,0.6458101272583008,0.6444092392921448,0.010416666666666666,0.010135509422980249,0.010817888736103972,0.6353934605916342,0.6356746178353205,0.6335913505560408,-0.009235724806785583,0.6449103426421061
encoder.layers.1.self_attn.q_proj,768,dtd,mnist,8,26,coupling,29,0.6660144925117493,0.6597618460655212,0.010416666666666666,0.010154333586494127,0.010677163411552707,0.6555978258450826,0.6558601589252552,0.6490846826539686,-0.009235724806785583,0.6650958837320408
encoder.layers.1.self_attn.q_proj,768,dtd,resisc45,8,26,coupling,29,0.7101947665214539,0.7110750675201416,0.010416666666666666,0.010671936518823108,0.011040057676533857,0.6997780998547872,0.6995228300026307,0.7000350098436078,-0.009235724806785583,0.7087585548094163
encoder.layers.1.self_attn.q_proj,768,dtd,stanford-cars,8,26,coupling,29,0.6719707250595093,0.6670216917991638,0.010416666666666666,0.010721175310512384,0.011243081651628017,0.6615540583928426,0.6612495497489969,0.6557786101475358,-0.009235724806785583,0.6704852745557824
encoder.layers.1.self_attn.q_proj,768,dtd,sun397,8,26,coupling,29,0.677184522151947,0.669205367565155,0.010416666666666666,0.011803774939229092,0.012407860641057292,0.6667678554852804,0.6653807472127179,0.6567975069240978,-0.009235724806785583,0.6746164720195035
encoder.layers.1.self_attn.q_proj,768,dtd,svhn,8,26,coupling,29,0.6671725511550903,0.6590237617492676,0.010416666666666666,0.010331437030496696,0.01111159756934891,0.6567558844884237,0.6568411141245937,0.6479121641799187,-0.009235724806785583,0.6660768389313793
encoder.layers.1.self_attn.q_proj,768,eurosat,gtsrb,8,26,coupling,29,0.7307720184326172,0.730948269367218,0.010416666666666666,0.010855007295807203,0.011581258460258445,0.7203553517659506,0.71991701113681,0.7193670109069595,-0.009235724806785583,0.7291527359435955
encoder.layers.1.self_attn.q_proj,768,eurosat,mnist,8,26,coupling,29,0.6982623934745789,0.6987465620040894,0.010416666666666666,0.010753346684699258,0.011456919368356466,0.6878457268079122,0.6875090467898796,0.6872896426357329,-0.009235724806785583,0.6967447715966651
encoder.layers.1.self_attn.q_proj,768,eurosat,resisc45,8,26,coupling,29,0.6402382254600525,0.6421465873718262,0.010416666666666666,0.01089334573286275,0.011166836290309826,0.6298215587933859,0.6293448797271898,0.6309797510815164,-0.009235724806785583,0.6385806045339754
encoder.layers.1.self_attn.q_proj,768,eurosat,stanford-cars,8,26,coupling,29,0.6857780814170837,0.6915814876556396,0.010416666666666666,0.011091431292394796,0.011777710751630366,0.6753614147504171,0.674686650124689,0.6798037769040093,-0.009235724806785583,0.6839223749314746
encoder.layers.1.self_attn.q_proj,768,eurosat,sun397,8,26,coupling,29,0.606297492980957,0.6135530471801758,0.010416666666666666,0.010553644271567464,0.011091725900769234,0.5958808263142904,0.5957438487093896,0.6024613212794065,-0.009235724806785583,0.6049795735161752
encoder.layers.1.self_attn.q_proj,768,eurosat,svhn,8,26,coupling,29,0.7159950137138367,0.7157528400421143,0.010416666666666666,0.011041736307864388,0.011553319481511911,0.70557834704717,0.7049532774059722,0.7041995205606023,-0.009235724806785583,0.7141890022127578
encoder.layers.1.self_attn.q_proj,768,gtsrb,mnist,8,26,coupling,29,0.7129798531532288,0.7115171551704407,0.010416666666666666,0.010616573970764875,0.011564321195085844,0.7025631864865621,0.7023632791824639,0.6999528339753548,-0.009235724806785583,0.7115990039892495
encoder.layers.1.self_attn.q_proj,768,gtsrb,resisc45,8,26,coupling,29,0.7141391634941101,0.7135038375854492,0.010416666666666666,0.010815317354475459,0.011608974232027927,0.7037224968274435,0.7033238461396346,0.7018948633534213,-0.009235724806785583,0.7125595709464202
encoder.layers.1.self_attn.q_proj,768,gtsrb,stanford-cars,8,26,coupling,29,0.7145101428031921,0.7099241614341736,0.010416666666666666,0.01067829915943245,0.011178898625075817,0.7040934761365255,0.7038318436437597,0.6987452628090978,-0.009235724806785583,0.7130675684505453
encoder.layers.1.self_attn.q_proj,768,gtsrb,sun397,8,26,coupling,29,0.6860760450363159,0.6916422843933105,0.010416666666666666,0.010875957862784466,0.011259581428021193,0.6756593783696493,0.6752000871735314,0.6803827029652894,-0.009235724806785583,0.684435811980317
encoder.layers.1.self_attn.q_proj,768,gtsrb,svhn,8,26,coupling,29,0.7192562222480774,0.7190592288970947,0.010416666666666666,0.011082143522799015,0.011764335135618845,0.7088395555814108,0.7081740787252784,0.7072948937614759,-0.009235724806785583,0.717409803532064
encoder.layers.1.self_attn.q_proj,768,mnist,resisc45,8,26,coupling,29,0.617063045501709,0.6183415055274963,0.010416666666666666,0.010787159902974963,0.011177402882215878,0.6066463788350424,0.606275885598734,0.6071641026452804,-0.009235724806785583,0.6155116104055196
encoder.layers.1.self_attn.q_proj,768,mnist,stanford-cars,8,26,coupling,29,0.6468287706375122,0.6451997756958008,0.010416666666666666,0.010073443215029934,0.010506204795092344,0.6364121039708456,0.6367553274224823,0.6346935709007084,-0.009235724806785583,0.6459910522292679
encoder.layers.1.self_attn.q_proj,768,mnist,sun397,8,26,coupling,29,0.6681233644485474,0.674606442451477,0.010416666666666666,0.010582861063691476,0.010932339277739326,0.6577066977818807,0.6575405033848559,0.6636741031737378,-0.009235724806785583,0.6667762281916415
encoder.layers.1.self_attn.q_proj,768,mnist,svhn,8,26,coupling,29,0.6549490690231323,0.6560533046722412,0.010416666666666666,0.011233533034101129,0.01173248584382236,0.6445324023564657,0.6437155359890312,0.6443208188284189,-0.009235724806785583,0.6529512607958168
encoder.layers.1.self_attn.q_proj,768,resisc45,stanford-cars,8,26,coupling,29,0.6831221580505371,0.6757903695106506,0.010416666666666666,0.009996211311469475,0.010525739596535763,0.6727054913838705,0.6731259467390677,0.6652646299141148,-0.009235724806785583,0.6823616715458533
encoder.layers.1.self_attn.q_proj,768,resisc45,sun397,8,26,coupling,29,0.6833614110946655,0.6792923212051392,0.010416666666666666,0.011300993928064903,0.01185222303805252,0.6729447444279989,0.6720604171666006,0.6674400981670866,-0.009235724806785583,0.6812961419733862
encoder.layers.1.self_attn.q_proj,768,resisc45,svhn,8,26,coupling,29,0.6992385983467102,0.697371244430542,0.010416666666666666,0.011183855822309852,0.011418141735096773,0.6888219316800436,0.6880547425244004,0.6859531026954452,-0.009235724806785583,0.6972904673311859
encoder.layers.1.self_attn.q_proj,768,stanford-cars,sun397,8,26,coupling,29,0.7114939093589783,0.7189462184906006,0.010416666666666666,0.01067780563607812,0.011413459045191606,0.7010772426923116,0.7008161037229002,0.7075327594454089,-0.009235724806785583,0.7100518285296857
encoder.layers.1.self_attn.q_proj,768,stanford-cars,svhn,8,26,coupling,29,0.6795571446418762,0.6732759475708008,0.010416666666666666,0.010114605072885752,0.010714912631859383,0.6691404779752096,0.6694425395689905,0.6625610349389414,-0.009235724806785583,0.678678264375776
encoder.layers.1.self_attn.q_proj,768,sun397,svhn,8,26,coupling,29,0.6082274913787842,0.6046305894851685,0.010416666666666666,0.010189279797486961,0.010398359969258308,0.5978108247121176,0.5980382115812972,0.5942322295159101,-0.009235724806785583,0.6072739363880828
encoder.layers.1.self_attn.v_proj,768,dtd,eurosat,8,26,coupling,29,0.7019707560539246,0.701684296131134,0.010416666666666666,0.010061118906984726,0.011007803841494024,0.6915540893872579,0.6919096371469399,0.69067649228964,-0.007125094532966614,0.6990347316799065
encoder.layers.1.self_attn.v_proj,768,dtd,gtsrb,8,26,coupling,29,0.7608205080032349,0.7626638412475586,0.010416666666666666,0.010950769452999035,0.012058862989457944,0.7504038413365682,0.7498697385502359,0.7506049782581007,-0.007125094532966614,0.7569948330832025
encoder.layers.1.self_attn.v_proj,768,dtd,mnist,8,26,coupling,29,0.6900030374526978,0.685100257396698,0.010416666666666666,0.01064191129989922,0.011433424893766642,0.6795863707860311,0.6793611261527985,0.6736668325029314,-0.007125094532966614,0.6864862206857651
encoder.layers.1.self_attn.v_proj,768,dtd,resisc45,8,26,coupling,29,0.8405689001083374,0.8394083976745605,0.010416666666666666,0.010356580023653805,0.011405768881862363,0.8301522334416708,0.8302123200846836,0.8280026287926981,-0.007125094532966614,0.8373374146176502
encoder.layers.1.self_attn.v_proj,768,dtd,stanford-cars,8,26,coupling,29,0.899802029132843,0.9090701341629028,0.010416666666666666,0.0100216050632298,0.010580689374667903,0.8893853624661764,0.8897804240696132,0.8984894447882349,-0.007125094532966614,0.8969055186025798
encoder.layers.1.self_attn.v_proj,768,dtd,sun397,8,26,coupling,29,0.9180780053138733,0.9283183217048645,0.010416666666666666,0.010461662391511103,0.011634156884004673,0.9076613386472067,0.9076163429223622,0.9166841648208598,-0.007125094532966614,0.9147414374553288
encoder.layers.1.self_attn.v_proj,768,dtd,svhn,8,26,coupling,29,0.7150135040283203,0.7181473970413208,0.010416666666666666,0.010286090546287596,0.01130672226039072,0.7045968373616537,0.7047274134820327,0.70684067478093,-0.007125094532966614,0.7118525080149993
encoder.layers.1.self_attn.v_proj,768,eurosat,gtsrb,8,26,coupling,29,0.7330888509750366,0.7305644750595093,0.010416666666666666,0.010375897012030086,0.011371243046596646,0.72267218430837,0.7227129539630065,0.7191932320129126,-0.007125094532966614,0.7298380484959731
encoder.layers.1.self_attn.v_proj,768,eurosat,mnist,8,26,coupling,29,0.6352990865707397,0.6352691650390625,0.010416666666666666,0.009845088546474775,0.010472876640657583,0.6248824199040731,0.6254539980242649,0.624796288398405,-0.007125094532966614,0.6325790925572315
encoder.layers.1.self_attn.v_proj,768,eurosat,resisc45,8,26,coupling,29,0.7712793350219727,0.7652143836021423,0.010416666666666666,0.009784165071323514,0.010881268884986639,0.760862668355306,0.7614951699506491,0.7543331147171557,-0.007125094532966614,0.7686202644836158
encoder.layers.1.self_attn.v_proj,768,eurosat,stanford-cars,8,26,coupling,29,0.682660698890686,0.6865751147270203,0.010416666666666666,0.011016062926501036,0.012095007812604308,0.6722440322240194,0.671644635964185,0.674480106914416,-0.007125094532966614,0.6787697304971516
encoder.layers.1.self_attn.v_proj,768,eurosat,sun397,8,26,coupling,29,0.6675993204116821,0.668294370174408,0.010416666666666666,0.0110163864834855,0.01200473913922906,0.6571826537450155,0.6565829339281967,0.6562896310351789,-0.007125094532966614,0.6637080284611633
encoder.layers.1.self_attn.v_proj,768,eurosat,svhn,8,26,coupling,29,0.7394441962242126,0.7406275868415833,0.010416666666666666,0.01074822301355501,0.01152876663642625,0.729027529557546,0.7286959732106576,0.729098820205157,-0.007125094532966614,0.7358210677436242
encoder.layers.1.self_attn.v_proj,768,gtsrb,mnist,8,26,coupling,29,0.7142270803451538,0.7125402688980103,0.010416666666666666,0.010482152613500753,0.011215462815016508,0.7038104136784872,0.7037449277316531,0.7013248060829937,-0.007125094532966614,0.7108700222646197
encoder.layers.1.self_attn.v_proj,768,gtsrb,resisc45,8,26,coupling,29,0.7594535946846008,0.7591488361358643,0.010416666666666666,0.010381660501783093,0.011473691867043575,0.7490369280179342,0.7490719341828177,0.7476751442688206,-0.007125094532966614,0.7561970287157843
encoder.layers.1.self_attn.v_proj,768,gtsrb,stanford-cars,8,26,coupling,29,0.7721965909004211,0.7764962911605835,0.010416666666666666,0.010902569474031528,0.012032558132583896,0.7617799242337545,0.7612940214263896,0.7644637330279996,-0.007125094532966614,0.7684191159593562
encoder.layers.1.self_attn.v_proj,768,gtsrb,sun397,8,26,coupling,29,0.7907665371894836,0.7909335494041443,0.010416666666666666,0.010616653133183718,0.01177338456424574,0.780349870522817,0.7801498840562999,0.7791601648398986,-0.007125094532966614,0.7872749785892665
encoder.layers.1.self_attn.v_proj,768,gtsrb,svhn,8,26,coupling,29,0.8213200569152832,0.8224442005157471,0.010416666666666666,0.009672621303858856,0.010623817254478732,0.8109033902486166,0.8116474356114244,0.8118203832612684,-0.007125094532966614,0.818772530144391
encoder.layers.1.self_attn.v_proj,768,mnist,resisc45,8,26,coupling,29,0.6833090782165527,0.6817298531532288,0.010416666666666666,0.010012912719200054,0.01061980069304506,0.6728924115498861,0.6732961654973527,0.6711100524601837,-0.007125094532966614,0.6804212600303193
encoder.layers.1.self_attn.v_proj,768,mnist,stanford-cars,8,26,coupling,29,0.7034747004508972,0.7014437913894653,0.010416666666666666,0.010712596393811205,0.011786293626452485,0.6930580337842306,0.692762104057086,0.6896574977630129,-0.007125094532966614,0.6998871985900527
encoder.layers.1.self_attn.v_proj,768,mnist,sun397,8,26,coupling,29,0.6938867568969727,0.6927489042282104,0.010416666666666666,0.009704669704660773,0.010484707968619963,0.683470090230306,0.6841820871923119,0.6822641962595904,-0.007125094532966614,0.6913071817252785
encoder.layers.1.self_attn.v_proj,768,mnist,svhn,8,26,coupling,29,0.6769927740097046,0.6772185564041138,0.010416666666666666,0.010913537776408097,0.011730552650988102,0.666576107343038,0.6660792362332965,0.6654880037531257,-0.007125094532966614,0.6732043307662631
encoder.layers.1.self_attn.v_proj,768,resisc45,stanford-cars,8,26,coupling,29,0.7888447642326355,0.792839527130127,0.010416666666666666,0.010500279488041997,0.011377969213450948,0.7784280975659689,0.7783444847445935,0.781461557916676,-0.007125094532966614,0.7854695792775601
encoder.layers.1.self_attn.v_proj,768,resisc45,sun397,8,26,coupling,29,0.8007112741470337,0.8055250644683838,0.010416666666666666,0.010919670108705759,0.012146059268464645,0.7902946074803671,0.7897916040383279,0.7933790051999191,-0.007125094532966614,0.7969166985712945
encoder.layers.1.self_attn.v_proj,768,resisc45,svhn,8,26,coupling,29,0.7359336018562317,0.7336841225624084,0.010416666666666666,0.009668711883326372,0.010358176194131374,0.7255169351895651,0.7262648899729053,0.7233259463682771,-0.007125094532966614,0.7333899845058719
encoder.layers.1.self_attn.v_proj,768,stanford-cars,sun397,8,26,coupling,29,0.9380807876586914,0.9480302333831787,0.010416666666666666,0.01093339710496366,0.011910964269191027,0.9276641209920248,0.9271473905537277,0.9361192691139877,-0.007125094532966614,0.9342724850866944
encoder.layers.1.self_attn.v_proj,768,stanford-cars,svhn,8,26,coupling,29,0.7054590582847595,0.7111232280731201,0.010416666666666666,0.009759694221429527,0.010888067229340473,0.6950423916180929,0.69569936406333,0.7002351608437797,-0.007125094532966614,0.7028244585962966
encoder.layers.1.self_attn.v_proj,768,sun397,svhn,8,26,coupling,29,0.7274208664894104,0.7277259230613708,0.010416666666666666,0.01048808249955376,0.011401554647212228,0.7170041998227438,0.7169327839898566,0.7163243684141586,-0.007125094532966614,0.7240578785228232
encoder.layers.10.self_attn.q_proj,768,dtd,eurosat,8,18,coupling,32,0.5972617864608765,0.6006272435188293,0.010416666666666666,0.010318025713786483,0.011641303620611628,0.5868451197942098,0.58694376074709,0.5889859398982177,-0.014833226799964905,0.6017769875470549
encoder.layers.10.self_attn.q_proj,768,dtd,gtsrb,8,18,coupling,32,0.6035707592964172,0.6075063943862915,0.010416666666666666,0.010350046368936697,0.01167914605078598,0.5931540926297506,0.5932207129274806,0.5958272483355055,-0.014833226799964905,0.6080539397274455
encoder.layers.10.self_attn.q_proj,768,dtd,mnist,8,18,coupling,32,0.6045555472373962,0.6096774339675903,0.010416666666666666,0.011374415829777718,0.012693474069237709,0.5941388805707296,0.5931811314076185,0.5969839598983526,-0.014833226799964905,0.6080143582075834
encoder.layers.10.self_attn.q_proj,768,dtd,resisc45,8,18,coupling,32,0.535533607006073,0.5337742567062378,0.010416666666666666,0.010582551437740525,0.01224596262909472,0.5251169403394064,0.5249510555683324,0.5215282940771431,-0.014833226799964905,0.5397842823682973
encoder.layers.10.self_attn.q_proj,768,dtd,stanford-cars,8,18,coupling,32,0.6169911623001099,0.6165924072265625,0.010416666666666666,0.01050503645092249,0.011687530282263955,0.6065744956334432,0.6064861258491874,0.6049048769442985,-0.014833226799964905,0.6213193526491523
encoder.layers.10.self_attn.q_proj,768,dtd,sun397,8,18,coupling,32,0.6931530237197876,0.6982914805412292,0.010416666666666666,0.010169019845003882,0.011998040679221353,0.682736357053121,0.6829840038747838,0.6862934398620079,-0.014833226799964905,0.6978172306747487
encoder.layers.10.self_attn.q_proj,768,dtd,svhn,8,18,coupling,32,0.6158754825592041,0.6162424683570862,0.010416666666666666,0.00987884735999008,0.011171255415926376,0.6054588158925375,0.605996635199214,0.6050712129411598,-0.014833226799964905,0.6208298619991789
encoder.layers.10.self_attn.q_proj,768,eurosat,gtsrb,8,18,coupling,32,0.5920930504798889,0.5960060954093933,0.010416666666666666,0.00967262964695692,0.011208941228687763,0.5816763838132223,0.582420420832932,0.5847971541807055,-0.014833226799964905,0.5972536476328969
encoder.layers.10.self_attn.q_proj,768,eurosat,mnist,8,18,coupling,32,0.5501312613487244,0.5569372177124023,0.010416666666666666,0.010647703660652041,0.01208364125341177,0.5397145946820577,0.5394835576880723,0.5448535764589906,-0.014833226799964905,0.5543167844880372
encoder.layers.10.self_attn.q_proj,768,eurosat,resisc45,8,18,coupling,32,0.7307042479515076,0.7371850609779358,0.010416666666666666,0.01146202472349008,0.013132004688183466,0.7202875812848409,0.7192422232280175,0.7240530562897524,-0.014833226799964905,0.7340754500279824
encoder.layers.10.self_attn.q_proj,768,eurosat,stanford-cars,8,18,coupling,32,0.614274799823761,0.6165106296539307,0.010416666666666666,0.010745442006736994,0.01288498107654353,0.6038581331570944,0.603529357817024,0.6036256485773871,-0.014833226799964905,0.6183625846169889
encoder.layers.10.self_attn.q_proj,768,eurosat,sun397,8,18,coupling,32,0.6499845385551453,0.6524809002876282,0.010416666666666666,0.011591445926266411,0.01369350760554274,0.6395678718884786,0.6383930926288789,0.6387873926820854,-0.014833226799964905,0.6532263194288438
encoder.layers.10.self_attn.q_proj,768,eurosat,svhn,8,18,coupling,32,0.5888803005218506,0.5903432965278625,0.010416666666666666,0.010486176470294595,0.011474417289718986,0.578463633855184,0.578394124051556,0.5788688792381436,-0.014833226799964905,0.5932273508515209
encoder.layers.10.self_attn.q_proj,768,gtsrb,mnist,8,18,coupling,32,0.5573853850364685,0.5599066019058228,0.010416666666666666,0.010796759743243456,0.012388321183001002,0.5469687183698019,0.546588625293225,0.5475182807228217,-0.014833226799964905,0.56142185209319
encoder.layers.10.self_attn.q_proj,768,gtsrb,resisc45,8,18,coupling,32,0.5545525550842285,0.5609921813011169,0.010416666666666666,0.010578039412697157,0.011808988638222218,0.5441358884175619,0.5439745156715313,0.5491831926628947,-0.014833226799964905,0.5588077424714962
encoder.layers.10.self_attn.q_proj,768,gtsrb,stanford-cars,8,18,coupling,32,0.6110426783561707,0.6157016754150391,0.010416666666666666,0.009821750068416199,0.010783002867052952,0.600626011689504,0.6012209282877544,0.6049186725479861,-0.014833226799964905,0.6160541550877193
encoder.layers.10.self_attn.q_proj,768,gtsrb,sun397,8,18,coupling,32,0.6285305619239807,0.6312734484672546,0.010416666666666666,0.011251072321708003,0.013412487227469683,0.6181138952573141,0.6172794896022727,0.617860961239785,-0.014833226799964905,0.6321127164022377
encoder.layers.10.self_attn.q_proj,768,gtsrb,svhn,8,18,coupling,32,0.6255424618721008,0.6296254992485046,0.010416666666666666,0.010874937831734618,0.012599992022539178,0.6151257952054342,0.6146675240403662,0.6170255072259655,-0.014833226799964905,0.6295007508403311
encoder.layers.10.self_attn.q_proj,768,mnist,resisc45,8,18,coupling,32,0.5156484246253967,0.5186551809310913,0.010416666666666666,0.010248357818151513,0.011433160436960558,0.5052317579587301,0.5054000668072453,0.5072220204941308,-0.014833226799964905,0.5202332936072102
encoder.layers.10.self_attn.q_proj,768,mnist,stanford-cars,8,18,coupling,32,0.6070289611816406,0.6088987588882446,0.010416666666666666,0.010695098744084438,0.011722704162821174,0.596612294514974,0.5963338624375562,0.5971760547254235,-0.014833226799964905,0.611167089237521
encoder.layers.10.self_attn.q_proj,768,mnist,sun397,8,18,coupling,32,0.6456549167633057,0.646885871887207,0.010416666666666666,0.011272490800668796,0.012754620285704732,0.635238250096639,0.6343824259626368,0.6341312516015023,-0.014833226799964905,0.6492156527626017
encoder.layers.10.self_attn.q_proj,768,mnist,svhn,8,18,coupling,32,0.7023549675941467,0.703020453453064,0.010416666666666666,0.010773478619133433,0.011928704722474018,0.6919383009274801,0.6915814889750133,0.69109174873059,-0.014833226799964905,0.7064147157749782
encoder.layers.10.self_attn.q_proj,768,resisc45,stanford-cars,8,18,coupling,32,0.5902308225631714,0.5937836170196533,0.010416666666666666,0.010276456324694058,0.011488817011316618,0.5798141558965048,0.5799543662384773,0.5822948000083367,-0.014833226799964905,0.5947875930384422
encoder.layers.10.self_attn.q_proj,768,resisc45,sun397,8,18,coupling,32,0.6487868428230286,0.6471925973892212,0.010416666666666666,0.01099282611782352,0.01276679732836783,0.6383701761563619,0.6377940167052051,0.6344258000608534,-0.014833226799964905,0.65262724350517
encoder.layers.10.self_attn.q_proj,768,resisc45,svhn,8,18,coupling,32,0.5366358757019043,0.541907012462616,0.010416666666666666,0.01023119369832178,0.011119267204776406,0.5262192090352377,0.5264046820035825,0.5307877452578396,-0.014833226799964905,0.5412379088035474
encoder.layers.10.self_attn.q_proj,768,stanford-cars,sun397,8,18,coupling,32,0.6095287203788757,0.6093823909759521,0.010416666666666666,0.010887536763524016,0.012051003985106945,0.5991120537122091,0.5986411836153517,0.5973313869908452,-0.014833226799964905,0.6134744104153166
encoder.layers.10.self_attn.q_proj,768,stanford-cars,svhn,8,18,coupling,32,0.5666486620903015,0.566109299659729,0.010416666666666666,0.010946256729463736,0.01183206751011312,0.5562319954236349,0.5557024053608378,0.5542772321496159,-0.014833226799964905,0.5705356321608027
encoder.layers.10.self_attn.q_proj,768,sun397,svhn,8,18,coupling,32,0.6044261455535889,0.6037502884864807,0.010416666666666666,0.011729670921340585,0.013200607926895222,0.5940094788869222,0.5926964746322483,0.5905496805595855,-0.014833226799964905,0.6075297014322132
encoder.layers.10.self_attn.v_proj,768,dtd,eurosat,8,18,coupling,32,0.6184102296829224,0.6140131950378418,0.010416666666666666,0.010675630221764246,0.012170498259365559,0.6079935630162557,0.6077345994611582,0.6018426967784762,-0.0023511946201324463,0.6100857940812906
encoder.layers.10.self_attn.v_proj,768,dtd,gtsrb,8,18,coupling,32,0.694326639175415,0.6886146664619446,0.010416666666666666,0.009461749849530557,0.010945320672666034,0.6839099725087484,0.6848648893258845,0.6776693457892785,-0.0023511946201324463,0.687216083946017
encoder.layers.10.self_attn.v_proj,768,dtd,mnist,8,18,coupling,32,0.5434560775756836,0.5464603900909424,0.010416666666666666,0.010813440390241643,0.012833374241987864,0.533039410909017,0.5326426371854419,0.5336270158489546,-0.0023511946201324463,0.5349938318055744
encoder.layers.10.self_attn.v_proj,768,dtd,resisc45,8,18,coupling,32,0.6987375020980835,0.6999302506446838,0.010416666666666666,0.010018106821614007,0.011410998490949472,0.6883208354314169,0.6887193952764695,0.6885192521537343,-0.0023511946201324463,0.691070589896602
encoder.layers.10.self_attn.v_proj,768,dtd,stanford-cars,8,18,coupling,32,0.7202836275100708,0.7211833596229553,0.010416666666666666,0.009508446130591134,0.01118730412175258,0.7098669608434042,0.7107751813794797,0.7099960555012027,-0.0023511946201324463,0.7131263759996121
encoder.layers.10.self_attn.v_proj,768,dtd,sun397,8,18,coupling,32,0.6657587885856628,0.6674823760986328,0.010416666666666666,0.010087482320765654,0.011689971666783094,0.6553421219189962,0.6556713062648972,0.6557924044318497,-0.0023511946201324463,0.6580225008850297
encoder.layers.10.self_attn.v_proj,768,dtd,svhn,8,18,coupling,32,0.6526099443435669,0.6554182171821594,0.010416666666666666,0.009976789394083122,0.012203103707482418,0.6421932776769003,0.6426331549494838,0.643215113474677,-0.0023511946201324463,0.6449843495696163
encoder.layers.10.self_attn.v_proj,768,eurosat,gtsrb,8,18,coupling,32,0.6699753999710083,0.6699647307395935,0.010416666666666666,0.010373071379338702,0.011210306392361721,0.6595587333043417,0.6596023285916696,0.6587544243472317,-0.0023511946201324463,0.661953523211802
encoder.layers.10.self_attn.v_proj,768,eurosat,mnist,8,18,coupling,32,0.636793851852417,0.6286906599998474,0.010416666666666666,0.010661766476308307,0.012313634157180786,0.6263771851857504,0.6261320853761086,0.6163770258426666,-0.0023511946201324463,0.6284832799962411
encoder.layers.10.self_attn.v_proj,768,eurosat,resisc45,8,18,coupling,32,0.7450516819953918,0.7434176206588745,0.010416666666666666,0.01047749852295965,0.011484677476497987,0.7346350153287252,0.7345741834724322,0.7319329431823766,-0.0023511946201324463,0.7369253780925646
encoder.layers.10.self_attn.v_proj,768,eurosat,stanford-cars,8,18,coupling,32,0.5895035266876221,0.5873293876647949,0.010416666666666666,0.010188188248624405,0.01092834072187543,0.5790868600209554,0.5793153384389976,0.5764010469429195,-0.0023511946201324463,0.5816665330591301
encoder.layers.10.self_attn.v_proj,768,eurosat,sun397,8,18,coupling,32,0.6574333310127258,0.6577872037887573,0.010416666666666666,0.0102049948181957,0.011899562630181512,0.6470166643460592,0.6472283361945301,0.6458876411585758,-0.0023511946201324463,0.6495795308146626
encoder.layers.10.self_attn.v_proj,768,eurosat,svhn,8,18,coupling,32,0.6227330565452576,0.6204878091812134,0.010416666666666666,0.010868007705236474,0.011969267390668392,0.6123163898785909,0.6118650488400211,0.608518541790545,-0.0023511946201324463,0.6142162434601536
encoder.layers.10.self_attn.v_proj,768,gtsrb,mnist,8,18,coupling,32,0.636283278465271,0.6358789205551147,0.010416666666666666,0.010120148304849863,0.011633325212945541,0.6258666117986044,0.6261631301604211,0.6242455953421692,-0.0023511946201324463,0.6285143247805536
encoder.layers.10.self_attn.v_proj,768,gtsrb,resisc45,8,18,coupling,32,0.6928162574768066,0.6905036568641663,0.010416666666666666,0.009721642243675888,0.010952985690285763,0.68239959081014,0.6830946152331308,0.6795506711738805,-0.0023511946201324463,0.6854458098532632
encoder.layers.10.self_attn.v_proj,768,gtsrb,stanford-cars,8,18,coupling,32,0.6428030729293823,0.641604483127594,0.010416666666666666,0.010997352500756582,0.011545822179565826,0.6323864062627157,0.6318057204286257,0.6300586609480282,-0.0023511946201324463,0.6341569150487582
encoder.layers.10.self_attn.v_proj,768,gtsrb,sun397,8,18,coupling,32,0.6596043109893799,0.665093183517456,0.010416666666666666,0.009607962837132314,0.011507503067453703,0.6491876443227133,0.6499963481522476,0.6535856804500023,-0.0023511946201324463,0.65234754277238
encoder.layers.10.self_attn.v_proj,768,gtsrb,svhn,8,18,coupling,32,0.7066259980201721,0.7033012509346008,0.010416666666666666,0.010148915695026517,0.01167226342173914,0.6962093313535055,0.6964770823251456,0.6916289875128617,-0.0023511946201324463,0.698828276945278
encoder.layers.10.self_attn.v_proj,768,mnist,resisc45,8,18,coupling,32,0.6313338875770569,0.6293209195137024,0.010416666666666666,0.010975681090106567,0.012117758160457015,0.6209172209103903,0.6203582064869503,0.6172031613532454,-0.0023511946201324463,0.6227094011070827
encoder.layers.10.self_attn.v_proj,768,mnist,stanford-cars,8,18,coupling,32,0.592140257358551,0.589289128780365,0.010416666666666666,0.011364273959770799,0.012652392887199918,0.5817235906918844,0.5807759833987802,0.5766367358931651,-0.0023511946201324463,0.5831271780189127
encoder.layers.10.self_attn.v_proj,768,mnist,sun397,8,18,coupling,32,0.5897634029388428,0.5859056711196899,0.010416666666666666,0.010753390612080693,0.012445689722274741,0.5793467362721761,0.5790100123267621,0.5734599813974152,-0.0023511946201324463,0.5813612069468945
encoder.layers.10.self_attn.v_proj,768,mnist,svhn,8,18,coupling,32,0.7004452347755432,0.7035773396492004,0.010416666666666666,0.011132857374226054,0.01280483603477478,0.6900285681088766,0.6893123774013171,0.6907725036144257,-0.0023511946201324463,0.6916635720214496
encoder.layers.10.self_attn.v_proj,768,resisc45,stanford-cars,8,18,coupling,32,0.698174774646759,0.6964448690414429,0.010416666666666666,0.010368668396646777,0.011223918991163373,0.6877581079800924,0.6878061062501123,0.6852209500502795,-0.0023511946201324463,0.6901573008702447
encoder.layers.10.self_attn.v_proj,768,resisc45,sun397,8,18,coupling,32,0.695974588394165,0.6982666850090027,0.010416666666666666,0.01116624497808516,0.012663209810853004,0.6855579217274984,0.6848083434160799,0.6856034751981497,-0.0023511946201324463,0.6871595380362123
encoder.layers.10.self_attn.v_proj,768,resisc45,svhn,8,18,coupling,32,0.6866074800491333,0.6850611567497253,0.010416666666666666,0.009777795678625504,0.011241415127490958,0.6761908133824667,0.6768296843705078,0.6738197416222343,-0.0023511946201324463,0.6791808789906403
encoder.layers.10.self_attn.v_proj,768,stanford-cars,sun397,8,18,coupling,32,0.6849949359893799,0.6884085536003113,0.010416666666666666,0.011453566141426563,0.012642729949826995,0.6745782693227133,0.6735413698479533,0.6757658236504843,-0.0023511946201324463,0.6758925644680858
encoder.layers.10.self_attn.v_proj,768,stanford-cars,svhn,8,18,coupling,32,0.6128973960876465,0.61500084400177,0.010416666666666666,0.011267247144132853,0.012869502340132991,0.6024807294209799,0.6016301489435136,0.6021313416616371,-0.0023511946201324463,0.6039813435636461
encoder.layers.10.self_attn.v_proj,768,sun397,svhn,8,18,coupling,32,0.6367439031600952,0.6432854533195496,0.010416666666666666,0.010834176326170564,0.01312096199641625,0.6263272364934286,0.6259097268339247,0.6301644913231333,-0.0023511946201324463,0.6282609214540571
encoder.layers.11.self_attn.q_proj,768,dtd,eurosat,8,7,coupling,31,0.6478913426399231,0.6523908376693726,0.010416666666666666,0.010208901017904282,0.012425611494109035,0.6374746759732565,0.6376824416220188,0.6399652261752635,0.0032292157411575317,0.6344532258808613
encoder.layers.11.self_attn.q_proj,768,dtd,gtsrb,8,7,coupling,31,0.7290799617767334,0.7252896428108215,0.010416666666666666,0.010583698633126915,0.011933480311806003,0.7186632951100668,0.7184962631436065,0.7133561624990156,0.0032292157411575317,0.715267047402449
encoder.layers.11.self_attn.q_proj,768,dtd,mnist,8,7,coupling,31,0.6556082963943481,0.652830183506012,0.010416666666666666,0.010385504302879175,0.011137301800772548,0.6451916297276815,0.6452227920914689,0.6416928817052394,0.0032292157411575317,0.6419935763503114
encoder.layers.11.self_attn.q_proj,768,dtd,resisc45,8,7,coupling,31,0.6058482527732849,0.6047282814979553,0.010416666666666666,0.010439208087821802,0.01268019814354678,0.5954315861066183,0.5954090446854631,0.5920480833544085,0.0032292157411575317,0.5921798289443055
encoder.layers.11.self_attn.q_proj,768,dtd,stanford-cars,8,7,coupling,31,0.5688296556472778,0.5587515830993652,0.010416666666666666,0.009575101314112544,0.011582496343180537,0.5584129889806112,0.5592545543331653,0.5471690867561847,0.0032292157411575317,0.5560253385920078
encoder.layers.11.self_attn.q_proj,768,dtd,sun397,8,7,coupling,31,0.717631459236145,0.7173464894294739,0.010416666666666666,0.010895416295776764,0.012739728592957059,0.7072147925694784,0.7067360429403683,0.7046067608365169,0.0032292157411575317,0.7035068271992108
encoder.layers.11.self_attn.q_proj,768,dtd,svhn,8,7,coupling,31,0.6939435005187988,0.6917102336883545,0.010416666666666666,0.010334712220355868,0.011979798087850213,0.6835268338521322,0.683608788298443,0.6797304356005043,0.0032292157411575317,0.6803795725572854
encoder.layers.11.self_attn.q_proj,768,eurosat,gtsrb,8,7,coupling,31,0.5886536240577698,0.5885518789291382,0.010416666666666666,0.010500236686008671,0.012046219625820717,0.5782369573911031,0.5781533873717611,0.5765056593033174,0.0032292157411575317,0.5749241716306036
encoder.layers.11.self_attn.q_proj,768,eurosat,mnist,8,7,coupling,31,0.49928608536720276,0.5004157423973083,0.010416666666666666,0.010014133450264731,0.011515756758550802,0.4888694187005361,0.489271951916938,0.48889998563875753,0.0032292157411575317,0.4860427361757805
encoder.layers.11.self_attn.q_proj,768,eurosat,resisc45,8,7,coupling,31,0.6754038333892822,0.6761419773101807,0.010416666666666666,0.010409233082706729,0.013168618238220612,0.6649871667226156,0.6649946003065755,0.6629733590719601,0.0032292157411575317,0.661765384565418
encoder.layers.11.self_attn.q_proj,768,eurosat,stanford-cars,8,7,coupling,31,0.531227707862854,0.5419053435325623,0.010416666666666666,0.010045936719203988,0.012001941058163842,0.5208110411961874,0.52118177114365,0.5299034024743984,0.0032292157411575317,0.5179525554024925
encoder.layers.11.self_attn.q_proj,768,eurosat,sun397,8,7,coupling,31,0.6151993274688721,0.6155989766120911,0.010416666666666666,0.010177226038649678,0.012566452225049337,0.6047826608022054,0.6050221014302224,0.6030325243870417,0.0032292157411575317,0.6017928856890649
encoder.layers.11.self_attn.q_proj,768,eurosat,svhn,8,7,coupling,31,0.542868435382843,0.5457725524902344,0.010416666666666666,0.009675018411750594,0.011858705431222916,0.5324517687161764,0.5331934169710925,0.5339138470590115,0.0032292157411575317,0.5299642012299349
encoder.layers.11.self_attn.q_proj,768,gtsrb,mnist,8,7,coupling,31,0.7012307047843933,0.6968794465065002,0.010416666666666666,0.010539443232119083,0.011617030715569854,0.6908140381177267,0.6906912615522742,0.6852624157909304,0.0032292157411575317,0.6874620458111167
encoder.layers.11.self_attn.q_proj,768,gtsrb,resisc45,8,7,coupling,31,0.5953408479690552,0.5958723425865173,0.010416666666666666,0.009968047806372246,0.011376638741542896,0.5849241813023885,0.5853728001626829,0.5844957038449744,0.0032292157411575317,0.5821435844215254
encoder.layers.11.self_attn.q_proj,768,gtsrb,stanford-cars,8,7,coupling,31,0.5850073099136353,0.5683994889259338,0.010416666666666666,0.009760414327805242,0.010931992825741569,0.5745906432469686,0.57524689558583,0.5574674961001923,0.0032292157411575317,0.5720176798446724
encoder.layers.11.self_attn.q_proj,768,gtsrb,sun397,8,7,coupling,31,0.676685094833374,0.6756238341331482,0.010416666666666666,0.011099063325673342,0.012483288999646902,0.6662684281667074,0.6655860315077007,0.6631405451335013,0.0032292157411575317,0.6623568157665431
encoder.layers.11.self_attn.q_proj,768,gtsrb,svhn,8,7,coupling,31,0.694331705570221,0.6876416802406311,0.010416666666666666,0.010606318479403853,0.01194000244140625,0.6839150389035543,0.6837253870908171,0.6757016777992249,0.0032292157411575317,0.6804961713496596
encoder.layers.11.self_attn.q_proj,768,mnist,resisc45,8,7,coupling,31,0.5959714651107788,0.5960488319396973,0.010416666666666666,0.010501699793773392,0.012117915321141481,0.5855547984441122,0.5854697653170055,0.5839309166185558,0.0032292157411575317,0.5822405495758479
encoder.layers.11.self_attn.q_proj,768,mnist,stanford-cars,8,7,coupling,31,0.5457921028137207,0.5431667566299438,0.010416666666666666,0.01033926522359252,0.01134927497090151,0.5353754361470541,0.5354528375901282,0.5318174816590423,0.0032292157411575317,0.5322236218489707
encoder.layers.11.self_attn.q_proj,768,mnist,sun397,8,7,coupling,31,0.5854632258415222,0.5870607495307922,0.010416666666666666,0.010686645788761476,0.01203326143634816,0.5750465591748556,0.5747765800527608,0.575027488094444,0.0032292157411575317,0.5715473643116032
encoder.layers.11.self_attn.q_proj,768,mnist,svhn,8,7,coupling,31,0.7358170747756958,0.7316668033599854,0.010416666666666666,0.01016396404399226,0.0113698518058906,0.7254004081090292,0.7256531107317036,0.7202969515540948,0.0032292157411575317,0.722423894990546
encoder.layers.11.self_attn.q_proj,768,resisc45,stanford-cars,8,7,coupling,31,0.5404642820358276,0.5532007217407227,0.010416666666666666,0.010618281861146292,0.012993449966112772,0.530047615369161,0.5298460001746813,0.5402072717746099,0.0032292157411575317,0.5266167844335238
encoder.layers.11.self_attn.q_proj,768,resisc45,sun397,8,7,coupling,31,0.6618935465812683,0.6640331745147705,0.010416666666666666,0.011124860184888044,0.013761544600129128,0.6514768799146017,0.6507686863963803,0.6502716299146414,0.0032292157411575317,0.6475394706552228
encoder.layers.11.self_attn.q_proj,768,resisc45,svhn,8,7,coupling,31,0.597182035446167,0.5938119888305664,0.010416666666666666,0.010881162248551846,0.013320396188646555,0.5867653687795004,0.5863008731976151,0.5804915926419199,0.0032292157411575317,0.5830716574564576
encoder.layers.11.self_attn.q_proj,768,stanford-cars,sun397,8,7,coupling,31,0.6251878142356873,0.6232149600982666,0.010416666666666666,0.01183236219609777,0.013789561111479998,0.6147711475690206,0.6133554520395895,0.6094253989867866,0.0032292157411575317,0.610126236298432
encoder.layers.11.self_attn.q_proj,768,stanford-cars,svhn,8,7,coupling,31,0.5815144777297974,0.5818635821342468,0.010416666666666666,0.011439874224985639,0.013473041743660966,0.5710978110631307,0.5700746035048118,0.5683905403905859,0.0032292157411575317,0.5668453877636542
encoder.layers.11.self_attn.q_proj,768,sun397,svhn,8,7,coupling,31,0.665818452835083,0.6639731526374817,0.010416666666666666,0.010345608461648226,0.011670341016724706,0.6554017861684164,0.6554728443734348,0.652302811620757,0.0032292157411575317,0.6522436286322773
encoder.layers.11.self_attn.v_proj,768,dtd,eurosat,8,7,coupling,31,0.6309974789619446,0.626289427280426,0.010416666666666666,0.010905082570388913,0.012670496633897224,0.620580812295278,0.6200923963915557,0.6136189306465288,0.0024399012327194214,0.6176524951588362
encoder.layers.11.self_attn.v_proj,768,dtd,gtsrb,8,7,coupling,31,0.6615620255470276,0.6642687320709229,0.010416666666666666,0.010666296972582737,0.01276519545353949,0.651145358880361,0.6508957285744449,0.6515035366173834,0.0024399012327194214,0.6484558273417255
encoder.layers.11.self_attn.v_proj,768,dtd,mnist,8,7,coupling,31,0.5714073181152344,0.5753539800643921,0.010416666666666666,0.009262036648578942,0.011095338190595308,0.5609906514485677,0.5621452814666554,0.5642586418737968,0.0024399012327194214,0.559705380233936
encoder.layers.11.self_attn.v_proj,768,dtd,resisc45,8,7,coupling,31,0.6535348892211914,0.6543383002281189,0.010416666666666666,0.01213212807973226,0.013564866269007325,0.6431182225545248,0.6414027611414591,0.6407734339591116,0.0024399012327194214,0.6389628599087397
encoder.layers.11.self_attn.v_proj,768,dtd,stanford-cars,8,7,coupling,31,0.6500095725059509,0.6500398516654968,0.010416666666666666,0.010454310026640693,0.012864836025983095,0.6395929058392843,0.6395552624793103,0.6371750156395137,0.0024399012327194214,0.6371153612465909
encoder.layers.11.self_attn.v_proj,768,dtd,sun397,8,7,coupling,31,0.7198852300643921,0.7219681143760681,0.010416666666666666,0.01158879091963172,0.014433863727996746,0.7094685633977255,0.7082964391447604,0.7075342506480714,0.0024399012327194214,0.705856537912041
encoder.layers.11.self_attn.v_proj,768,dtd,svhn,8,7,coupling,31,0.6109874248504639,0.614119827747345,0.010416666666666666,0.010299427473607162,0.01179631861547629,0.6005707581837972,0.6006879973768567,0.6023235091318687,0.0024399012327194214,0.5982480961441373
encoder.layers.11.self_attn.v_proj,768,eurosat,gtsrb,8,7,coupling,31,0.6278836727142334,0.6339247822761536,0.010416666666666666,0.011650016065686941,0.013354568431774775,0.6174670060475668,0.6162336566485465,0.6205702138443788,0.0024399012327194214,0.613793755415827
encoder.layers.11.self_attn.v_proj,768,eurosat,mnist,8,7,coupling,31,0.5919873118400574,0.5887517333030701,0.010416666666666666,0.011239084337527553,0.012533051815504829,0.5815706451733907,0.5807482275025299,0.5762186814875653,0.0024399012327194214,0.5783083262698104
encoder.layers.11.self_attn.v_proj,768,eurosat,resisc45,8,7,coupling,31,0.5735657811164856,0.5728023052215576,0.010416666666666666,0.010516109255452951,0.01221819749722878,0.563149114449819,0.5630496718610326,0.5605841077243289,0.0024399012327194214,0.5606097706283132
encoder.layers.11.self_attn.v_proj,768,eurosat,stanford-cars,8,7,coupling,31,0.6105031967163086,0.6202729940414429,0.010416666666666666,0.010014432055565218,0.011219169246032834,0.600086530049642,0.6004887646607434,0.60905382479541,0.0024399012327194214,0.598048863428024
encoder.layers.11.self_attn.v_proj,768,eurosat,sun397,8,7,coupling,31,0.623522937297821,0.6285943388938904,0.010416666666666666,0.01069126728301247,0.01239509042352438,0.6131062706311544,0.6128316700148085,0.616199248470366,0.0024399012327194214,0.6103917687820891
encoder.layers.11.self_attn.v_proj,768,eurosat,svhn,8,7,coupling,31,0.6907266974449158,0.6862085461616516,0.010416666666666666,0.010494735868026813,0.011981778545305133,0.6803100307782491,0.6802319615768889,0.6742267676163465,0.0024399012327194214,0.6777920603441695
encoder.layers.11.self_attn.v_proj,768,gtsrb,mnist,8,7,coupling,31,0.5717576742172241,0.5727217197418213,0.010416666666666666,0.010724838202198347,0.012625860748812556,0.5613410075505575,0.5610328360150257,0.5600958589930087,0.0024399012327194214,0.5585929347823063
encoder.layers.11.self_attn.v_proj,768,gtsrb,resisc45,8,7,coupling,31,0.5942140221595764,0.5924302935600281,0.010416666666666666,0.010303700420384606,0.012100337926919261,0.5837973554929098,0.5839103217391918,0.5803299556331089,0.0024399012327194214,0.5814704205064724
encoder.layers.11.self_attn.v_proj,768,gtsrb,stanford-cars,8,7,coupling,31,0.6533133387565613,0.6495809555053711,0.010416666666666666,0.010526943486183882,0.012578152352944016,0.6428966720898946,0.6427863952703774,0.6370028031524271,0.0024399012327194214,0.640346494037658
encoder.layers.11.self_attn.v_proj,768,gtsrb,sun397,8,7,coupling,31,0.6472848057746887,0.6511156558990479,0.010416666666666666,0.010622027174880108,0.012926566957806548,0.6368681391080221,0.6366627785998086,0.6381890889412413,0.0024399012327194214,0.6342228773670892
encoder.layers.11.self_attn.v_proj,768,gtsrb,svhn,8,7,coupling,31,0.5792601108551025,0.5775339603424072,0.010416666666666666,0.010334389749914408,0.011443219302843014,0.5688434441884359,0.5689257211051881,0.5660907410395642,0.0024399012327194214,0.5664858198724687
encoder.layers.11.self_attn.v_proj,768,mnist,resisc45,8,7,coupling,31,0.6550123691558838,0.6527438759803772,0.010416666666666666,0.011335584723080197,0.012501838384196162,0.6445957024892172,0.6436767844328036,0.640242037596181,0.0024399012327194214,0.6412368832000842
encoder.layers.11.self_attn.v_proj,768,mnist,stanford-cars,8,7,coupling,31,0.5461256504058838,0.5446078777313232,0.010416666666666666,0.011404933407902718,0.012603813471893469,0.5357089837392172,0.5347207169979811,0.5320040642594298,0.0024399012327194214,0.5322808157652617
encoder.layers.11.self_attn.v_proj,768,mnist,sun397,8,7,coupling,31,0.6536337733268738,0.6572396755218506,0.010416666666666666,0.0108819545712322,0.012908409349620342,0.6432171066602071,0.6427518187556416,0.6443312661722302,0.0024399012327194214,0.6403119175229222
encoder.layers.11.self_attn.v_proj,768,mnist,svhn,8,7,coupling,31,0.7043739557266235,0.7052308320999146,0.010416666666666666,0.010423522597799698,0.01152286414677898,0.6939572890599569,0.6939504331288239,0.6937079679531356,0.0024399012327194214,0.6915105318961045
encoder.layers.11.self_attn.v_proj,768,resisc45,stanford-cars,8,7,coupling,31,0.6408067941665649,0.6410682797431946,0.010416666666666666,0.01101307850331068,0.013658240515117845,0.6303901274998983,0.6297937156632543,0.6274100392280767,0.0024399012327194214,0.6273538144305348
encoder.layers.11.self_attn.v_proj,768,resisc45,sun397,8,7,coupling,31,0.6845245361328125,0.6885342001914978,0.010416666666666666,0.01104079831081132,0.013716199435293674,0.6741078694661459,0.6734837378220012,0.6748180007562041,0.0024399012327194214,0.6710438365892818
encoder.layers.11.self_attn.v_proj,768,resisc45,svhn,8,7,coupling,31,0.6045466661453247,0.598673939704895,0.010416666666666666,0.010119441353405515,0.011840096092782915,0.5941299994786581,0.5944272247919192,0.5868338436121121,0.0024399012327194214,0.5919873235591998
encoder.layers.11.self_attn.v_proj,768,stanford-cars,sun397,8,7,coupling,31,0.6986266374588013,0.6942492723464966,0.010416666666666666,0.010714490315876901,0.013249992548177639,0.6882099707921346,0.6879121471429244,0.680999279798319,0.0024399012327194214,0.685472245910205
encoder.layers.11.self_attn.v_proj,768,stanford-cars,svhn,8,7,coupling,31,0.5364483594894409,0.5322583317756653,0.010416666666666666,0.01008998928591609,0.011413035293420156,0.5260316928227743,0.5263583702035248,0.5208452964822451,0.0024399012327194214,0.5239184689708054
encoder.layers.11.self_attn.v_proj,768,sun397,svhn,8,7,coupling,31,0.6117182970046997,0.6117334961891174,0.010416666666666666,0.011600332877909144,0.013161349731187025,0.6013016303380331,0.6001179641267905,0.5985721464579304,0.0024399012327194214,0.5976780628940711
encoder.layers.2.self_attn.q_proj,768,dtd,eurosat,8,26,coupling,47,0.6688424348831177,0.6710564494132996,0.010416666666666666,0.01123651365439097,0.013131223618984222,0.658425768216451,0.6576059212287267,0.6579252257943153,-0.0014012008905410767,0.6590071221192678
encoder.layers.2.self_attn.q_proj,768,dtd,gtsrb,8,26,coupling,47,0.6790182590484619,0.6850883960723877,0.010416666666666666,0.010608294513076544,0.012520640778044859,0.6686015923817953,0.6684099645353854,0.6725677552943429,-0.0014012008905410767,0.6698111654259264
encoder.layers.2.self_attn.q_proj,768,dtd,mnist,8,26,coupling,47,0.581805408000946,0.5883421897888184,0.010416666666666666,0.011224276774252454,0.013296589565773806,0.5713887413342794,0.5705811312266936,0.5750456002230445,-0.0014012008905410767,0.5719823321172347
encoder.layers.2.self_attn.q_proj,768,dtd,resisc45,8,26,coupling,47,0.7322359681129456,0.7475994825363159,0.010416666666666666,0.01050441199913621,0.012682128542413315,0.7218193014462789,0.7217315561138093,0.7349173539939026,-0.0014012008905410767,0.7231327570043504
encoder.layers.2.self_attn.q_proj,768,dtd,stanford-cars,8,26,coupling,47,0.796029269695282,0.8024016618728638,0.010416666666666666,0.01040969870518893,0.012964296387508512,0.7856126030286154,0.785619570990093,0.7894373654853553,-0.0014012008905410767,0.7870207718806341
encoder.layers.2.self_attn.q_proj,768,dtd,sun397,8,26,coupling,47,0.7278829216957092,0.7323988676071167,0.010416666666666666,0.009794610707710186,0.0127116108002762,0.7174662550290426,0.7180883109879991,0.7196872568068405,-0.0014012008905410767,0.7194895118785402
encoder.layers.2.self_attn.q_proj,768,dtd,svhn,8,26,coupling,47,0.6674927473068237,0.6705452799797058,0.010416666666666666,0.010640232668568691,0.012740951962769032,0.6570760806401571,0.656852514638255,0.6578043280169368,-0.0014012008905410767,0.6582537155287961
encoder.layers.2.self_attn.q_proj,768,eurosat,gtsrb,8,26,coupling,47,0.7092685699462891,0.7068909406661987,0.010416666666666666,0.011231744041045507,0.013223960374792417,0.6988519032796224,0.6980368259052435,0.6936669802914063,-0.0014012008905410767,0.6994380267957846
encoder.layers.2.self_attn.q_proj,768,eurosat,mnist,8,26,coupling,47,0.6752027273178101,0.6760381460189819,0.010416666666666666,0.01085405028425157,0.012738166376948357,0.6647860606511434,0.6643486770335585,0.6632999796420336,-0.0014012008905410767,0.6657498779240996
encoder.layers.2.self_attn.q_proj,768,eurosat,resisc45,8,26,coupling,47,0.6776876449584961,0.6937276721000671,0.010416666666666666,0.01059945672750473,0.012342770971978704,0.6672709782918295,0.6670881882309914,0.6813849011280885,-0.0014012008905410767,0.6684893891215324
encoder.layers.2.self_attn.q_proj,768,eurosat,stanford-cars,8,26,coupling,47,0.6700515151023865,0.6710911393165588,0.010416666666666666,0.01107722295758625,0.013132323510944843,0.6596348484357198,0.6589742921448002,0.657958815805614,-0.0014012008905410767,0.6603754930353413
encoder.layers.2.self_attn.q_proj,768,eurosat,sun397,8,26,coupling,47,0.6905414462089539,0.6989606022834778,0.010416666666666666,0.011513543625672659,0.013881365302950144,0.6801247795422872,0.6790279025832812,0.6850792369805276,-0.0014012008905410767,0.6804291034738222
encoder.layers.2.self_attn.q_proj,768,eurosat,svhn,8,26,coupling,47,0.7581576704978943,0.7627983093261719,0.010416666666666666,0.011249171181892356,0.013057347387075424,0.7477410038312277,0.7469084993160019,0.7497409619390965,-0.0014012008905410767,0.748309700206543
encoder.layers.2.self_attn.q_proj,768,gtsrb,mnist,8,26,coupling,47,0.7299630641937256,0.7422207593917847,0.010416666666666666,0.00979762307057778,0.01131975301541388,0.719546397527059,0.7201654411231478,0.7309010063763708,-0.0014012008905410767,0.7215666420136889
encoder.layers.2.self_attn.q_proj,768,gtsrb,resisc45,8,26,coupling,47,0.6958441734313965,0.6989860534667969,0.010416666666666666,0.01159130634429554,0.013079138938337564,0.6854275067647299,0.684252867087101,0.6859069145284593,-0.0014012008905410767,0.6856540679776421
encoder.layers.2.self_attn.q_proj,768,gtsrb,stanford-cars,8,26,coupling,47,0.6925492286682129,0.7028133869171143,0.010416666666666666,0.01080293549845616,0.011804137922202548,0.6821325620015463,0.6817462931697568,0.6910092489949117,-0.0014012008905410767,0.6831474940602978
encoder.layers.2.self_attn.q_proj,768,gtsrb,sun397,8,26,coupling,47,0.761076807975769,0.7580305337905884,0.010416666666666666,0.010608304990455508,0.012211949021245042,0.7506601413091024,0.7504685029853135,0.7458185847693434,-0.0014012008905410767,0.7518697038758546
encoder.layers.2.self_attn.q_proj,768,gtsrb,svhn,8,26,coupling,47,0.7881371378898621,0.7772574424743652,0.010416666666666666,0.011182420964663228,0.012248746352270246,0.7777204712231954,0.7769547169251988,0.765008696122095,-0.0014012008905410767,0.7783559178157399
encoder.layers.2.self_attn.q_proj,768,mnist,resisc45,8,26,coupling,47,0.6985375881195068,0.7122877240180969,0.010416666666666666,0.011866128343778351,0.014533420326188207,0.6881209214528402,0.6866714597757285,0.6977543036919087,-0.0014012008905410767,0.6880726606662696
encoder.layers.2.self_attn.q_proj,768,mnist,stanford-cars,8,26,coupling,47,0.6905417442321777,0.693182647228241,0.010416666666666666,0.010911308151359359,0.01406435901299119,0.6801250775655111,0.6796304360808184,0.6791182882152498,-0.0014012008905410767,0.6810316369713595
encoder.layers.2.self_attn.q_proj,768,mnist,sun397,8,26,coupling,47,0.6830884218215942,0.6898273825645447,0.010416666666666666,0.0111817322516193,0.013767822257553538,0.6726717551549276,0.6719066895699749,0.6760595603069911,-0.0014012008905410767,0.673307890460516
encoder.layers.2.self_attn.q_proj,768,mnist,svhn,8,26,coupling,47,0.7613632678985596,0.7596431970596313,0.010416666666666666,0.01054127203921477,0.012401952485864362,0.7509466012318929,0.7508219958593448,0.747241244573767,-0.0014012008905410767,0.7522231967498859
encoder.layers.2.self_attn.q_proj,768,resisc45,stanford-cars,8,26,coupling,47,0.7575280070304871,0.7711470127105713,0.010416666666666666,0.010076706918577353,0.012075839253763357,0.7471113403638204,0.7474513001119097,0.759071173456808,-0.0014012008905410767,0.7488525010024508
encoder.layers.2.self_attn.q_proj,768,resisc45,sun397,8,26,coupling,47,0.722935140132904,0.7440109848976135,0.010416666666666666,0.010896583708624044,0.01328420297553142,0.7125184734662374,0.71203855642428,0.7307267819220821,-0.0014012008905410767,0.7134397573148211
encoder.layers.2.self_attn.q_proj,768,resisc45,svhn,8,26,coupling,47,0.72625732421875,0.7347936630249023,0.010416666666666666,0.011073081831758222,0.013441148136431972,0.7158406575520834,0.7151842423869917,0.7213525148884704,-0.0014012008905410767,0.7165854432775328
encoder.layers.2.self_attn.q_proj,768,stanford-cars,sun397,8,26,coupling,47,0.7348787784576416,0.7338446378707886,0.010416666666666666,0.0106284124776721,0.013419030389438072,0.724462111790975,0.7242503659799695,0.7204256074813505,-0.0014012008905410767,0.7256515668705106
encoder.layers.2.self_attn.q_proj,768,stanford-cars,svhn,8,26,coupling,47,0.6849951148033142,0.6878013610839844,0.010416666666666666,0.010512282839044929,0.012499806315948566,0.6745784481366476,0.6744828319642693,0.6753015547680358,-0.0014012008905410767,0.6758840328548104
encoder.layers.2.self_attn.q_proj,768,sun397,svhn,8,26,coupling,47,0.7783065438270569,0.7820838689804077,0.010416666666666666,0.0110298585301886,0.01175780858223637,0.7678898771603903,0.7672766852968683,0.7703260603981713,-0.0014012008905410767,0.7686778861874094
encoder.layers.2.self_attn.v_proj,768,dtd,eurosat,8,26,coupling,47,0.7185542583465576,0.7232055068016052,0.010416666666666666,0.011106994623939196,0.012416189458842078,0.708137591679891,0.7074472637226185,0.7107893173427632,-0.007599875330924988,0.7150471390535434
encoder.layers.2.self_attn.v_proj,768,dtd,gtsrb,8,26,coupling,47,0.8017343282699585,0.8052258491516113,0.010416666666666666,0.009954420073578754,0.011466909122342864,0.7913176616032919,0.7917799081963798,0.7937589400292685,-0.007599875330924988,0.7993797835273048
encoder.layers.2.self_attn.v_proj,768,dtd,mnist,8,26,coupling,47,0.7980138063430786,0.7994518876075745,0.010416666666666666,0.010382655154292783,0.011617226370920738,0.787597139676412,0.7876311511887858,0.7878346612366537,-0.007599875330924988,0.7952310265197108
encoder.layers.2.self_attn.v_proj,768,dtd,resisc45,8,26,coupling,47,0.7296202778816223,0.7296086549758911,0.010416666666666666,0.010746759284908572,0.01178225789529582,0.7192036112149557,0.7188735185967138,0.7178263970805953,-0.007599875330924988,0.7264733939276388
encoder.layers.2.self_attn.v_proj,768,dtd,stanford-cars,8,26,coupling,47,0.7994040250778198,0.7971928715705872,0.010416666666666666,0.010035919607616961,0.011629549747643372,0.7889873584111532,0.7893681054702029,0.7855633218229437,-0.007599875330924988,0.7969679808011279
encoder.layers.2.self_attn.v_proj,768,dtd,sun397,8,26,coupling,47,0.8308552503585815,0.8345861434936523,0.010416666666666666,0.010936401202343404,0.012643506983295083,0.8204385836919149,0.8199188491562381,0.8219426365103573,-0.007599875330924988,0.8275187244871631
encoder.layers.2.self_attn.v_proj,768,dtd,svhn,8,26,coupling,47,0.7135312557220459,0.7171378135681152,0.010416666666666666,0.011886559737225374,0.013690342660993338,0.7031145890553793,0.7016446959848205,0.7034474709071219,-0.007599875330924988,0.7092445713157455
encoder.layers.2.self_attn.v_proj,768,eurosat,gtsrb,8,26,coupling,47,0.7913499474525452,0.799964427947998,0.010416666666666666,0.010868959361687303,0.012166167376562953,0.7809332807858785,0.7804809880908579,0.7877982605714351,-0.007599875330924988,0.7880808634217829
encoder.layers.2.self_attn.v_proj,768,eurosat,mnist,8,26,coupling,47,0.7258637547492981,0.727842390537262,0.010416666666666666,0.009985804480190078,0.010986938684557876,0.7154470880826315,0.715877950269108,0.716855451852704,-0.007599875330924988,0.723477825600033
encoder.layers.2.self_attn.v_proj,768,eurosat,resisc45,8,26,coupling,47,0.7316504120826721,0.7288894057273865,0.010416666666666666,0.011593620215232173,0.01298941431256632,0.7212337454160055,0.72005679186744,0.7158999914148202,-0.007599875330924988,0.727656667198365
encoder.layers.2.self_attn.v_proj,768,eurosat,stanford-cars,8,26,coupling,47,0.7414751648902893,0.7481158971786499,0.010416666666666666,0.011782068681592742,0.012911064550280571,0.7310584982236227,0.7296930962086966,0.7352048326283693,-0.007599875330924988,0.7372929715396216
encoder.layers.2.self_attn.v_proj,768,eurosat,sun397,8,26,coupling,47,0.7927373647689819,0.7972139120101929,0.010416666666666666,0.010783909548384448,0.01219560531899333,0.7823206981023153,0.7819534552205974,0.7850183066911995,-0.007599875330924988,0.7895533305515224
encoder.layers.2.self_attn.v_proj,768,eurosat,svhn,8,26,coupling,47,0.7372839450836182,0.7415404319763184,0.010416666666666666,0.010871257128504416,0.012127170184006294,0.7268672784169515,0.7264126879551137,0.729413261792312,-0.007599875330924988,0.7340125632860387
encoder.layers.2.self_attn.v_proj,768,gtsrb,mnist,8,26,coupling,47,0.8073166012763977,0.8074257969856262,0.010416666666666666,0.011226155562326312,0.012277632020413876,0.7968999346097311,0.7960904457140714,0.7951481649652123,-0.007599875330924988,0.8036903210449964
encoder.layers.2.self_attn.v_proj,768,gtsrb,resisc45,8,26,coupling,47,0.6998575329780579,0.7004867792129517,0.010416666666666666,0.01117444597184658,0.012913309503346682,0.6894408663113912,0.6886830870062113,0.687573469709605,-0.007599875330924988,0.6962829623371363
encoder.layers.2.self_attn.v_proj,768,gtsrb,stanford-cars,8,26,coupling,47,0.7645054459571838,0.7725054025650024,0.010416666666666666,0.011191794959207376,0.013077606912702322,0.7540887792905172,0.7533136509979764,0.7594277956523001,-0.007599875330924988,0.7609135263289014
encoder.layers.2.self_attn.v_proj,768,gtsrb,sun397,8,26,coupling,47,0.8068654537200928,0.8141236305236816,0.010416666666666666,0.010424472081164518,0.01231369849604865,0.7964487870534261,0.7964409816389283,0.801809932027633,-0.007599875330924988,0.8040408569698533
encoder.layers.2.self_attn.v_proj,768,gtsrb,svhn,8,26,coupling,47,0.7908427119255066,0.7967183589935303,0.010416666666666666,0.009976749696458379,0.011746532477748891,0.78042604525884,0.7808659622290482,0.7849718265157813,-0.007599875330924988,0.7884658375599732
encoder.layers.2.self_attn.v_proj,768,mnist,resisc45,8,26,coupling,47,0.6953125596046448,0.6921086311340332,0.010416666666666666,0.009545156033709645,0.010909213606889049,0.6848958929379781,0.6857674035709351,0.6811994175271442,-0.007599875330924988,0.6933672789018601
encoder.layers.2.self_attn.v_proj,768,mnist,stanford-cars,8,26,coupling,47,0.7310410141944885,0.7291672229766846,0.010416666666666666,0.010783509467728436,0.012315917294472456,0.7206243475278219,0.7202575047267601,0.7168513056822121,-0.007599875330924988,0.7278573800576851
encoder.layers.2.self_attn.v_proj,768,mnist,sun397,8,26,coupling,47,0.7681466937065125,0.7698999643325806,0.010416666666666666,0.010469139475996295,0.012354492442682385,0.7577300270398458,0.7576775542305162,0.7575454718898982,-0.007599875330924988,0.7652774295614412
encoder.layers.2.self_attn.v_proj,768,mnist,svhn,8,26,coupling,47,0.7450933456420898,0.7431812882423401,0.010416666666666666,0.010658093883345524,0.012530245430146655,0.7346766789754232,0.7344352517587444,0.7306510428121934,-0.007599875330924988,0.7420351270896693
encoder.layers.2.self_attn.v_proj,768,resisc45,stanford-cars,8,26,coupling,47,0.755315899848938,0.7645171284675598,0.010416666666666666,0.010535522674520811,0.01227373854878048,0.7448992331822714,0.7447803771744171,0.7522433899187794,-0.007599875330924988,0.7523802525053421
encoder.layers.2.self_attn.v_proj,768,resisc45,sun397,8,26,coupling,47,0.7865699529647827,0.7916824817657471,0.010416666666666666,0.010925122420303524,0.012758918727437655,0.7761532862981161,0.7756448305444792,0.7789235630383095,-0.007599875330924988,0.7832447058754042
encoder.layers.2.self_attn.v_proj,768,resisc45,svhn,8,26,coupling,47,0.7311497926712036,0.7319461703300476,0.010416666666666666,0.010254130388299624,0.011798581729332605,0.720733126004537,0.720895662282904,0.720147588600715,-0.007599875330924988,0.728495537613829
encoder.layers.2.self_attn.v_proj,768,stanford-cars,sun397,8,26,coupling,47,0.8630393743515015,0.8774577379226685,0.010416666666666666,0.011195688508450985,0.012771462633584937,0.8526227076848348,0.8518436858430505,0.8646862752890835,-0.007599875330924988,0.8594435611739755
encoder.layers.2.self_attn.v_proj,768,stanford-cars,svhn,8,26,coupling,47,0.6486620903015137,0.6661133170127869,0.010416666666666666,0.010834019475926956,0.0125037405329446,0.638245423634847,0.6378280708255867,0.6536095764798423,-0.007599875330924988,0.6454279461565117
encoder.layers.2.self_attn.v_proj,768,sun397,svhn,8,26,coupling,47,0.7377955913543701,0.7448571920394897,0.010416666666666666,0.011134031616772214,0.01311457366682589,0.7273789246877035,0.7266615597375979,0.7317426183726639,-0.007599875330924988,0.7342614350685229
encoder.layers.3.self_attn.q_proj,768,dtd,eurosat,8,41,coupling,48,0.7691290378570557,0.7576565146446228,0.010416666666666666,0.010729596368037164,0.012239960410321752,0.758712371190389,0.7583994414890185,0.7454165542343011,0.004741467535495758,0.7536579739535227
encoder.layers.3.self_attn.q_proj,768,dtd,gtsrb,8,41,coupling,48,0.7424214482307434,0.7423880100250244,0.010416666666666666,0.010589797593032321,0.012294941814616323,0.7320047815640768,0.731831650637711,0.7300930682104081,0.004741467535495758,0.7270901831022153
encoder.layers.3.self_attn.q_proj,768,dtd,mnist,8,41,coupling,48,0.780632734298706,0.7768916487693787,0.010416666666666666,0.011288035311736166,0.012601531731585661,0.7702160676320394,0.7693446989869699,0.764290117037793,0.004741467535495758,0.7646032314514741
encoder.layers.3.self_attn.q_proj,768,dtd,resisc45,8,41,coupling,48,0.7513233423233032,0.7401672005653381,0.010416666666666666,0.010387359846693775,0.011804647433261076,0.7409066756566366,0.7409359824766094,0.7283625531320771,0.004741467535495758,0.7361945149411137
encoder.layers.3.self_attn.q_proj,768,dtd,stanford-cars,8,41,coupling,48,0.7757697105407715,0.7727967500686646,0.010416666666666666,0.011660099572812518,0.01284976334621509,0.7653530438741049,0.7641096109679589,0.7599469867224494,0.004741467535495758,0.7593681434324632
encoder.layers.3.self_attn.q_proj,768,dtd,sun397,8,41,coupling,48,0.8490462303161621,0.8437075614929199,0.010416666666666666,0.009934377623721957,0.011090472185363373,0.8386295636494955,0.8391118526924402,0.8326170893075565,0.004741467535495758,0.8343703851569444
encoder.layers.3.self_attn.q_proj,768,dtd,svhn,8,41,coupling,48,0.6733922958374023,0.6765390038490295,0.010416666666666666,0.010298463554742435,0.011829491549481949,0.6629756291707357,0.66309383228266,0.6647095122995476,0.004741467535495758,0.6583523647471642
encoder.layers.3.self_attn.q_proj,768,eurosat,gtsrb,8,41,coupling,48,0.7632609605789185,0.759476363658905,0.010416666666666666,0.010543430068840584,0.011650177844179174,0.7528442939122518,0.7527175305100778,0.7478261858147258,0.004741467535495758,0.7479760629745821
encoder.layers.3.self_attn.q_proj,768,eurosat,mnist,8,41,coupling,48,0.7274182438850403,0.7254761457443237,0.010416666666666666,0.010841793264262378,0.012074210525800785,0.7170015772183737,0.7165764506207779,0.7134019352185229,0.004741467535495758,0.7118349830852821
encoder.layers.3.self_attn.q_proj,768,eurosat,resisc45,8,41,coupling,48,0.8074443340301514,0.8038449883460999,0.010416666666666666,0.012078077842791876,0.013474492123350501,0.7970276673634847,0.7953662561873595,0.7903704962227494,0.004741467535495758,0.7906247886518637
encoder.layers.3.self_attn.q_proj,768,eurosat,stanford-cars,8,41,coupling,48,0.7493525147438049,0.7458645701408386,0.010416666666666666,0.01003503892570734,0.010773857589811087,0.7389358480771383,0.7393174758180976,0.7350907125510275,0.004741467535495758,0.7345760082826018
encoder.layers.3.self_attn.q_proj,768,eurosat,sun397,8,41,coupling,48,0.7370402216911316,0.7303929924964905,0.010416666666666666,0.0103049511089921,0.011538008926436305,0.726623555024465,0.7267352705821395,0.7188549835700542,0.004741467535495758,0.7219938030466437
encoder.layers.3.self_attn.q_proj,768,eurosat,svhn,8,41,coupling,48,0.7174311876296997,0.7214828729629517,0.010416666666666666,0.010645310666101674,0.01168060201841096,0.7070145209630331,0.7067858769635981,0.7098022709445407,0.004741467535495758,0.7020444094281023
encoder.layers.3.self_attn.q_proj,768,gtsrb,mnist,8,41,coupling,48,0.8154239058494568,0.81307452917099,0.010416666666666666,0.010781579922574261,0.012047359254211187,0.8050072391827902,0.8046423259268826,0.8010271699167788,0.004741467535495758,0.7999008583913868
encoder.layers.3.self_attn.q_proj,768,gtsrb,resisc45,8,41,coupling,48,0.7068853974342346,0.7051080465316772,0.010416666666666666,0.010888733280201754,0.012251679475108782,0.696468730767568,0.6959966641540328,0.6928563670565685,0.004741467535495758,0.6912551966185371
encoder.layers.3.self_attn.q_proj,768,gtsrb,stanford-cars,8,41,coupling,48,0.7300316691398621,0.7278574705123901,0.010416666666666666,0.011530780078222355,0.012929823948070407,0.7196150024731954,0.7185008890616397,0.7149276465643197,0.004741467535495758,0.7137594215261439
encoder.layers.3.self_attn.q_proj,768,gtsrb,sun397,8,41,coupling,48,0.6968393921852112,0.6975177526473999,0.010416666666666666,0.010745050307984153,0.011622946398953596,0.6864227255185446,0.6860943418772271,0.6858948062484463,0.004741467535495758,0.6813528743417313
encoder.layers.3.self_attn.q_proj,768,gtsrb,svhn,8,41,coupling,48,0.6458352208137512,0.6499297022819519,0.010416666666666666,0.009666005227093896,0.010898024309426546,0.6354185541470846,0.6361692155866573,0.6390316779725254,0.004741467535495758,0.6314277480511615
encoder.layers.3.self_attn.q_proj,768,mnist,resisc45,8,41,coupling,48,0.7203893661499023,0.7165669798851013,0.010416666666666666,0.010774487008651098,0.011928114341571927,0.7099726994832357,0.7096148791412512,0.7046388655435294,0.004741467535495758,0.7048734116057555
encoder.layers.3.self_attn.q_proj,768,mnist,stanford-cars,8,41,coupling,48,0.7260501384735107,0.7259006500244141,0.010416666666666666,0.011268945721288523,0.012292326660826802,0.7156334718068441,0.7147811927522222,0.7136083233635873,0.004741467535495758,0.7100397252167264
encoder.layers.3.self_attn.q_proj,768,mnist,sun397,8,41,coupling,48,0.73943030834198,0.7399104833602905,0.010416666666666666,0.010570856354509791,0.012043976069738468,0.7290136416753134,0.7288594519874702,0.727866507290552,0.004741467535495758,0.7241179844519744
encoder.layers.3.self_attn.q_proj,768,mnist,svhn,8,41,coupling,48,0.6374895572662354,0.6412472724914551,0.010416666666666666,0.010389651792744795,0.01173856706979374,0.6270728905995687,0.6270999054734906,0.6295087054216614,0.004741467535495758,0.6223584379379948
encoder.layers.3.self_attn.q_proj,768,resisc45,stanford-cars,8,41,coupling,48,0.8043087720870972,0.7999964952468872,0.010416666666666666,0.010788518081729611,0.011959755327552557,0.7938921054204305,0.7935202540053675,0.7880367399193347,0.004741467535495758,0.7887787864698718
encoder.layers.3.self_attn.q_proj,768,resisc45,sun397,8,41,coupling,48,0.7738628387451172,0.7754644751548767,0.010416666666666666,0.010725154851873716,0.012468737239638964,0.7634461720784506,0.7631376838932434,0.7629957379152378,0.004741467535495758,0.7583962163577477
encoder.layers.3.self_attn.q_proj,768,resisc45,svhn,8,41,coupling,48,0.6409100294113159,0.6433060169219971,0.010416666666666666,0.010773877147585154,0.012461447001745304,0.6304933627446493,0.6301361522637308,0.6308445699202517,0.004741467535495758,0.625394684728235
encoder.layers.3.self_attn.q_proj,768,stanford-cars,sun397,8,41,coupling,48,0.8447502255439758,0.8464140892028809,0.010416666666666666,0.010773040975133577,0.011899905900160471,0.8343335588773092,0.8339771845688423,0.8345141833027204,0.004741467535495758,0.8292357170333465
encoder.layers.3.self_attn.q_proj,768,stanford-cars,svhn,8,41,coupling,48,0.6352341175079346,0.6386768817901611,0.010416666666666666,0.01020713864515225,0.01210684065396587,0.6248174508412679,0.6250269788627824,0.6265700411361953,0.004741467535495758,0.6202855113272866
encoder.layers.3.self_attn.q_proj,768,sun397,svhn,8,41,coupling,48,0.7112346887588501,0.7167662978172302,0.010416666666666666,0.01150326857653757,0.012802042377491793,0.7008180220921835,0.6997314201823125,0.7039642554397384,0.004741467535495758,0.6949899526468167
encoder.layers.3.self_attn.v_proj,768,dtd,eurosat,8,41,coupling,48,0.6477876901626587,0.6516411900520325,0.010416666666666666,0.010897396015934646,0.01170921636124452,0.6373710234959921,0.636890294146724,0.6399319736907879,0.0026014745235443115,0.6342888196231797
encoder.layers.3.self_attn.v_proj,768,dtd,gtsrb,8,41,coupling,48,0.6823840141296387,0.6897907853126526,0.010416666666666666,0.01046774722635746,0.011356445960700512,0.671967347462972,0.6719162669032812,0.6784343393519521,0.0026014745235443115,0.6693147923797369
encoder.layers.3.self_attn.v_proj,768,dtd,mnist,8,41,coupling,48,0.6670995950698853,0.6717202067375183,0.010416666666666666,0.009760538659368953,0.01139836828224361,0.6566829284032186,0.6573390564105163,0.6603218384552747,0.0026014745235443115,0.654737581886972
encoder.layers.3.self_attn.v_proj,768,dtd,resisc45,8,41,coupling,48,0.8338476419448853,0.8350846171379089,0.010416666666666666,0.010208726006870469,0.011957782165457806,0.8234309752782186,0.8236389159380147,0.8231268349724511,0.0026014745235443115,0.8210374414144704
encoder.layers.3.self_attn.v_proj,768,dtd,stanford-cars,8,41,coupling,48,0.7847321033477783,0.7884197235107422,0.010416666666666666,0.011420501008008918,0.012962561643992862,0.7743154366811117,0.7733116023397694,0.7754571618667493,0.0026014745235443115,0.770710127816225
encoder.layers.3.self_attn.v_proj,768,dtd,sun397,8,41,coupling,48,0.8041716814041138,0.8076744675636292,0.010416666666666666,0.010293873259797692,0.012319260742515326,0.7937550147374471,0.7938778081443161,0.7953552068211138,0.0026014745235443115,0.7912763336207718
encoder.layers.3.self_attn.v_proj,768,dtd,svhn,8,41,coupling,48,0.6335418224334717,0.6361098289489746,0.010416666666666666,0.010676955493787924,0.01136029364230732,0.623125155766805,0.6228648669396838,0.6247495353066673,0.0026014745235443115,0.6202633924161395
encoder.layers.3.self_attn.v_proj,768,eurosat,gtsrb,8,41,coupling,48,0.6639379262924194,0.6623764038085938,0.010416666666666666,0.011302360954384008,0.012234646128490567,0.6535212596257528,0.6526355653380355,0.6501417576801032,0.0026014745235443115,0.6500340908144912
encoder.layers.3.self_attn.v_proj,768,eurosat,mnist,8,41,coupling,48,0.6573526263237,0.6621754765510559,0.010416666666666666,0.010820640716701746,0.011862639415388307,0.6469359596570333,0.6465319856069982,0.6503128371356676,0.0026014745235443115,0.6439305110834539
encoder.layers.3.self_attn.v_proj,768,eurosat,resisc45,8,41,coupling,48,0.7103231549263,0.7105972766876221,0.010416666666666666,0.010942815143304566,0.012595237776016196,0.6999064882596334,0.6993803397829955,0.6980020389116058,0.0026014745235443115,0.6967788652594512
encoder.layers.3.self_attn.v_proj,768,eurosat,stanford-cars,8,41,coupling,48,0.6599544286727905,0.6622933149337769,0.010416666666666666,0.009414494154043496,0.010619003791362047,0.6495377620061239,0.650539934518747,0.6516743111424148,0.0026014745235443115,0.6479384599952027
encoder.layers.3.self_attn.v_proj,768,eurosat,sun397,8,41,coupling,48,0.632314920425415,0.635979950428009,0.010416666666666666,0.011167724772046009,0.012592016253620386,0.6218982537587484,0.6211471956533691,0.6233879341743886,0.0026014745235443115,0.6185457211298248
encoder.layers.3.self_attn.v_proj,768,eurosat,svhn,8,41,coupling,48,0.5491531491279602,0.5488549470901489,0.010416666666666666,0.009882020764052868,0.01077539031393826,0.5387364824612936,0.5392711283639073,0.5380795567762107,0.0026014745235443115,0.536669653840363
encoder.layers.3.self_attn.v_proj,768,gtsrb,mnist,8,41,coupling,48,0.722615659236908,0.7277161478996277,0.010416666666666666,0.010581816740644475,0.011852860683575273,0.7121989925702413,0.7120338424962634,0.7158632872160524,0.0026014745235443115,0.7094323679727191
encoder.layers.3.self_attn.v_proj,768,gtsrb,resisc45,8,41,coupling,48,0.6623945832252502,0.6602510213851929,0.010416666666666666,0.01029741414822638,0.01194557873532176,0.6519779165585836,0.6520971690770239,0.6483054426498711,0.0026014745235443115,0.6494956945534796
encoder.layers.3.self_attn.v_proj,768,gtsrb,stanford-cars,8,41,coupling,48,0.7107000350952148,0.7129524350166321,0.010416666666666666,0.010602242546156049,0.011645488208159804,0.7002833684285482,0.7000977925490588,0.7013069468084723,0.0026014745235443115,0.6974963180255145
encoder.layers.3.self_attn.v_proj,768,gtsrb,sun397,8,41,coupling,48,0.6516326665878296,0.6574956774711609,0.010416666666666666,0.010819689215471348,0.011686047849555811,0.641215999921163,0.6408129773723582,0.645809629621605,0.0026014745235443115,0.6382115028488139
encoder.layers.3.self_attn.v_proj,768,gtsrb,svhn,8,41,coupling,48,0.6390128135681152,0.6430752277374268,0.010416666666666666,0.010238974976042906,0.01152364412943522,0.6285961469014486,0.6287738385920724,0.6315515836079916,0.0026014745235443115,0.626172364068528
encoder.layers.3.self_attn.v_proj,768,mnist,resisc45,8,41,coupling,48,0.6746974587440491,0.683219313621521,0.010416666666666666,0.010273370581368605,0.011792601551860571,0.6642807920773824,0.6644240881626805,0.6714267120696604,0.0026014745235443115,0.6618226136391362
encoder.layers.3.self_attn.v_proj,768,mnist,stanford-cars,8,41,coupling,48,0.6878434419631958,0.6944209337234497,0.010416666666666666,0.011598445552711686,0.013068920622269312,0.6774267752965292,0.6762449964104841,0.6813520131011804,0.0026014745235443115,0.6736435218869398
encoder.layers.3.self_attn.v_proj,768,mnist,sun397,8,41,coupling,48,0.7364526987075806,0.7404456734657288,0.010416666666666666,0.01107870244110624,0.012724587616200248,0.7260360320409139,0.7253739962664744,0.7277210858495285,0.0026014745235443115,0.72277252174293
encoder.layers.3.self_attn.v_proj,768,mnist,svhn,8,41,coupling,48,0.6484688520431519,0.6481346487998962,0.010416666666666666,0.010512323041136066,0.012035072470704714,0.6380521853764852,0.6379565290020158,0.6360995763291916,0.0026014745235443115,0.6353550544784715
encoder.layers.3.self_attn.v_proj,768,resisc45,stanford-cars,8,41,coupling,48,0.8492189645767212,0.849066972732544,0.010416666666666666,0.010939840382585922,0.012320441969980797,0.8388022979100546,0.8382791241941353,0.8367465307625631,0.0026014745235443115,0.835677649670591
encoder.layers.3.self_attn.v_proj,768,resisc45,sun397,8,41,coupling,48,0.7501323819160461,0.7608176469802856,0.010416666666666666,0.010002517839893699,0.011331754503771663,0.7397157152493795,0.7401298640761524,0.749485892476514,0.0026014745235443115,0.7375283895526081
encoder.layers.3.self_attn.v_proj,768,resisc45,svhn,8,41,coupling,48,0.6521174311637878,0.6513276100158691,0.010416666666666666,0.009789478848688304,0.010921895853243768,0.6417007644971212,0.6423279523150995,0.6404057141626254,0.0026014745235443115,0.6397264777915552
encoder.layers.3.self_attn.v_proj,768,stanford-cars,sun397,8,41,coupling,48,0.8132401704788208,0.8185274600982666,0.010416666666666666,0.010010299505665898,0.011298871521527568,0.8028235038121542,0.8032298709731549,0.8072285885767391,0.0026014745235443115,0.8006283964496106
encoder.layers.3.self_attn.v_proj,768,stanford-cars,svhn,8,41,coupling,48,0.6696099042892456,0.6694473624229431,0.010416666666666666,0.010880788555368781,0.011603673260348538,0.659193237622579,0.6587291157338768,0.6578436891625946,0.0026014745235443115,0.6561276412103325
encoder.layers.3.self_attn.v_proj,768,sun397,svhn,8,41,coupling,48,0.6302340030670166,0.6312994956970215,0.010416666666666666,0.010677892171467343,0.01172340187864999,0.61981733640035,0.6195561108955493,0.6195760938183715,0.0026014745235443115,0.616954636372005
encoder.layers.4.self_attn.q_proj,768,dtd,eurosat,8,46,coupling,49,0.6871330738067627,0.6787774562835693,0.010416666666666666,0.010324634533996383,0.011704035646592578,0.6767164071400961,0.6768084392727663,0.6670734206369767,0.005459725856781006,0.6713487134159853
encoder.layers.4.self_attn.q_proj,768,dtd,gtsrb,8,46,coupling,49,0.6608439087867737,0.6603294014930725,0.010416666666666666,0.011702855816110969,0.01299896789714694,0.650427242120107,0.6491410529706627,0.6473304335959256,0.005459725856781006,0.6436813271138817
encoder.layers.4.self_attn.q_proj,768,dtd,mnist,8,46,coupling,49,0.6945189237594604,0.6985188126564026,0.010416666666666666,0.010971338643381992,0.012656913759807745,0.6841022570927938,0.6835475851160785,0.6858618988965949,0.005459725856781006,0.6780878592592975
encoder.layers.4.self_attn.q_proj,768,dtd,resisc45,8,46,coupling,49,0.7038702964782715,0.7068222165107727,0.010416666666666666,0.010080674896016717,0.011442320266117653,0.6934536298116049,0.6937896215822548,0.695379896244655,0.005459725856781006,0.6883298957254738
encoder.layers.4.self_attn.q_proj,768,dtd,stanford-cars,8,46,coupling,49,0.7477638721466064,0.7483691573143005,0.010416666666666666,0.010820501949638128,0.012180595154253146,0.7373472054799398,0.7369433701969683,0.7361885621600474,0.005459725856781006,0.7314836443401873
encoder.layers.4.self_attn.q_proj,768,dtd,sun397,8,46,coupling,49,0.7772876024246216,0.7876424789428711,0.010416666666666666,0.010171104067315659,0.011472505827744802,0.766870935757955,0.7671164983573059,0.7761699731151263,0.005459725856781006,0.7616567725005249
encoder.layers.4.self_attn.q_proj,768,dtd,svhn,8,46,coupling,49,0.6698256731033325,0.670741856098175,0.010416666666666666,0.010625468411793312,0.012006549009432396,0.6594090064366659,0.6592002046915392,0.6587353070887426,0.005459725856781006,0.6537404788347582
encoder.layers.4.self_attn.q_proj,768,eurosat,gtsrb,8,46,coupling,49,0.7315793633460999,0.726889967918396,0.010416666666666666,0.010362984069312612,0.012047239191209277,0.7211626966794332,0.7212163792767873,0.7148427287271867,0.005459725856781006,0.7157566534200063
encoder.layers.4.self_attn.q_proj,768,eurosat,mnist,8,46,coupling,49,0.6812779903411865,0.691423773765564,0.010416666666666666,0.011236738646402955,0.012676208435247341,0.6708613236745199,0.6700412516947836,0.6787475653303167,0.005459725856781006,0.6645815258380026
encoder.layers.4.self_attn.q_proj,768,eurosat,resisc45,8,46,coupling,49,0.692318856716156,0.6969237923622131,0.010416666666666666,0.011354726273566484,0.013045372363800803,0.6819021900494894,0.6809641304425895,0.6838784199984124,0.005459725856781006,0.6755044045858085
encoder.layers.4.self_attn.q_proj,768,eurosat,stanford-cars,8,46,coupling,49,0.6223751306533813,0.6195237636566162,0.010416666666666666,0.010367364661457637,0.011604474702229103,0.6119584639867147,0.6120077659919237,0.6079192889543871,0.005459725856781006,0.6065480401351427
encoder.layers.4.self_attn.q_proj,768,eurosat,sun397,8,46,coupling,49,0.6984284520149231,0.6911771297454834,0.010416666666666666,0.009934797029321393,0.011168269518141946,0.6880117853482565,0.6884936549856017,0.6800088602273414,0.005459725856781006,0.6830339291288207
encoder.layers.4.self_attn.q_proj,768,eurosat,svhn,8,46,coupling,49,0.6663550138473511,0.6582867503166199,0.010416666666666666,0.010936516802757978,0.01221243862528354,0.6559383471806844,0.6554184970445931,0.6460743116913363,0.005459725856781006,0.6499587711878121
encoder.layers.4.self_attn.q_proj,768,gtsrb,mnist,8,46,coupling,49,0.7629357576370239,0.7646598815917969,0.010416666666666666,0.011023323750123382,0.011875095389162501,0.7525190909703573,0.7519124338869005,0.7527847862026343,0.005459725856781006,0.7464527080301195
encoder.layers.4.self_attn.q_proj,768,gtsrb,resisc45,8,46,coupling,49,0.6389093399047852,0.6391681432723999,0.010416666666666666,0.01177854195702821,0.012512481577383975,0.6284926732381185,0.627130797947757,0.626655661695016,0.005459725856781006,0.6216710720909759
encoder.layers.4.self_attn.q_proj,768,gtsrb,stanford-cars,8,46,coupling,49,0.704296886920929,0.6976168155670166,0.010416666666666666,0.00968166091479361,0.010593675853063663,0.6938802202542623,0.6946152260061353,0.6870231397139529,0.005459725856781006,0.6891555001493543
encoder.layers.4.self_attn.q_proj,768,gtsrb,sun397,8,46,coupling,49,0.6555699110031128,0.6542875170707703,0.010416666666666666,0.00997511677754422,0.011263929074630141,0.6451532443364462,0.6455947942255685,0.6430235879961401,0.005459725856781006,0.6401350683687875
encoder.layers.4.self_attn.q_proj,768,gtsrb,svhn,8,46,coupling,49,0.7341363430023193,0.7317559123039246,0.010416666666666666,0.010656850800539056,0.011793911069010695,0.7237196763356527,0.7234794922017803,0.7199620012349138,0.005459725856781006,0.7180197663449993
encoder.layers.4.self_attn.q_proj,768,mnist,resisc45,8,46,coupling,49,0.6482872366905212,0.65659099817276,0.010416666666666666,0.01084359820621709,0.012494814582169056,0.6378705700238546,0.6374436384843042,0.644096183590591,0.005459725856781006,0.6319839126275232
encoder.layers.4.self_attn.q_proj,768,mnist,stanford-cars,8,46,coupling,49,0.7013702988624573,0.700995683670044,0.010416666666666666,0.010323703133811554,0.01201845915056765,0.6909536321957906,0.6910465957286457,0.6889772245194763,0.005459725856781006,0.6855868698718647
encoder.layers.4.self_attn.q_proj,768,mnist,sun397,8,46,coupling,49,0.6287704110145569,0.6321310997009277,0.010416666666666666,0.010104406159371138,0.011664921883493662,0.6183537443478903,0.6186660048551857,0.6204661778174341,0.005459725856781006,0.6132062789984047
encoder.layers.4.self_attn.q_proj,768,mnist,svhn,8,46,coupling,49,0.7265777587890625,0.7301722764968872,0.010416666666666666,0.011049970984458923,0.013272637578969201,0.7161610921223959,0.7155277878046036,0.716899638917918,0.005459725856781006,0.7100680619478226
encoder.layers.4.self_attn.q_proj,768,resisc45,stanford-cars,8,46,coupling,49,0.743827223777771,0.7469158172607422,0.010416666666666666,0.011593786689142386,0.013022468037282428,0.7334105571111044,0.7322334370886286,0.7338933492234597,0.005459725856781006,0.7267737112318476
encoder.layers.4.self_attn.q_proj,768,resisc45,sun397,8,46,coupling,49,0.7593557834625244,0.761696457862854,0.010416666666666666,0.010781247712050876,0.011907168198376894,0.7489391167958578,0.7485745357504735,0.7497892896644771,0.005459725856781006,0.7431148098936925
encoder.layers.4.self_attn.q_proj,768,resisc45,svhn,8,46,coupling,49,0.6502649188041687,0.6469697952270508,0.010416666666666666,0.01114251542215546,0.01224045129492879,0.6398482521375021,0.6391224033820132,0.634729343932122,0.005459725856781006,0.6336626775252322
encoder.layers.4.self_attn.q_proj,768,stanford-cars,sun397,8,46,coupling,49,0.764138400554657,0.7610430717468262,0.010416666666666666,0.010948151738072434,0.012795927779128155,0.7537217338879904,0.7531902488165846,0.748247143967698,0.005459725856781006,0.7477305229598036
encoder.layers.4.self_attn.q_proj,768,stanford-cars,svhn,8,46,coupling,49,0.634709358215332,0.6234084367752075,0.010416666666666666,0.0104087486397475,0.01219761340568463,0.6242926915486654,0.6243006095755845,0.6112108233695229,0.005459725856781006,0.6188408837188035
encoder.layers.4.self_attn.q_proj,768,sun397,svhn,8,46,coupling,49,0.6231681108474731,0.6243174076080322,0.010416666666666666,0.010259943354564408,0.011697984222943584,0.6127514441808065,0.6129081674929088,0.6126194233850887,0.005459725856781006,0.6074484416361278
encoder.layers.4.self_attn.v_proj,768,dtd,eurosat,8,46,coupling,49,0.6442704200744629,0.6483660936355591,0.010416666666666666,0.011236913269385695,0.012788508553057909,0.6338537534077963,0.6330335068050772,0.6355775850825012,-0.009013526141643524,0.6420470329467207
encoder.layers.4.self_attn.v_proj,768,dtd,gtsrb,8,46,coupling,49,0.6524026393890381,0.6506346464157104,0.010416666666666666,0.010355911295240125,0.01198134726534287,0.6419859727223715,0.6420467280937979,0.6386532991503676,-0.009013526141643524,0.6510602542354414
encoder.layers.4.self_attn.v_proj,768,dtd,mnist,8,46,coupling,49,0.6225628852844238,0.6170675754547119,0.010416666666666666,0.011793600860983133,0.012993556602547566,0.6121462186177572,0.6107692844234407,0.6040740188521644,-0.009013526141643524,0.6197828105650842
encoder.layers.4.self_attn.v_proj,768,dtd,resisc45,8,46,coupling,49,0.7297030091285706,0.724683403968811,0.010416666666666666,0.009845841171530386,0.011152509211873015,0.7192863424619039,0.7198571679570401,0.713530894756938,-0.009013526141643524,0.7288706940986837
encoder.layers.4.self_attn.v_proj,768,dtd,stanford-cars,8,46,coupling,49,0.6316702365875244,0.6252646446228027,0.010416666666666666,0.01133251430777212,0.01266793681619068,0.6212535699208578,0.6203377222797523,0.612596707806612,-0.009013526141643524,0.6293512484213958
encoder.layers.4.self_attn.v_proj,768,dtd,sun397,8,46,coupling,49,0.7794619202613831,0.7837991714477539,0.010416666666666666,0.010459340255086621,0.012388032084951798,0.7690452535947164,0.7690025800062964,0.7714111393628021,-0.009013526141643524,0.7780161061479399
encoder.layers.4.self_attn.v_proj,768,dtd,svhn,8,46,coupling,49,0.622010350227356,0.6230896711349487,0.010416666666666666,0.010547434290250143,0.011754503007978201,0.6115936835606893,0.6114629159371058,0.6113351681269705,-0.009013526141643524,0.6204764420787493
encoder.layers.4.self_attn.v_proj,768,eurosat,gtsrb,8,46,coupling,49,0.649405837059021,0.6490987539291382,0.010416666666666666,0.010153571687017878,0.011878537712618709,0.6389891703923544,0.6392522653720031,0.6372202162165195,-0.009013526141643524,0.6482657915136466
encoder.layers.4.self_attn.v_proj,768,eurosat,mnist,8,46,coupling,49,0.6188989281654358,0.6172058582305908,0.010416666666666666,0.010610641135523716,0.012374587822705507,0.6084822614987692,0.6082882870299121,0.6048312704078853,-0.009013526141643524,0.6173018131715556
encoder.layers.4.self_attn.v_proj,768,eurosat,resisc45,8,46,coupling,49,0.6606630682945251,0.659123957157135,0.010416666666666666,0.010236607554058233,0.011425229720771313,0.6502464016278585,0.650426460740467,0.6476987274363637,-0.009013526141643524,0.6594399868821105
encoder.layers.4.self_attn.v_proj,768,eurosat,stanford-cars,8,46,coupling,49,0.6123833656311035,0.6108132600784302,0.010416666666666666,0.010642952440927425,0.012039026090254387,0.6019666989644369,0.6017404131901761,0.5987742339881758,-0.009013526141643524,0.6107539393318197
encoder.layers.4.self_attn.v_proj,768,eurosat,sun397,8,46,coupling,49,0.6596192717552185,0.6650095582008362,0.010416666666666666,0.011030199006199837,0.012969943306719264,0.6492026050885519,0.6485890727490187,0.6520396148941169,-0.009013526141643524,0.6576025988906622
encoder.layers.4.self_attn.v_proj,768,eurosat,svhn,8,46,coupling,49,0.6877402067184448,0.6930536031723022,0.010416666666666666,0.010524419213955602,0.012190355376030007,0.6773235400517782,0.6772157875044892,0.6808632477962723,-0.009013526141643524,0.6862293136461327
encoder.layers.4.self_attn.v_proj,768,gtsrb,mnist,8,46,coupling,49,0.7304604053497314,0.7285732626914978,0.010416666666666666,0.01013035272868971,0.011710897786542773,0.7200437386830648,0.7203300526210418,0.716862364904955,-0.009013526141643524,0.7293435787626853
encoder.layers.4.self_attn.v_proj,768,gtsrb,resisc45,8,46,coupling,49,0.6700571775436401,0.6671371459960938,0.010416666666666666,0.009689997493599853,0.01080331765115261,0.6596405108769735,0.6603671800500402,0.6563338283449411,-0.009013526141643524,0.6693807061916838
encoder.layers.4.self_attn.v_proj,768,gtsrb,stanford-cars,8,46,coupling,49,0.6330040693283081,0.6268395781517029,0.010416666666666666,0.010508693056181073,0.011927530402317643,0.6225874026616415,0.622495376272127,0.6149120477493852,-0.009013526141643524,0.6315089024137706
encoder.layers.4.self_attn.v_proj,768,gtsrb,sun397,8,46,coupling,49,0.6574727296829224,0.6582795977592468,0.010416666666666666,0.01056878773185114,0.01201197481714189,0.6470560630162557,0.6469039419510713,0.6462676229421049,-0.009013526141643524,0.6559174680927148
encoder.layers.4.self_attn.v_proj,768,gtsrb,svhn,8,46,coupling,49,0.648155689239502,0.6407661437988281,0.010416666666666666,0.010117950267158449,0.011199657844069103,0.6377390225728353,0.6380377389723435,0.6295664859547591,-0.009013526141643524,0.647051265113987
encoder.layers.4.self_attn.v_proj,768,mnist,resisc45,8,46,coupling,49,0.6015695929527283,0.5970956683158875,0.010416666666666666,0.010161127429455519,0.011165025488783916,0.5911529262860616,0.5914084655232728,0.5859306428271035,-0.009013526141643524,0.6004219916649163
encoder.layers.4.self_attn.v_proj,768,mnist,stanford-cars,8,46,coupling,49,0.6175541877746582,0.6097500324249268,0.010416666666666666,0.010760917949179808,0.012324864122395715,0.6071375211079916,0.6067932698254784,0.597425168302531,-0.009013526141643524,0.615806795967122
encoder.layers.4.self_attn.v_proj,768,mnist,sun397,8,46,coupling,49,0.6007728576660156,0.5959715843200684,0.010416666666666666,0.010255290195345879,0.012210836866870522,0.590356190999349,0.5905175674706697,0.5837607474531978,-0.009013526141643524,0.5995310936123133
encoder.layers.4.self_attn.v_proj,768,mnist,svhn,8,46,coupling,49,0.6425657868385315,0.6365751624107361,0.010416666666666666,0.011681517120450735,0.013563993697365126,0.6321491201718649,0.6308842697180808,0.6230111687133709,-0.009013526141643524,0.6398977958597243
encoder.layers.4.self_attn.v_proj,768,resisc45,stanford-cars,8,46,coupling,49,0.6637968420982361,0.666029691696167,0.010416666666666666,0.01039997433933119,0.011697234120219946,0.6533801754315695,0.6533968677589049,0.654332457575947,-0.009013526141643524,0.6624103939005485
encoder.layers.4.self_attn.v_proj,768,resisc45,sun397,8,46,coupling,49,0.6753494739532471,0.6763474345207214,0.010416666666666666,0.01040988345630467,0.012328017192582289,0.6649328072865804,0.6649395904969424,0.6640194173281392,-0.009013526141643524,0.6739531166385859
encoder.layers.4.self_attn.v_proj,768,resisc45,svhn,8,46,coupling,49,0.6329331994056702,0.6298378109931946,0.010416666666666666,0.009907866711728275,0.011364531936123967,0.6225165327390035,0.6230253326939419,0.6184732790570706,-0.009013526141643524,0.6320388588355854
encoder.layers.4.self_attn.v_proj,768,stanford-cars,sun397,8,46,coupling,49,0.7897619009017944,0.7892694473266602,0.010416666666666666,0.011093522111574808,0.012602586532011628,0.7793452342351278,0.7786683787902197,0.7766668607946485,-0.009013526141643524,0.7876819049318632
encoder.layers.4.self_attn.v_proj,768,stanford-cars,svhn,8,46,coupling,49,0.6153987050056458,0.6011440753936768,0.010416666666666666,0.010065727091083923,0.011662159658347568,0.6049820383389791,0.6053329779145619,0.5894819157353292,-0.009013526141643524,0.6143465040562054
encoder.layers.4.self_attn.v_proj,768,sun397,svhn,8,46,coupling,49,0.6440390348434448,0.6421641111373901,0.010416666666666666,0.010753515215280155,0.01205560623202473,0.6336223681767782,0.6332855196281647,0.6301085049053654,-0.009013526141643524,0.6422990457698082
encoder.layers.5.self_attn.q_proj,768,dtd,eurosat,8,48,coupling,50,0.6734713315963745,0.6422269940376282,0.010416666666666666,0.010836657951585948,0.012922715318078795,0.6630546649297079,0.6626346736447886,0.6293042787195494,0.014930926263332367,0.6477037473814562
encoder.layers.5.self_attn.q_proj,768,dtd,gtsrb,8,48,coupling,50,0.7023968696594238,0.7132038474082947,0.010416666666666666,0.009713555608565608,0.011151318050300082,0.6919802029927572,0.6926833140508583,0.7020525293579946,0.014930926263332367,0.6777523877875259
encoder.layers.5.self_attn.q_proj,768,dtd,mnist,8,48,coupling,50,0.6358023285865784,0.6296416521072388,0.010416666666666666,0.010132007456074158,0.011490562542652091,0.6253856619199117,0.6256703211305042,0.6181510895645866,0.014930926263332367,0.6107393948671719
encoder.layers.5.self_attn.q_proj,768,dtd,resisc45,8,48,coupling,50,0.7245019674301147,0.7353405356407166,0.010416666666666666,0.009977995806063214,0.012306483695283532,0.7140853007634481,0.7145239716240516,0.723034051945433,0.014930926263332367,0.6995930453607192
encoder.layers.5.self_attn.q_proj,768,dtd,stanford-cars,8,48,coupling,50,0.6832979321479797,0.6775616407394409,0.010416666666666666,0.011126322826991478,0.013127082260325551,0.6728812654813131,0.6721716093209883,0.6644345584791154,0.014930926263332367,0.6572406830576559
encoder.layers.5.self_attn.q_proj,768,dtd,sun397,8,48,coupling,50,0.6757920980453491,0.6929905414581299,0.010416666666666666,0.011574487434700131,0.012908808421343565,0.6653754313786825,0.664217610610649,0.6800817330367863,0.014930926263332367,0.6492866843473166
encoder.layers.5.self_attn.q_proj,768,dtd,svhn,8,48,coupling,50,0.656381368637085,0.6730018854141235,0.010416666666666666,0.010889701234797636,0.01223187226181229,0.6459647019704183,0.6454916674022874,0.6607700131523112,0.014930926263332367,0.630560741138955
encoder.layers.5.self_attn.q_proj,768,eurosat,gtsrb,8,48,coupling,50,0.5951846837997437,0.592759907245636,0.010416666666666666,0.011130475749572119,0.013525010474647084,0.584768017133077,0.5840542080501715,0.5792348967709889,0.014930926263332367,0.5691232817868391
encoder.layers.5.self_attn.q_proj,768,eurosat,mnist,8,48,coupling,50,0.5732452273368835,0.5807169675827026,0.010416666666666666,0.010865369423603019,0.012522817434122166,0.5628285606702169,0.5623798579132805,0.5681941501485804,0.014930926263332367,0.5474489316499481
encoder.layers.5.self_attn.q_proj,768,eurosat,resisc45,8,48,coupling,50,0.6909568309783936,0.6895327568054199,0.010416666666666666,0.01066626732548078,0.012933493747065464,0.6805401643117269,0.6802905636529127,0.6765992630583545,0.014930926263332367,0.6653596373895804
encoder.layers.5.self_attn.q_proj,768,eurosat,stanford-cars,8,48,coupling,50,0.621670663356781,0.6169354319572449,0.010416666666666666,0.01134334954743584,0.01277516782283783,0.6112539966901144,0.6103273138093451,0.604160264134407,0.014930926263332367,0.5953963875460128
encoder.layers.5.self_attn.q_proj,768,eurosat,sun397,8,48,coupling,50,0.6477612853050232,0.6637132167816162,0.010416666666666666,0.011463070753961802,0.012993218920504054,0.6373446186383566,0.6362982145510614,0.6507199978611121,0.014930926263332367,0.621367288287729
encoder.layers.5.self_attn.q_proj,768,eurosat,svhn,8,48,coupling,50,0.5929824113845825,0.5994012355804443,0.010416666666666666,0.010202903804990152,0.012199508453098437,0.5825657447179159,0.5827795075795924,0.5872017271273459,0.014930926263332367,0.56784858131626
encoder.layers.5.self_attn.q_proj,768,gtsrb,mnist,8,48,coupling,50,0.6877570748329163,0.692310094833374,0.010416666666666666,0.009788153421444198,0.011652165868630012,0.6773404081662496,0.677968921411472,0.680657928964744,0.014930926263332367,0.6630379951481397
encoder.layers.5.self_attn.q_proj,768,gtsrb,resisc45,8,48,coupling,50,0.6339086294174194,0.6351304054260254,0.010416666666666666,0.010078079144780835,0.012199468600253264,0.6234919627507528,0.6238305502726386,0.6229309368257722,0.014930926263332367,0.6088996240093062
encoder.layers.5.self_attn.q_proj,768,gtsrb,stanford-cars,8,48,coupling,50,0.6864547729492188,0.6887911558151245,0.010416666666666666,0.009796727914363146,0.011733143823221326,0.6760381062825521,0.6766580450348556,0.6770580119919032,0.014930926263332367,0.6617271187715232
encoder.layers.5.self_attn.q_proj,768,gtsrb,sun397,8,48,coupling,50,0.6965892910957336,0.7057262659072876,0.010416666666666666,0.009933691238984466,0.011530102075388035,0.686172624429067,0.6866555998567492,0.6941961638318995,0.014930926263332367,0.6717246735934168
encoder.layers.5.self_attn.q_proj,768,gtsrb,svhn,8,48,coupling,50,0.7084505558013916,0.7149661779403687,0.010416666666666666,0.009511254999476174,0.011134045198559761,0.698033889134725,0.6989393008019155,0.7038321327418089,0.014930926263332367,0.6840083745385831
encoder.layers.5.self_attn.q_proj,768,mnist,resisc45,8,48,coupling,50,0.5870689153671265,0.5929120182991028,0.010416666666666666,0.011136385418164233,0.01327750738710165,0.5766522487004598,0.5759325299489623,0.5796345109120011,0.014930926263332367,0.5610016036856299
encoder.layers.5.self_attn.q_proj,768,mnist,stanford-cars,8,48,coupling,50,0.6356543898582458,0.6398651003837585,0.010416666666666666,0.010092781313384572,0.011983541849379739,0.6252377231915792,0.6255616085448613,0.6278815585343788,0.014930926263332367,0.610630682281529
encoder.layers.5.self_attn.q_proj,768,mnist,sun397,8,48,coupling,50,0.6271489262580872,0.631300151348114,0.010416666666666666,0.01101512749058505,0.012760099411631623,0.6167322595914205,0.6161337987675021,0.6185400519364824,0.014930926263332367,0.6012028725041697
encoder.layers.5.self_attn.q_proj,768,mnist,svhn,8,48,coupling,50,0.61903977394104,0.6200326681137085,0.010416666666666666,0.011044631944969296,0.012549489038065076,0.6086231072743734,0.6079951419960707,0.6074831790756434,0.014930926263332367,0.5930642157327384
encoder.layers.5.self_attn.q_proj,768,resisc45,stanford-cars,8,48,coupling,50,0.6101884245872498,0.6047701835632324,0.010416666666666666,0.010050614480860531,0.012160431632461647,0.5997717579205831,0.6001378101063892,0.5926097519307708,0.014930926263332367,0.5852068838430569
encoder.layers.5.self_attn.q_proj,768,resisc45,sun397,8,48,coupling,50,0.6447072625160217,0.6676930785179138,0.010416666666666666,0.0099245710298419,0.011883482414608201,0.6342905958493551,0.6347826914861798,0.6558095961033056,0.014930926263332367,0.6198517652228475
encoder.layers.5.self_attn.q_proj,768,resisc45,svhn,8,48,coupling,50,0.6044605374336243,0.6103559732437134,0.010416666666666666,0.012028245953842998,0.013299385628973445,0.5940438707669576,0.5924322914797813,0.5970565876147399,0.014930926263332367,0.5775013652164489
encoder.layers.5.self_attn.q_proj,768,stanford-cars,sun397,8,48,coupling,50,0.7563084363937378,0.7767497301101685,0.010416666666666666,0.011285771150141954,0.012443284038454294,0.7458917697270712,0.7450226652435958,0.7643064460717142,0.014930926263332367,0.7300917389802635
encoder.layers.5.self_attn.q_proj,768,stanford-cars,svhn,8,48,coupling,50,0.6232689619064331,0.6309042572975159,0.010416666666666666,0.01024944024781386,0.012124498607590795,0.6128522952397665,0.6130195216586193,0.6187797586899251,0.014930926263332367,0.5980885953952869
encoder.layers.5.self_attn.q_proj,768,sun397,svhn,8,48,coupling,50,0.6587580442428589,0.6604310274124146,0.010416666666666666,0.011436166241765022,0.01277296089877685,0.6483413775761923,0.6473218780010939,0.6476580665136377,0.014930926263332367,0.6323909517377615
encoder.layers.5.self_attn.v_proj,768,dtd,eurosat,8,48,coupling,50,0.6886792182922363,0.6799730062484741,0.010416666666666666,0.010627164039760828,0.012139128909135858,0.6782625516255697,0.6780520542524755,0.6678338773393383,0.015111364424228668,0.6629406898282468
encoder.layers.5.self_attn.v_proj,768,dtd,gtsrb,8,48,coupling,50,0.6586626768112183,0.6460797786712646,0.010416666666666666,0.010302941353681186,0.011557971127331257,0.6482460101445516,0.6483597354575371,0.6345218075439334,0.015111364424228668,0.6332483710333084
encoder.layers.5.self_attn.v_proj,768,dtd,mnist,8,48,coupling,50,0.5998789072036743,0.5868067741394043,0.010416666666666666,0.01051592081785202,0.011816003282244006,0.5894622405370077,0.5893629863858223,0.5749907708571603,0.015111364424228668,0.5742516219615936
encoder.layers.5.self_attn.v_proj,768,dtd,resisc45,8,48,coupling,50,0.7173742055892944,0.7258644104003906,0.010416666666666666,0.010505104515080651,0.011584683631857237,0.7069575389226278,0.7068691010742137,0.7142797267685334,0.015111364424228668,0.6917577366499851
encoder.layers.5.self_attn.v_proj,768,dtd,stanford-cars,8,48,coupling,50,0.6572925448417664,0.6520705819129944,0.010416666666666666,0.010938080182919899,0.012695364654064178,0.6468758781750997,0.6463544646588465,0.6393752172589302,0.015111364424228668,0.6312431002346178
encoder.layers.5.self_attn.v_proj,768,dtd,sun397,8,48,coupling,50,0.701440691947937,0.7067857980728149,0.010416666666666666,0.009835489559918642,0.010915037089337906,0.6910240252812704,0.6916052023880184,0.695870760983477,0.015111364424228668,0.6764938379637897
encoder.layers.5.self_attn.v_proj,768,dtd,svhn,8,48,coupling,50,0.6202808022499084,0.6216118335723877,0.010416666666666666,0.010678867809474468,0.012015870306640863,0.6098641355832418,0.609601934440434,0.6095959632657468,0.015111364424228668,0.5944905700162053
encoder.layers.5.self_attn.v_proj,768,eurosat,gtsrb,8,48,coupling,50,0.7037234902381897,0.6997655630111694,0.010416666666666666,0.010772375389933586,0.01228430774062872,0.6933068235715231,0.6929511148482561,0.6874812552705407,0.015111364424228668,0.6778397504240274
encoder.layers.5.self_attn.v_proj,768,eurosat,mnist,8,48,coupling,50,0.6150016188621521,0.6159206628799438,0.010416666666666666,0.010600221265728274,0.011523277188340822,0.6045849521954855,0.6044013975964239,0.6043973856916031,0.015111364424228668,0.5892900331721952
encoder.layers.5.self_attn.v_proj,768,eurosat,resisc45,8,48,coupling,50,0.6359580755233765,0.6384434103965759,0.010416666666666666,0.01015665129913638,0.011663569835945964,0.6255414088567098,0.6258014242242401,0.62677984056063,0.015111364424228668,0.6106900598000115
encoder.layers.5.self_attn.v_proj,768,eurosat,stanford-cars,8,48,coupling,50,0.6403265595436096,0.6400742530822754,0.010416666666666666,0.010075384518131614,0.011753374400238195,0.629909892876943,0.630251175025478,0.6283208786820372,0.015111364424228668,0.6151398106012493
encoder.layers.5.self_attn.v_proj,768,eurosat,sun397,8,48,coupling,50,0.7080485224723816,0.7052426338195801,0.010416666666666666,0.010757180629298091,0.012164322969814142,0.697631855805715,0.6972913418430835,0.6930783108497659,0.015111364424228668,0.6821799774188548
encoder.layers.5.self_attn.v_proj,768,eurosat,svhn,8,48,coupling,50,0.6112101674079895,0.6058523058891296,0.010416666666666666,0.010925254318863153,0.011961354175582528,0.6007935007413229,0.6002849130891263,0.5938909517135471,0.015111364424228668,0.5851735486648977
encoder.layers.5.self_attn.v_proj,768,gtsrb,mnist,8,48,coupling,50,0.7273563146591187,0.7208312749862671,0.010416666666666666,0.010466110582153002,0.011213386276115974,0.716939647992452,0.7168902040769657,0.7096178887101511,0.015111364424228668,0.701778839652737
encoder.layers.5.self_attn.v_proj,768,gtsrb,resisc45,8,48,coupling,50,0.7181161642074585,0.7179762125015259,0.010416666666666666,0.010690942911120752,0.012034343439154327,0.7076994975407919,0.7074252212963378,0.7059418690623716,0.015111364424228668,0.6923138568721091
encoder.layers.5.self_attn.v_proj,768,gtsrb,stanford-cars,8,48,coupling,50,0.685957133769989,0.6881352663040161,0.010416666666666666,0.011496905276241401,0.01277736849927654,0.6755404671033224,0.6744602284937476,0.6753578978047395,0.015111364424228668,0.659348864069519
encoder.layers.5.self_attn.v_proj,768,gtsrb,sun397,8,48,coupling,50,0.6465604901313782,0.639700174331665,0.010416666666666666,0.010805910763641199,0.011677522057046493,0.6361438234647115,0.6357545793677369,0.6280226522746185,0.015111364424228668,0.6206432149435083
encoder.layers.5.self_attn.v_proj,768,gtsrb,svhn,8,48,coupling,50,0.6814086437225342,0.6772749423980713,0.010416666666666666,0.011306311547135314,0.012709535425528884,0.6709919770558676,0.6701023321753988,0.6645654069725424,0.015111364424228668,0.6549909677511702
encoder.layers.5.self_attn.v_proj,768,mnist,resisc45,8,48,coupling,50,0.6613025665283203,0.6493457555770874,0.010416666666666666,0.01064728534159561,0.011888009496033192,0.6508858998616537,0.6506552811867247,0.6374577460810542,0.015111364424228668,0.635543916762496
encoder.layers.5.self_attn.v_proj,768,mnist,stanford-cars,8,48,coupling,50,0.6653449535369873,0.6607936024665833,0.010416666666666666,0.011329347888628641,0.012848119251430035,0.6549282868703207,0.6540156056483587,0.6479454832151532,0.015111364424228668,0.63890424122413
encoder.layers.5.self_attn.v_proj,768,mnist,sun397,8,48,coupling,50,0.5752202868461609,0.5646525621414185,0.010416666666666666,0.011124618196239075,0.012058594186479846,0.5648036201794943,0.5640956686499218,0.5525939679549386,0.015111364424228668,0.5489843042256931
encoder.layers.5.self_attn.v_proj,768,mnist,svhn,8,48,coupling,50,0.627345085144043,0.623185396194458,0.010416666666666666,0.011765215080231428,0.012755915134524306,0.6169284184773763,0.6155798700638115,0.6104294810599337,0.015111364424228668,0.6004685056395829
encoder.layers.5.self_attn.v_proj,768,resisc45,stanford-cars,8,48,coupling,50,0.6724610924720764,0.6702798008918762,0.010416666666666666,0.010372730670496821,0.012074806572248539,0.6620444258054098,0.6620883618015796,0.6582049943196276,0.015111364424228668,0.6469769973773509
encoder.layers.5.self_attn.v_proj,768,resisc45,sun397,8,48,coupling,50,0.7040143013000488,0.7117133140563965,0.010416666666666666,0.010086128255352378,0.011336590085799495,0.6935976346333822,0.6939281730446965,0.700376723970597,0.015111364424228668,0.6788168086204678
encoder.layers.5.self_attn.v_proj,768,resisc45,svhn,8,48,coupling,50,0.611968457698822,0.6159461736679077,0.010416666666666666,0.010949558733652035,0.012583959304417172,0.6015517910321554,0.60101889896517,0.6033622143634906,0.015111364424228668,0.5859075345409414
encoder.layers.5.self_attn.v_proj,768,stanford-cars,sun397,8,48,coupling,50,0.7256624102592468,0.7277045249938965,0.010416666666666666,0.010531100638521215,0.012308639008551836,0.7152457435925802,0.7151313096207256,0.7153958859853446,0.015111364424228668,0.7000199451964969
encoder.layers.5.self_attn.v_proj,768,stanford-cars,svhn,8,48,coupling,50,0.6577353477478027,0.6603050231933594,0.010416666666666666,0.010728777774299184,0.011974597427373132,0.6473186810811361,0.6470065699735036,0.6483304257659862,0.015111364424228668,0.6318952055492749
encoder.layers.5.self_attn.v_proj,768,sun397,svhn,8,48,coupling,50,0.6148417592048645,0.6171841025352478,0.010416666666666666,0.011055851820856333,0.01219298217135171,0.6044250925381979,0.6037859073840082,0.6049911203638961,0.015111364424228668,0.5886745429597795
encoder.layers.6.self_attn.q_proj,768,dtd,eurosat,8,64,coupling,44,0.6356934309005737,0.6292716264724731,0.010416666666666666,0.011360585029857853,0.013544963827977577,0.6252767642339071,0.6243328458707159,0.6157266626444956,0.00021798908710479736,0.6241148567836111
encoder.layers.6.self_attn.q_proj,768,dtd,gtsrb,8,64,coupling,44,0.6545736789703369,0.6537868976593018,0.010416666666666666,0.011190239107236266,0.013621326225499312,0.6441570123036703,0.6433834398631006,0.6401655714338025,0.00021798908710479736,0.6431654507759959
encoder.layers.6.self_attn.q_proj,768,dtd,mnist,8,64,coupling,44,0.5885170698165894,0.591198205947876,0.010416666666666666,0.010903721364835898,0.012279827535773316,0.5781004031499227,0.5776133484517535,0.5789183784121027,0.00021798908710479736,0.5773953593646487
encoder.layers.6.self_attn.q_proj,768,dtd,resisc45,8,64,coupling,44,0.6919088363647461,0.7005577683448792,0.010416666666666666,0.010698383441194892,0.013001606178780397,0.6814921696980795,0.6812104529235512,0.6875561621660987,0.00021798908710479736,0.6809924638364464
encoder.layers.6.self_attn.q_proj,768,dtd,stanford-cars,8,64,coupling,44,0.6116547584533691,0.6127828359603882,0.010416666666666666,0.011252787817890445,0.013090725677708784,0.6012380917867025,0.6004019706354787,0.5996921102826794,0.00021798908710479736,0.6001839815483739
encoder.layers.6.self_attn.q_proj,768,dtd,sun397,8,64,coupling,44,0.6986072659492493,0.6972404718399048,0.010416666666666666,0.010416457507138452,0.012114531438176831,0.6881905992825826,0.6881908084421108,0.6851259404017279,0.00021798908710479736,0.687972819355006
encoder.layers.6.self_attn.q_proj,768,dtd,svhn,8,64,coupling,44,0.6553812623023987,0.6499247550964355,0.010416666666666666,0.010011404597510895,0.012262314014757672,0.644964595635732,0.6453698577048878,0.6376624410816779,0.00021798908710479736,0.645151868617783
encoder.layers.6.self_attn.q_proj,768,eurosat,gtsrb,8,64,coupling,44,0.6604567766189575,0.6651839017868042,0.010416666666666666,0.010975351789966226,0.012374496863534054,0.6500401099522909,0.6494814248289913,0.6528094049232701,0.00021798908710479736,0.6492634357418865
encoder.layers.6.self_attn.q_proj,768,eurosat,mnist,8,64,coupling,44,0.5371690988540649,0.5411392450332642,0.010416666666666666,0.010044733683268229,0.011835612279052535,0.5267524321873983,0.5271243651707967,0.5293036327542117,0.00021798908710479736,0.526906376083692
encoder.layers.6.self_attn.q_proj,768,eurosat,resisc45,8,64,coupling,44,0.6232728362083435,0.6296595335006714,0.010416666666666666,0.010459183327232799,0.01271130897415181,0.6128561695416769,0.6128136528811107,0.6169482245265195,0.00021798908710479736,0.6125956637940059
encoder.layers.6.self_attn.q_proj,768,eurosat,stanford-cars,8,64,coupling,44,0.5728946328163147,0.571273148059845,0.010416666666666666,0.010421587697540721,0.011798231319213906,0.5624779661496481,0.5624730451187739,0.5594749167406311,0.00021798908710479736,0.5622550560316691
encoder.layers.6.self_attn.q_proj,768,eurosat,sun397,8,64,coupling,44,0.6290180087089539,0.6265124082565308,0.010416666666666666,0.010834748391062021,0.012365330631534258,0.6186013420422872,0.6181832603178918,0.6141470776249965,0.00021798908710479736,0.617965271230787
encoder.layers.6.self_attn.q_proj,768,eurosat,svhn,8,64,coupling,44,0.6228662729263306,0.6241832971572876,0.010416666666666666,0.010159201997642716,0.011996990457798043,0.6124496062596639,0.6127070709286878,0.6121863066994896,0.00021798908710479736,0.612489081841583
encoder.layers.6.self_attn.q_proj,768,gtsrb,mnist,8,64,coupling,44,0.6156211495399475,0.6211673021316528,0.010416666666666666,0.010117418908824524,0.012100708360473314,0.6052044828732809,0.605503730631123,0.6090665937711796,0.00021798908710479736,0.6052857415440182
encoder.layers.6.self_attn.q_proj,768,gtsrb,resisc45,8,64,coupling,44,0.7281426787376404,0.7328494191169739,0.010416666666666666,0.010092562607799968,0.012087288545444608,0.7177260120709738,0.7180501161298404,0.7207621305715293,0.00021798908710479736,0.7178321270427356
encoder.layers.6.self_attn.q_proj,768,gtsrb,stanford-cars,8,64,coupling,44,0.6586107611656189,0.6612295508384705,0.010416666666666666,0.010410214696700374,0.012248234124854207,0.6481940944989523,0.6482005464689186,0.6489813167136163,0.00021798908710479736,0.6479825573818138
encoder.layers.6.self_attn.q_proj,768,gtsrb,sun397,8,64,coupling,44,0.6127650141716003,0.6108216643333435,0.010416666666666666,0.010991778806783259,0.01248008431866765,0.6023483475049337,0.6017732353648171,0.5983415800146759,0.00021798908710479736,0.6015552462777123
encoder.layers.6.self_attn.q_proj,768,gtsrb,svhn,8,64,coupling,44,0.6909656524658203,0.6904986500740051,0.010416666666666666,0.01019208327246209,0.01230376586318016,0.6805489857991537,0.6807735691933582,0.678194884210825,0.00021798908710479736,0.6805555801062534
encoder.layers.6.self_attn.q_proj,768,mnist,resisc45,8,64,coupling,44,0.5721434354782104,0.5738212466239929,0.010416666666666666,0.010955136734992266,0.01211312459781766,0.5617267688115438,0.5611882987432182,0.5617081220261753,0.00021798908710479736,0.5609703096561134
encoder.layers.6.self_attn.q_proj,768,mnist,stanford-cars,8,64,coupling,44,0.5999586582183838,0.594673216342926,0.010416666666666666,0.010833927469017604,0.012312086609502634,0.5895419915517172,0.5891247307493662,0.5823611297334234,0.00021798908710479736,0.5889067416622614
encoder.layers.6.self_attn.q_proj,768,mnist,sun397,8,64,coupling,44,0.5615580677986145,0.5624752044677734,0.010416666666666666,0.010122620539429287,0.011654951221620044,0.5511414011319479,0.5514354472591853,0.5508202532461534,0.00021798908710479736,0.5512174581720805
encoder.layers.6.self_attn.q_proj,768,mnist,svhn,8,64,coupling,44,0.6857103109359741,0.6885651350021362,0.010416666666666666,0.010086631790424386,0.011606786555300156,0.6752936442693075,0.6756236791455498,0.6769583484468361,0.00021798908710479736,0.675405690058445
encoder.layers.6.self_attn.q_proj,768,resisc45,stanford-cars,8,64,coupling,44,0.7384994029998779,0.7446882128715515,0.010416666666666666,0.011224602814763784,0.013008375729744634,0.7280827363332113,0.7272748001851141,0.7316798371418068,0.00021798908710479736,0.7270568110980093
encoder.layers.6.self_attn.q_proj,768,resisc45,sun397,8,64,coupling,44,0.7105266451835632,0.7114365696907043,0.010416666666666666,0.010385083345075449,0.012452261988073587,0.7001099785168966,0.7001415618384877,0.6989843077026308,0.00021798908710479736,0.699923572751383
encoder.layers.6.self_attn.q_proj,768,resisc45,svhn,8,64,coupling,44,0.5871788263320923,0.5885883569717407,0.010416666666666666,0.011050392019872865,0.012901563585425416,0.5767621596654257,0.5761284343122194,0.5756867933863153,0.00021798908710479736,0.5759104452251146
encoder.layers.6.self_attn.q_proj,768,stanford-cars,sun397,8,64,coupling,44,0.6981671452522278,0.6925479173660278,0.010416666666666666,0.01061094420341154,0.012372611556202173,0.6877504785855612,0.6875562010488162,0.6801753058098257,0.00021798908710479736,0.6873382119617114
encoder.layers.6.self_attn.q_proj,768,stanford-cars,svhn,8,64,coupling,44,0.6181447505950928,0.6174353957176208,0.010416666666666666,0.011019393956909576,0.013102708151564002,0.6077280839284261,0.6071253566381832,0.6043326875660568,0.00021798908710479736,0.6069073675510784
encoder.layers.6.self_attn.q_proj,768,sun397,svhn,8,64,coupling,44,0.607518196105957,0.6038421392440796,0.010416666666666666,0.011040603431562582,0.013391510428239902,0.5971015294392904,0.5964775926743945,0.5904506288158397,0.00021798908710479736,0.5962596035872897
encoder.layers.6.self_attn.v_proj,768,dtd,eurosat,8,64,coupling,44,0.6525683403015137,0.6510601043701172,0.010416666666666666,0.011111632222309709,0.012689801941936215,0.642151673634847,0.641456708079204,0.6383703024281809,0.0005213543772697449,0.6409353537019342
encoder.layers.6.self_attn.v_proj,768,dtd,gtsrb,8,64,coupling,44,0.6278007626533508,0.6226851940155029,0.010416666666666666,0.010679657609822849,0.012608202484746775,0.6173840959866842,0.617121105043528,0.6100769915307561,0.0005213543772697449,0.6165997506662583
encoder.layers.6.self_attn.v_proj,768,dtd,mnist,8,64,coupling,44,0.6324062943458557,0.6297296285629272,0.010416666666666666,0.010049943812191486,0.011595477893327674,0.6219896276791891,0.6223563505336642,0.6181341506695995,0.0005213543772697449,0.6218349961563945
encoder.layers.6.self_attn.v_proj,768,dtd,resisc45,8,64,coupling,44,0.6973339915275574,0.685921311378479,0.010416666666666666,0.010505549454440674,0.012298138889794549,0.6869173248608907,0.6868284420731167,0.6736231724886844,0.0005213543772697449,0.6863070876958469
encoder.layers.6.self_attn.v_proj,768,dtd,stanford-cars,8,64,coupling,44,0.6647384166717529,0.6625990271568298,0.010416666666666666,0.010050742343689004,0.012196513552529117,0.6543217500050863,0.654687674328064,0.6504025136043007,0.0005213543772697449,0.6541663199507942
encoder.layers.6.self_attn.v_proj,768,dtd,sun397,8,64,coupling,44,0.6602288484573364,0.6593096256256104,0.010416666666666666,0.010936760576441884,0.012830418689797321,0.6498121817906698,0.6492920878808945,0.6464792069358131,0.0005213543772697449,0.6487707335036248
encoder.layers.6.self_attn.v_proj,768,dtd,svhn,8,64,coupling,44,0.5881080031394958,0.5902305841445923,0.010416666666666666,0.010942576879945895,0.012820079922676086,0.5776913364728292,0.5771654262595499,0.5774105042219162,0.0005213543772697449,0.5766440718822802
encoder.layers.6.self_attn.v_proj,768,eurosat,gtsrb,8,64,coupling,44,0.6925381422042847,0.697068452835083,0.010416666666666666,0.009633763305221995,0.01189671146372954,0.682121475537618,0.6829043788990626,0.6851717413713535,0.0005213543772697449,0.6823830245217929
encoder.layers.6.self_attn.v_proj,768,eurosat,mnist,8,64,coupling,44,0.6509790420532227,0.6537154316902161,0.010416666666666666,0.010072944375375906,0.012046225679417452,0.640562375386556,0.6409060976778468,0.6416692060107986,0.0005213543772697449,0.640384743300577
encoder.layers.6.self_attn.v_proj,768,eurosat,resisc45,8,64,coupling,44,0.6974246501922607,0.7021596431732178,0.010416666666666666,0.01114264161636432,0.012624463920171062,0.6870079835255941,0.6862820085758964,0.6895351792530467,0.0005213543772697449,0.6857606541986266
encoder.layers.6.self_attn.v_proj,768,eurosat,stanford-cars,8,64,coupling,44,0.6489318013191223,0.6528288722038269,0.010416666666666666,0.009973972841786841,0.011888813537855944,0.6385151346524557,0.6389578284773355,0.6409400586659709,0.0005213543772697449,0.6384364741000658
encoder.layers.6.self_attn.v_proj,768,eurosat,sun397,8,64,coupling,44,0.5881881713867188,0.5908852815628052,0.010416666666666666,0.011169837787747383,0.01307589428809782,0.5777715047200521,0.5770183335989714,0.5778093872747073,0.0005213543772697449,0.5764969792217016
encoder.layers.6.self_attn.v_proj,768,eurosat,svhn,8,64,coupling,44,0.6630023717880249,0.6709723472595215,0.010416666666666666,0.00979900658906748,0.011534995709856352,0.6525857051213583,0.6532033651989574,0.6594373515496651,0.0005213543772697449,0.6526820108216876
encoder.layers.6.self_attn.v_proj,768,gtsrb,mnist,8,64,coupling,44,0.6833160519599915,0.6845117807388306,0.010416666666666666,0.010506727267056704,0.01268379514416059,0.6728993852933248,0.6728093246929348,0.6718279855946699,0.0005213543772697449,0.672287970315665
encoder.layers.6.self_attn.v_proj,768,gtsrb,resisc45,8,64,coupling,44,0.6648699045181274,0.6717270612716675,0.010416666666666666,0.010417053010314703,0.011758819377670685,0.6544532378514608,0.6544528515078127,0.6599682418939968,0.0005213543772697449,0.653931497130543
encoder.layers.6.self_attn.v_proj,768,gtsrb,stanford-cars,8,64,coupling,44,0.6430066227912903,0.6401265263557434,0.010416666666666666,0.009830790494258205,0.011619125415260593,0.6325899561246237,0.6331758322970321,0.6285074009404829,0.0005213543772697449,0.6326544779197624
encoder.layers.6.self_attn.v_proj,768,gtsrb,sun397,8,64,coupling,44,0.6566581726074219,0.6578335165977478,0.010416666666666666,0.010544280637986958,0.011906656514232358,0.6462415059407552,0.6461138919694349,0.6459268600835154,0.0005213543772697449,0.6455925375921652
encoder.layers.6.self_attn.v_proj,768,gtsrb,svhn,8,64,coupling,44,0.6693349480628967,0.6735547780990601,0.010416666666666666,0.010378156905062497,0.012539835646748543,0.6589182813962301,0.6589567911578342,0.6610149424523115,0.0005213543772697449,0.6584354367805645
encoder.layers.6.self_attn.v_proj,768,mnist,resisc45,8,64,coupling,44,0.5719326734542847,0.5651659965515137,0.010416666666666666,0.011494232341647148,0.013209780600542823,0.561516006787618,0.5604384411126375,0.5519562159509709,0.0005213543772697449,0.5599170867353678
encoder.layers.6.self_attn.v_proj,768,mnist,stanford-cars,8,64,coupling,44,0.5832570791244507,0.5798554420471191,0.010416666666666666,0.011554236679027477,0.013119057208920518,0.572840412457784,0.5717028424454232,0.5667363848381987,0.0005213543772697449,0.5711814880681535
encoder.layers.6.self_attn.v_proj,768,mnist,sun397,8,64,coupling,44,0.527604341506958,0.5292012691497803,0.010416666666666666,0.010690828086808324,0.012895481816182533,0.5171876748402914,0.5169135134201497,0.5163057873335978,0.0005213543772697449,0.5163921590428799
encoder.layers.6.self_attn.v_proj,768,mnist,svhn,8,64,coupling,44,0.5872260928153992,0.5938679575920105,0.010416666666666666,0.011208822640279928,0.012814374291338027,0.5768094261487325,0.5760172701751193,0.5810535833006725,0.0005213543772697449,0.5754959157978495
encoder.layers.6.self_attn.v_proj,768,resisc45,stanford-cars,8,64,coupling,44,0.6869925260543823,0.6888670325279236,0.010416666666666666,0.011496037244796753,0.013329089852049947,0.6765758593877157,0.6754964888095856,0.6755379426758736,0.0005213543772697449,0.6749751344323158
encoder.layers.6.self_attn.v_proj,768,resisc45,sun397,8,64,coupling,44,0.6858360171318054,0.6876999139785767,0.010416666666666666,0.010949622606858611,0.01292790612205863,0.6754193504651388,0.6748863945249468,0.674772007856518,0.0005213543772697449,0.6743650401476771
encoder.layers.6.self_attn.v_proj,768,resisc45,svhn,8,64,coupling,44,0.5613214373588562,0.5689065456390381,0.010416666666666666,0.010963589030628404,0.012620669634391865,0.5509047706921896,0.5503578483282278,0.5562858760046462,0.0005213543772697449,0.549836493950958
encoder.layers.6.self_attn.v_proj,768,stanford-cars,sun397,8,64,coupling,44,0.6983784437179565,0.697539210319519,0.010416666666666666,0.011478492602085074,0.013235066706935564,0.6879617770512899,0.6868999511158714,0.6843041436125835,0.0005213543772697449,0.6863785967386017
encoder.layers.6.self_attn.v_proj,768,stanford-cars,svhn,8,64,coupling,44,0.6000182628631592,0.5991024971008301,0.010416666666666666,0.010860382734487454,0.012899693567305803,0.5896015961964926,0.5891578801286718,0.5862028035335243,0.0005213543772697449,0.588636525751402
encoder.layers.6.self_attn.v_proj,768,sun397,svhn,8,64,coupling,44,0.5423308610916138,0.5399396419525146,0.010416666666666666,0.010293191531673074,0.011741341324523091,0.5319141944249471,0.5320376695599407,0.5281983006279916,0.0005213543772697449,0.531516315182671
encoder.layers.7.self_attn.q_proj,768,dtd,eurosat,8,53,coupling,38,0.6142078638076782,0.6129019856452942,0.010416666666666666,0.011195979624365767,0.013762762071564794,0.6037911971410116,0.6030118841833124,0.5991392235737294,-0.015852399170398712,0.6188642833537111
encoder.layers.7.self_attn.q_proj,768,dtd,gtsrb,8,53,coupling,38,0.5985127687454224,0.5969340801239014,0.010416666666666666,0.010229982629728815,0.012901144878317913,0.5880961020787557,0.5882827861156935,0.5840329352455834,-0.015852399170398712,0.6041351852860922
encoder.layers.7.self_attn.q_proj,768,dtd,mnist,8,53,coupling,38,0.5843325257301331,0.5889701843261719,0.010416666666666666,0.010015306839098534,0.012439082376658916,0.5739158590634664,0.5743172188910345,0.576531101949513,-0.015852399170398712,0.5901696180614332
encoder.layers.7.self_attn.q_proj,768,dtd,resisc45,8,53,coupling,38,0.6306859850883484,0.626365065574646,0.010416666666666666,0.00991822441574186,0.011652226637428006,0.6202693184216818,0.6207677606726065,0.614712838937218,-0.015852399170398712,0.6366201598430052
encoder.layers.7.self_attn.q_proj,768,dtd,stanford-cars,8,53,coupling,38,0.5288390517234802,0.5209940075874329,0.010416666666666666,0.010550638660788536,0.012462913834800323,0.5184223850568136,0.5182884130626917,0.5085310937526325,-0.015852399170398712,0.5341408122330904
encoder.layers.7.self_attn.q_proj,768,dtd,sun397,8,53,coupling,38,0.5625640749931335,0.55731600522995,0.010416666666666666,0.01125679211691022,0.013829353963956237,0.5521474083264669,0.5513072828762233,0.5434866512659937,-0.015852399170398712,0.567159682046622
encoder.layers.7.self_attn.q_proj,768,dtd,svhn,8,53,coupling,38,0.6001565456390381,0.6003527045249939,0.010416666666666666,0.0112488626036793,0.013521191586429874,0.5897398789723715,0.5889076830353588,0.5868315129385641,-0.015852399170398712,0.6047600822057575
encoder.layers.7.self_attn.q_proj,768,eurosat,gtsrb,8,53,coupling,38,0.647175669670105,0.6419768333435059,0.010416666666666666,0.010668102651834488,0.013177786255255342,0.6367590030034384,0.6365075670182705,0.6287990470882505,-0.015852399170398712,0.6523599661886692
encoder.layers.7.self_attn.q_proj,768,eurosat,mnist,8,53,coupling,38,0.4585034251213074,0.4616604149341583,0.010416666666666666,0.010673283870952824,0.01334487049219509,0.4480867584546407,0.44783014125035453,0.44831554444196325,-0.015852399170398712,0.46368254042075324
encoder.layers.7.self_attn.q_proj,768,eurosat,resisc45,8,53,coupling,38,0.6781625151634216,0.6781776547431946,0.010416666666666666,0.010222714549551407,0.012749708180005351,0.667745848496755,0.6679398006138703,0.6654279465631893,-0.015852399170398712,0.683792199784269
encoder.layers.7.self_attn.q_proj,768,eurosat,stanford-cars,8,53,coupling,38,0.5944243669509888,0.5929354429244995,0.010416666666666666,0.011417818798994025,0.013854744378477335,0.5840077002843221,0.5830065481519947,0.5790806985460222,-0.015852399170398712,0.5988589473223934
encoder.layers.7.self_attn.q_proj,768,eurosat,sun397,8,53,coupling,38,0.6065995097160339,0.6072830557823181,0.010416666666666666,0.011654495960101485,0.014793329018478593,0.5961828430493673,0.5949450137559325,0.5924897267638395,-0.015852399170398712,0.6107974129263312
encoder.layers.7.self_attn.q_proj,768,eurosat,svhn,8,53,coupling,38,0.6152001023292542,0.6188582181930542,0.010416666666666666,0.010703556627656022,0.013261192090188464,0.6047834356625875,0.6044965457015982,0.6055970261028657,-0.015852399170398712,0.6203489448719969
encoder.layers.7.self_attn.q_proj,768,gtsrb,mnist,8,53,coupling,38,0.5162994861602783,0.5477546453475952,0.010416666666666666,0.010356369738777479,0.013441262921939293,0.5058828194936117,0.5059431164215008,0.534313382425656,-0.015852399170398712,0.5217955155918995
encoder.layers.7.self_attn.q_proj,768,gtsrb,resisc45,8,53,coupling,38,0.6675321459770203,0.6614687442779541,0.010416666666666666,0.010747702326625586,0.012625875029092034,0.6571154793103536,0.6567844436503947,0.648842869248862,-0.015852399170398712,0.6726368428207934
encoder.layers.7.self_attn.q_proj,768,gtsrb,stanford-cars,8,53,coupling,38,0.5645089149475098,0.5609323978424072,0.010416666666666666,0.012067854714890322,0.014757693589975437,0.5540922482808431,0.5524410602326194,0.5461747042524318,-0.015852399170398712,0.5682934594030181
encoder.layers.7.self_attn.q_proj,768,gtsrb,sun397,8,53,coupling,38,0.5874492526054382,0.5815969705581665,0.010416666666666666,0.009970790008082986,0.012325921018297473,0.5770325859387716,0.5774784625973552,0.5692710495398691,-0.015852399170398712,0.593330861767754
encoder.layers.7.self_attn.q_proj,768,gtsrb,svhn,8,53,coupling,38,0.6640840172767639,0.6655300259590149,0.010416666666666666,0.010238662439708909,0.01267552375793457,0.6536673506100973,0.653845354837055,0.6528545022010803,-0.015852399170398712,0.6696977540074537
encoder.layers.7.self_attn.q_proj,768,mnist,resisc45,8,53,coupling,38,0.5150380730628967,0.49735337495803833,0.010416666666666666,0.010093304134594897,0.0121125103905797,0.5046214063962301,0.5049447689283019,0.48524086456745863,-0.015852399170398712,0.5207971680987006
encoder.layers.7.self_attn.q_proj,768,mnist,stanford-cars,8,53,coupling,38,0.5612201690673828,0.5648201704025269,0.010416666666666666,0.011226425723483166,0.013968650406847397,0.5508035024007162,0.5499937433438996,0.5508515199956795,-0.015852399170398712,0.5658461425142983
encoder.layers.7.self_attn.q_proj,768,mnist,sun397,8,53,coupling,38,0.5767688155174255,0.5559580326080322,0.010416666666666666,0.010562944846848646,0.012758456946661076,0.5663521488507589,0.5662058706705769,0.5431995756613711,-0.015852399170398712,0.5820582698409756
encoder.layers.7.self_attn.q_proj,768,mnist,svhn,8,53,coupling,38,0.6184043884277344,0.6214421391487122,0.010416666666666666,0.011899463599547744,0.013688684906810522,0.6079877217610677,0.6065049248281866,0.6077534542419016,-0.015852399170398712,0.6223573239985853
encoder.layers.7.self_attn.q_proj,768,resisc45,stanford-cars,8,53,coupling,38,0.5657122731208801,0.5518277883529663,0.010416666666666666,0.010138582671061158,0.012229169951751828,0.5552956064542135,0.555573690449819,0.5395986184012145,-0.015852399170398712,0.5714260896202177
encoder.layers.7.self_attn.q_proj,768,resisc45,sun397,8,53,coupling,38,0.6373580694198608,0.6282240152359009,0.010416666666666666,0.010205990596053502,0.012708907558893165,0.6269414027531942,0.6271520788238073,0.6155151076770077,-0.015852399170398712,0.643004477994206
encoder.layers.7.self_attn.q_proj,768,resisc45,svhn,8,53,coupling,38,0.6414250135421753,0.648962140083313,0.010416666666666666,0.010334019549190998,0.01247805442350606,0.6310083468755087,0.6310909939929843,0.636484085659807,-0.015852399170398712,0.646943393163383
encoder.layers.7.self_attn.q_proj,768,stanford-cars,sun397,8,53,coupling,38,0.6886045336723328,0.6877292990684509,0.010416666666666666,0.010732693830505013,0.012909000118573507,0.6781878670056661,0.6778718398418278,0.6748202989498774,-0.015852399170398712,0.6937242390122265
encoder.layers.7.self_attn.q_proj,768,stanford-cars,svhn,8,53,coupling,38,0.5491098761558533,0.5487696528434753,0.010416666666666666,0.010737320718665918,0.013474254558483759,0.5386932094891866,0.5383725554371873,0.5352953982849916,-0.015852399170398712,0.554224954607586
encoder.layers.7.self_attn.q_proj,768,sun397,svhn,8,53,coupling,38,0.5636957287788391,0.5638625025749207,0.010416666666666666,0.010920420909921328,0.013098045019432902,0.5532790621121725,0.5527753078689178,0.5507644575554878,-0.015852399170398712,0.5686277070393165
encoder.layers.7.self_attn.v_proj,768,dtd,eurosat,8,53,coupling,38,0.6640004515647888,0.6710278987884521,0.010416666666666666,0.010425340849906206,0.012196383671835065,0.6535837848981222,0.6535751107148826,0.6588315151166171,0.0017292723059654236,0.6518458384089172
encoder.layers.7.self_attn.v_proj,768,dtd,gtsrb,8,53,coupling,38,0.60205078125,0.6069762706756592,0.010416666666666666,0.009968152386136353,0.01189871372965475,0.5916341145833334,0.5920826288638636,0.5950775569460044,0.0017292723059654236,0.5903533565578982
encoder.layers.7.self_attn.v_proj,768,dtd,mnist,8,53,coupling,38,0.6120556592941284,0.6107426881790161,0.010416666666666666,0.01160525530576706,0.012863737065345049,0.6016389926274618,0.6004504039883614,0.5978789511136711,0.0017292723059654236,0.5987211316823959
encoder.layers.7.self_attn.v_proj,768,dtd,resisc45,8,53,coupling,38,0.7150071859359741,0.7150271534919739,0.010416666666666666,0.011115615721791983,0.012691787211224437,0.7045905192693075,0.7038915702141821,0.7023353662807494,0.0017292723059654236,0.7021622979082167
encoder.layers.7.self_attn.v_proj,768,dtd,stanford-cars,8,53,coupling,38,0.6027676463127136,0.6104682087898254,0.010416666666666666,0.010428657134373983,0.012704585368434588,0.592350979646047,0.5923389891783396,0.5977636234213909,0.0017292723059654236,0.5906097168723742
encoder.layers.7.self_attn.v_proj,768,dtd,sun397,8,53,coupling,38,0.6451827883720398,0.6478536128997803,0.010416666666666666,0.010767901859556636,0.012983475113287568,0.6347661217053732,0.6344148865124831,0.6348701377864927,0.0017292723059654236,0.6326856142065177
encoder.layers.7.self_attn.v_proj,768,dtd,svhn,8,53,coupling,38,0.5634983777999878,0.5575649738311768,0.010416666666666666,0.011005653766915202,0.012384238497664532,0.5530817111333212,0.5524927240330726,0.5451807353335122,0.0017292723059654236,0.5507634517271072
encoder.layers.7.self_attn.v_proj,768,eurosat,gtsrb,8,53,coupling,38,0.588641881942749,0.5887070894241333,0.010416666666666666,0.010334743070416152,0.011842923665729662,0.5782252152760824,0.5783071388723329,0.5768641657584036,0.0017292723059654236,0.5765778665663674
encoder.layers.7.self_attn.v_proj,768,eurosat,mnist,8,53,coupling,38,0.577103853225708,0.5794597864151001,0.010416666666666666,0.011159959637249509,0.01312357047572732,0.5666871865590414,0.5659438935884585,0.5663362159393728,0.0017292723059654236,0.5642146212824931
encoder.layers.7.self_attn.v_proj,768,eurosat,resisc45,8,53,coupling,38,0.7278992533683777,0.7306452393531799,0.010416666666666666,0.010806190703685084,0.012273991480469704,0.7174825867017111,0.7170930626646926,0.7183712478727102,0.0017292723059654236,0.7153637903587272
encoder.layers.7.self_attn.v_proj,768,eurosat,stanford-cars,8,53,coupling,38,0.5560492873191833,0.549929141998291,0.010416666666666666,0.011042864333527783,0.012640660163015127,0.5456326206525167,0.5450064229856556,0.5372884818352759,0.0017292723059654236,0.5432771506796902
encoder.layers.7.self_attn.v_proj,768,eurosat,sun397,8,53,coupling,38,0.5980949997901917,0.6000140309333801,0.010416666666666666,0.010174623147274056,0.012268194307883581,0.587678333123525,0.5879203766429176,0.5877458366254965,0.0017292723059654236,0.5861911043369522
encoder.layers.7.self_attn.v_proj,768,eurosat,svhn,8,53,coupling,38,0.6178545951843262,0.6042732000350952,0.010416666666666666,0.010900335502810776,0.012763828970491886,0.6074379285176595,0.6069542596815154,0.5915093710646033,0.0017292723059654236,0.60522498737555
encoder.layers.7.self_attn.v_proj,768,gtsrb,mnist,8,53,coupling,38,0.6039551496505737,0.5979334115982056,0.010416666666666666,0.010848241314912835,0.013044808137541017,0.5935384829839071,0.5931069083356609,0.5848886034606645,0.0017292723059654236,0.5913776360296955
encoder.layers.7.self_attn.v_proj,768,gtsrb,resisc45,8,53,coupling,38,0.6396176815032959,0.6480327844619751,0.010416666666666666,0.011054643507425984,0.01253668723317484,0.6292010148366293,0.6285630379958699,0.6354960972288003,0.0017292723059654236,0.6268337656899045
encoder.layers.7.self_attn.v_proj,768,gtsrb,stanford-cars,8,53,coupling,38,0.6688637733459473,0.6578731536865234,0.010416666666666666,0.010469304475312432,0.012470061657950282,0.6584471066792806,0.6583944688706348,0.6454030920285732,0.0017292723059654236,0.6566651965646694
encoder.layers.7.self_attn.v_proj,768,gtsrb,sun397,8,53,coupling,38,0.6343320608139038,0.6409689784049988,0.010416666666666666,0.011667601531371474,0.013247908093035221,0.6239153941472372,0.6226644592825323,0.6277210703119636,0.0017292723059654236,0.6209351869765669
encoder.layers.7.self_attn.v_proj,768,gtsrb,svhn,8,53,coupling,38,0.6460291743278503,0.6273065805435181,0.010416666666666666,0.010289040471737584,0.011773967184126377,0.6356125076611837,0.6357401338561127,0.6155326133593917,0.0017292723059654236,0.6340108615501473
encoder.layers.7.self_attn.v_proj,768,mnist,resisc45,8,53,coupling,38,0.6186210513114929,0.6226305961608887,0.010416666666666666,0.01075681260166069,0.013701795522744456,0.6082043846448263,0.6078642387098322,0.6089288006381443,0.0017292723059654236,0.6061349664038668
encoder.layers.7.self_attn.v_proj,768,mnist,stanford-cars,8,53,coupling,38,0.5752124786376953,0.5787149667739868,0.010416666666666666,0.011398915744697055,0.01433616077216963,0.5647958119710287,0.5638135628929982,0.5643788060018172,0.0017292723059654236,0.5620842905870328
encoder.layers.7.self_attn.v_proj,768,mnist,sun397,8,53,coupling,38,0.557064414024353,0.5743008255958557,0.010416666666666666,0.011365936681007346,0.013350714153299728,0.5466477473576864,0.5456984773433456,0.560950111442556,0.0017292723059654236,0.5439692050373802
encoder.layers.7.self_attn.v_proj,768,mnist,svhn,8,53,coupling,38,0.6669986248016357,0.6658445000648499,0.010416666666666666,0.010403082007542253,0.012343818709875146,0.6565819581349691,0.6565955427940935,0.6535006813549747,0.0017292723059654236,0.6548662704881281
encoder.layers.7.self_attn.v_proj,768,resisc45,stanford-cars,8,53,coupling,38,0.6550893783569336,0.6589183211326599,0.010416666666666666,0.011210463397825757,0.013791607149566213,0.644672711690267,0.6438789149591079,0.6451267139830937,0.0017292723059654236,0.6421496426531424
encoder.layers.7.self_attn.v_proj,768,resisc45,sun397,8,53,coupling,38,0.752567708492279,0.7533772587776184,0.010416666666666666,0.01004139551271995,0.012551204767078161,0.7421510418256124,0.7425263129795591,0.7408260540105402,0.0017292723059654236,0.7407970406735936
encoder.layers.7.self_attn.v_proj,768,resisc45,svhn,8,53,coupling,38,0.570280134677887,0.5711457133293152,0.010416666666666666,0.010584541984523336,0.012233103315035502,0.5598634680112203,0.5596955926933637,0.5589126100142797,0.0017292723059654236,0.5579663203873982
encoder.layers.7.self_attn.v_proj,768,stanford-cars,sun397,8,53,coupling,38,0.7224517464637756,0.724286675453186,0.010416666666666666,0.010776568902656436,0.013906328550850352,0.712035079797109,0.7116751775611192,0.7103803469023356,0.0017292723059654236,0.7099459052551538
encoder.layers.7.self_attn.v_proj,768,stanford-cars,svhn,8,53,coupling,38,0.6715444326400757,0.6708896160125732,0.010416666666666666,0.011075411069517335,0.013647449435666203,0.661127765973409,0.6604690215705583,0.657242166576907,0.0017292723059654236,0.6587397492645929
encoder.layers.7.self_attn.v_proj,768,sun397,svhn,8,53,coupling,38,0.5791248679161072,0.5846678614616394,0.010416666666666666,0.010683351041128239,0.01272679252239565,0.5687082012494405,0.5684415168749789,0.5719410689392438,0.0017292723059654236,0.5667122445690135
encoder.layers.8.self_attn.q_proj,768,dtd,eurosat,8,48,coupling,37,0.5800394415855408,0.5832442045211792,0.010416666666666666,0.010286621594180664,0.01251212895537416,0.5696227749188741,0.5697528199913601,0.5707320755658051,0.006164051592350006,0.5635887683990101
encoder.layers.8.self_attn.q_proj,768,dtd,gtsrb,8,48,coupling,37,0.59140545129776,0.5935652256011963,0.010416666666666666,0.010008390294387937,0.01212568604387343,0.5809887846310934,0.5813970610033721,0.5814395395573229,0.006164051592350006,0.5752330094110221
encoder.layers.8.self_attn.q_proj,768,dtd,mnist,8,48,coupling,37,0.5312947034835815,0.5366047620773315,0.010416666666666666,0.010350706948277852,0.012113200422997275,0.5208780368169149,0.5209439965353037,0.5244915616543343,0.006164051592350006,0.5147799449429536
encoder.layers.8.self_attn.q_proj,768,dtd,resisc45,8,48,coupling,37,0.6381512880325317,0.640529990196228,0.010416666666666666,0.011393195173392693,0.01387848355807364,0.6277346213658651,0.6267580928591391,0.6266515066381544,0.006164051592350006,0.6205940412667891
encoder.layers.8.self_attn.q_proj,768,dtd,stanford-cars,8,48,coupling,37,0.56336510181427,0.5569460391998291,0.010416666666666666,0.010495016157316664,0.012629676920672258,0.5529484351476034,0.5528700856569534,0.5443163622791568,0.006164051592350006,0.5467060340646034
encoder.layers.8.self_attn.q_proj,768,dtd,sun397,8,48,coupling,37,0.6428912878036499,0.6513341069221497,0.010416666666666666,0.010802177983957032,0.0137366964481771,0.6324746211369833,0.6320891098196929,0.6375974104739726,0.006164051592350006,0.6259250582273429
encoder.layers.8.self_attn.q_proj,768,dtd,svhn,8,48,coupling,37,0.5291168093681335,0.530429482460022,0.010416666666666666,0.010368946784486374,0.01282691202747325,0.5187001427014669,0.5187478625836471,0.5176025704325488,0.006164051592350006,0.5125838109912971
encoder.layers.8.self_attn.q_proj,768,eurosat,gtsrb,8,48,coupling,37,0.5839700698852539,0.5844796895980835,0.010416666666666666,0.010821204399690032,0.01293098934305211,0.5735534032185873,0.5731488654855639,0.5715487002550314,0.006164051592350006,0.5669848138932139
encoder.layers.8.self_attn.q_proj,768,eurosat,mnist,8,48,coupling,37,0.5296624302864075,0.5367194414138794,0.010416666666666666,0.010940239143868288,0.01325905486010015,0.5192457636197408,0.5187221911425391,0.5234603865537792,0.006164051592350006,0.5125581395501891
encoder.layers.8.self_attn.q_proj,768,eurosat,resisc45,8,48,coupling,37,0.6663258671760559,0.6678845286369324,0.010416666666666666,0.010813460142041246,0.012664292007684708,0.6559092005093893,0.6555124070340147,0.6552202366292477,0.006164051592350006,0.6493483554416647
encoder.layers.8.self_attn.q_proj,768,eurosat,stanford-cars,8,48,coupling,37,0.5606051683425903,0.5627306699752808,0.010416666666666666,0.010641746882659694,0.012395863033210238,0.5501885016759237,0.5499634214599306,0.5503348069420705,0.006164051592350006,0.5437993698675806
encoder.layers.8.self_attn.q_proj,768,eurosat,sun397,8,48,coupling,37,0.6348721385002136,0.637527346611023,0.010416666666666666,0.01080512007077535,0.013120531182115277,0.624455471833547,0.6240670184294382,0.6244068154289076,0.006164051592350006,0.6179029668370882
encoder.layers.8.self_attn.q_proj,768,eurosat,svhn,8,48,coupling,37,0.5282793045043945,0.5279673933982849,0.010416666666666666,0.010233365076904496,0.011968533508479595,0.5178626378377279,0.51804593942749,0.5159988598898053,0.006164051592350006,0.51188188783514
encoder.layers.8.self_attn.q_proj,768,gtsrb,mnist,8,48,coupling,37,0.628969669342041,0.6336290836334229,0.010416666666666666,0.010809450022255382,0.012891157918299237,0.6185530026753744,0.6181602193197856,0.6207379257151237,0.006164051592350006,0.6119961677274356
encoder.layers.8.self_attn.q_proj,768,gtsrb,resisc45,8,48,coupling,37,0.6048382520675659,0.6091846227645874,0.010416666666666666,0.010769425891339779,0.01272646221332252,0.5944215854008993,0.5940688261762261,0.5964581605512649,0.006164051592350006,0.5879047745838761
encoder.layers.8.self_attn.q_proj,768,gtsrb,stanford-cars,8,48,coupling,37,0.6132718920707703,0.6139400601387024,0.010416666666666666,0.01117148440486441,0.013090925213570396,0.6028552254041036,0.6021004076659059,0.600849134925132,0.006164051592350006,0.5959363560735559
encoder.layers.8.self_attn.q_proj,768,gtsrb,sun397,8,48,coupling,37,0.6096325516700745,0.606232225894928,0.010416666666666666,0.010914955753833055,0.01308456032226483,0.5992158850034078,0.5987175959162414,0.5931476655726632,0.006164051592350006,0.5925535443238914
encoder.layers.8.self_attn.q_proj,768,gtsrb,svhn,8,48,coupling,37,0.5446908473968506,0.5452769994735718,0.010416666666666666,0.010249576104494432,0.012204981797064344,0.534274180730184,0.5344412712923562,0.5330720176765075,0.006164051592350006,0.5282772197000062
encoder.layers.8.self_attn.q_proj,768,mnist,resisc45,8,48,coupling,37,0.5842792987823486,0.592011570930481,0.010416666666666666,0.011011063431700071,0.013482776082431277,0.573862632115682,0.5732682353506485,0.5785287948480496,0.006164051592350006,0.5671041837582985
encoder.layers.8.self_attn.q_proj,768,mnist,stanford-cars,8,48,coupling,37,0.595841109752655,0.6015383005142212,0.010416666666666666,0.010852674177537361,0.012791324872523546,0.5854244430859884,0.5849884355751177,0.5887469756416976,0.006164051592350006,0.5788243839827677
encoder.layers.8.self_attn.q_proj,768,mnist,sun397,8,48,coupling,37,0.5761561393737793,0.5748157501220703,0.010416666666666666,0.01125035504810512,0.013125886907801032,0.5657394727071127,0.5649057843256742,0.5616898632142693,0.006164051592350006,0.5587417327333242
encoder.layers.8.self_attn.q_proj,768,mnist,svhn,8,48,coupling,37,0.5731877088546753,0.5780512094497681,0.010416666666666666,0.010651493833089868,0.012796342489309609,0.5627710421880087,0.5625362150215855,0.5652548669604585,0.006164051592350006,0.5563721634292355
encoder.layers.8.self_attn.q_proj,768,resisc45,stanford-cars,8,48,coupling,37,0.6068217158317566,0.6105591654777527,0.010416666666666666,0.010965045619135102,0.01301364911099275,0.59640504916509,0.5958566702126215,0.5975455163667599,0.006164051592350006,0.5896926186202714
encoder.layers.8.self_attn.q_proj,768,resisc45,sun397,8,48,coupling,37,0.6180737614631653,0.617992103099823,0.010416666666666666,0.010452775051817298,0.013168659526854753,0.6076570947964987,0.607620986411348,0.6048234435729682,0.006164051592350006,0.601456934818998
encoder.layers.8.self_attn.q_proj,768,resisc45,svhn,8,48,coupling,37,0.5742507576942444,0.5779907703399658,0.010416666666666666,0.010681146096127728,0.01250473530186961,0.5638340910275778,0.5635696115981167,0.5654860350380962,0.006164051592350006,0.5574055600057667
encoder.layers.8.self_attn.q_proj,768,stanford-cars,sun397,8,48,coupling,37,0.6179190874099731,0.6195089221000671,0.010416666666666666,0.010174034202160934,0.012264382326975465,0.6075024207433065,0.6077450532078122,0.6072445397730917,0.006164051592350006,0.6015810016154622
encoder.layers.8.self_attn.q_proj,768,stanford-cars,svhn,8,48,coupling,37,0.577102780342102,0.5787432193756104,0.010416666666666666,0.010387636759939292,0.012913533796866735,0.5666861136754354,0.5667151435821628,0.5658296855787436,0.006164051592350006,0.5605510919898128
encoder.layers.8.self_attn.q_proj,768,sun397,svhn,8,48,coupling,37,0.4950437843799591,0.5010630488395691,0.010416666666666666,0.009871928603388369,0.011682211654260755,0.4846271177132924,0.48517185577657074,0.48938083718530834,0.006164051592350006,0.47900780418422073
encoder.layers.8.self_attn.v_proj,768,dtd,eurosat,8,48,coupling,37,0.5955126285552979,0.5984623432159424,0.010416666666666666,0.010352167068049312,0.011951697990298271,0.5850959618886312,0.5851604614872485,0.5865106452256441,0.010230578482151031,0.5749298830050975
encoder.layers.8.self_attn.v_proj,768,dtd,gtsrb,8,48,coupling,37,0.5555984973907471,0.5571274161338806,0.010416666666666666,0.01124316748852531,0.012312269769608974,0.5451818307240804,0.5443553299022218,0.5448151463642716,0.010230578482151031,0.5341247514200708
encoder.layers.8.self_attn.v_proj,768,dtd,mnist,8,48,coupling,37,0.5782749652862549,0.5934305787086487,0.010416666666666666,0.0111061567440629,0.012745578695709506,0.5678582986195883,0.567168808542192,0.5806850000129392,0.010230578482151031,0.556938230060041
encoder.layers.8.self_attn.v_proj,768,dtd,resisc45,8,48,coupling,37,0.5565000772476196,0.5655324459075928,0.010416666666666666,0.009784158202819526,0.011555231176316738,0.546083410580953,0.5467159190448001,0.553977214731276,0.010230578482151031,0.5364853405626491
encoder.layers.8.self_attn.v_proj,768,dtd,stanford-cars,8,48,coupling,37,0.5763096809387207,0.5799069404602051,0.010416666666666666,0.010577711587150892,0.012477549103399118,0.5658930142720541,0.5657319693515698,0.5674293913568059,0.010230578482151031,0.5555013908694187
encoder.layers.8.self_attn.v_proj,768,dtd,sun397,8,48,coupling,37,0.5251997709274292,0.5286939740180969,0.010416666666666666,0.011169045542677244,0.013291528526072701,0.5147831042607626,0.5140307253847519,0.5154024454920242,0.010230578482151031,0.5038001469026009
encoder.layers.8.self_attn.v_proj,768,dtd,svhn,8,48,coupling,37,0.6019529700279236,0.5975779294967651,0.010416666666666666,0.011154364794492722,0.012411356748392185,0.591536303361257,0.5907986052334309,0.5851665727483729,0.010230578482151031,0.5805680267512798
encoder.layers.8.self_attn.v_proj,768,eurosat,gtsrb,8,48,coupling,37,0.5825005769729614,0.5854491591453552,0.010416666666666666,0.010437161506464085,0.011700078224142393,0.5720839103062948,0.5720634154664973,0.5737490809212128,0.010230578482151031,0.5618328369843463
encoder.layers.8.self_attn.v_proj,768,eurosat,mnist,8,48,coupling,37,0.6146445870399475,0.612212598323822,0.010416666666666666,0.010579439190526804,0.011653994559310377,0.6042279203732809,0.6040651478494207,0.6005586037645116,0.010230578482151031,0.5938345693672696
encoder.layers.8.self_attn.v_proj,768,eurosat,resisc45,8,48,coupling,37,0.6759226322174072,0.674462080001831,0.010416666666666666,0.010915423432985941,0.012161588141073784,0.6655059655507406,0.6650072087844213,0.6623004918607572,0.010230578482151031,0.6547766303022703
encoder.layers.8.self_attn.v_proj,768,eurosat,stanford-cars,8,48,coupling,37,0.6057653427124023,0.6091520190238953,0.010416666666666666,0.011520228891943892,0.013433753668020168,0.5953486760457357,0.5942451138204584,0.5957182653558751,0.010230578482151031,0.5840145353383074
encoder.layers.8.self_attn.v_proj,768,eurosat,sun397,8,48,coupling,37,0.5760379433631897,0.5811501741409302,0.010416666666666666,0.01038501225411892,0.01169154152739793,0.5656212766965231,0.5656529311090708,0.5694586326135322,0.010230578482151031,0.5554223526269197
encoder.layers.8.self_attn.v_proj,768,eurosat,svhn,8,48,coupling,37,0.5774857997894287,0.5760645270347595,0.010416666666666666,0.010953889461234212,0.012282784252117077,0.5670691331227621,0.5665319103281945,0.5637817427826425,0.010230578482151031,0.5563013318460435
encoder.layers.8.self_attn.v_proj,768,gtsrb,mnist,8,48,coupling,37,0.6742634177207947,0.6744951009750366,0.010416666666666666,0.010112628418331346,0.011026571271941066,0.663846751054128,0.6641507893024633,0.6634685297030956,0.010230578482151031,0.6539202108203123
encoder.layers.8.self_attn.v_proj,768,gtsrb,resisc45,8,48,coupling,37,0.5591355562210083,0.5624278783798218,0.010416666666666666,0.01057345870261391,0.011903925488392511,0.5487188895543417,0.5485620975183944,0.5505239528914293,0.010230578482151031,0.5383315190362433
encoder.layers.8.self_attn.v_proj,768,gtsrb,stanford-cars,8,48,coupling,37,0.48990869522094727,0.49089765548706055,0.010416666666666666,0.010817657923325896,0.011977425310760736,0.4794920285542806,0.47909103729762137,0.4789202301762998,0.010230578482151031,0.46886045881547034
encoder.layers.8.self_attn.v_proj,768,gtsrb,sun397,8,48,coupling,37,0.5970697402954102,0.6004345417022705,0.010416666666666666,0.0106624203423659,0.012619032912577191,0.5866530736287435,0.5864073199530443,0.5878155087896934,0.010230578482151031,0.5761767414708933
encoder.layers.8.self_attn.v_proj,768,gtsrb,svhn,8,48,coupling,37,0.6241125464439392,0.6253851056098938,0.010416666666666666,0.010178928341095647,0.011402496059114734,0.6136958797772726,0.6139336181028435,0.6139826095507791,0.010230578482151031,0.6037030396206925
encoder.layers.8.self_attn.v_proj,768,mnist,resisc45,8,48,coupling,37,0.5295313596725464,0.532357394695282,0.010416666666666666,0.011487618554383516,0.012966087631260356,0.5191146930058798,0.5180437411181629,0.5193913070640216,0.010230578482151031,0.5078131626360118
encoder.layers.8.self_attn.v_proj,768,mnist,stanford-cars,8,48,coupling,37,0.5769726037979126,0.565859317779541,0.010416666666666666,0.011161661318813762,0.01236183219589293,0.566555937131246,0.5658109424790988,0.5534974855836481,0.010230578482151031,0.5555803639969478
encoder.layers.8.self_attn.v_proj,768,mnist,sun397,8,48,coupling,37,0.5506490468978882,0.5520246028900146,0.010416666666666666,0.009834004876514276,0.011414980826278528,0.5402323802312216,0.5408150420213739,0.5406096220637361,0.010230578482151031,0.5305844635392228
encoder.layers.8.self_attn.v_proj,768,mnist,svhn,8,48,coupling,37,0.7135763764381409,0.7015787959098816,0.010416666666666666,0.010344509617425501,0.011697670134405294,0.7031597097714742,0.7032318668207154,0.6898811257754763,0.010230578482151031,0.6930012883385643
encoder.layers.8.self_attn.v_proj,768,resisc45,stanford-cars,8,48,coupling,37,0.5823886394500732,0.5880069732666016,0.010416666666666666,0.011791161261498928,0.013800958714758357,0.5719719727834066,0.5705974781885743,0.5742060145518432,0.010230578482151031,0.5603668997064233
encoder.layers.8.self_attn.v_proj,768,resisc45,sun397,8,48,coupling,37,0.6345465183258057,0.6384262442588806,0.010416666666666666,0.01161037152633071,0.013305368522802988,0.624129851659139,0.622936146799475,0.6251208757360777,0.010230578482151031,0.6127055683173239
encoder.layers.8.self_attn.v_proj,768,resisc45,svhn,8,48,coupling,37,0.5422477722167969,0.546525239944458,0.010416666666666666,0.010594346250096956,0.011784366409604749,0.5318311055501302,0.5316534259667,0.5347408735348532,0.010230578482151031,0.5214228474845489
encoder.layers.8.self_attn.v_proj,768,stanford-cars,sun397,8,48,coupling,37,0.6166749000549316,0.6164649128913879,0.010416666666666666,0.010587891175722083,0.012184690373639265,0.606258233388265,0.6060870088792095,0.6042802225177487,0.010230578482151031,0.5958564303970585
encoder.layers.8.self_attn.v_proj,768,stanford-cars,svhn,8,48,coupling,37,0.4923109710216522,0.49143725633621216,0.010416666666666666,0.010069686376179257,0.010910107598950466,0.48189430435498554,0.48224128464547295,0.4805271487372617,0.010230578482151031,0.4720107061633219
encoder.layers.8.self_attn.v_proj,768,sun397,svhn,8,48,coupling,37,0.5766275525093079,0.5754814743995667,0.010416666666666666,0.010570489413415393,0.01211695970656971,0.5662108858426412,0.5660570630958924,0.563364514692997,0.010230578482151031,0.5558264846137414
encoder.layers.9.self_attn.q_proj,768,dtd,eurosat,8,35,coupling,34,0.6625887751579285,0.6638264060020447,0.010416666666666666,0.01111784476476411,0.012175356348355612,0.6521721084912618,0.6514709303931644,0.651651049653689,0.00826321542263031,0.6432077149705341
encoder.layers.9.self_attn.q_proj,768,dtd,gtsrb,8,35,coupling,34,0.6591840386390686,0.6419733762741089,0.010416666666666666,0.010938632651232183,0.012780891226915022,0.648767371972402,0.6482454059878364,0.6291924850471938,0.00826321542263031,0.6399821905652061
encoder.layers.9.self_attn.q_proj,768,dtd,mnist,8,35,coupling,34,0.5910747647285461,0.5891677737236023,0.010416666666666666,0.01118798297829926,0.012823508897175392,0.5806580980618795,0.5798867817502469,0.5763442648264269,0.00826321542263031,0.5716235663276166
encoder.layers.9.self_attn.q_proj,768,dtd,resisc45,8,35,coupling,34,0.6596856713294983,0.6568437218666077,0.010416666666666666,0.011352551790575186,0.012703815940767527,0.6492690046628317,0.6483331195389231,0.6441399059258401,0.00826321542263031,0.6400699041162928
encoder.layers.9.self_attn.q_proj,768,dtd,stanford-cars,8,35,coupling,34,0.6342710852622986,0.6362367272377014,0.010416666666666666,0.010730778876071176,0.011995204957202077,0.623854418595632,0.6235403063862274,0.6242415222804993,0.00826321542263031,0.6152770909635971
encoder.layers.9.self_attn.q_proj,768,dtd,sun397,8,35,coupling,34,0.6220380663871765,0.6229023337364197,0.010416666666666666,0.009949475604419908,0.011769866803660989,0.6116213997205099,0.6120885907827566,0.6111324669327587,0.00826321542263031,0.6038253753601263
encoder.layers.9.self_attn.q_proj,768,dtd,svhn,8,35,coupling,34,0.5916122794151306,0.5957460999488831,0.010416666666666666,0.010808241281968852,0.012503482168540359,0.581195612748464,0.5808040381331617,0.5832426177803427,0.00826321542263031,0.5725408227105314
encoder.layers.9.self_attn.q_proj,768,eurosat,gtsrb,8,35,coupling,34,0.6353233456611633,0.605998694896698,0.010416666666666666,0.01022141690676411,0.012400634431590637,0.6249066789944967,0.6251019287543992,0.5935980604651073,0.00826321542263031,0.6168387133317689
encoder.layers.9.self_attn.q_proj,768,eurosat,mnist,8,35,coupling,34,0.5434095859527588,0.5406495928764343,0.010416666666666666,0.0108526642434299,0.011886313635235032,0.5329929192860922,0.5325569217093289,0.5287632792411993,0.00826321542263031,0.5242937062866986
encoder.layers.9.self_attn.q_proj,768,eurosat,resisc45,8,35,coupling,34,0.7027576565742493,0.7024698853492737,0.010416666666666666,0.01115959556773305,0.012231584948798021,0.6923409899075826,0.6915980610065162,0.6902383004004756,0.00826321542263031,0.6833348455838859
encoder.layers.9.self_attn.q_proj,768,eurosat,stanford-cars,8,35,coupling,34,0.5887325406074524,0.5884389281272888,0.010416666666666666,0.010590465040877461,0.01143734809011221,0.5783158739407858,0.5781420755665749,0.5770015800371766,0.00826321542263031,0.5698788601439446
encoder.layers.9.self_attn.q_proj,768,eurosat,sun397,8,35,coupling,34,0.5977261066436768,0.5964107513427734,0.010416666666666666,0.010323106156041225,0.01159800251480192,0.5873094399770101,0.5874030004876355,0.5848127488279715,0.00826321542263031,0.5791397850650052
encoder.layers.9.self_attn.q_proj,768,eurosat,svhn,8,35,coupling,34,0.5491460561752319,0.5496697425842285,0.010416666666666666,0.01129544417684277,0.012437739409506321,0.5387293895085653,0.5378506119983891,0.5372320031747222,0.00826321542263031,0.5295873965757588
encoder.layers.9.self_attn.q_proj,768,gtsrb,mnist,8,35,coupling,34,0.5358851552009583,0.5307407379150391,0.010416666666666666,0.010415486215303341,0.012105710959682861,0.5254684885342916,0.525469668985655,0.5186350269553562,0.00826321542263031,0.5172064535630246
encoder.layers.9.self_attn.q_proj,768,gtsrb,resisc45,8,35,coupling,34,0.6740227937698364,0.644959032535553,0.010416666666666666,0.011839831868807474,0.013063624656448761,0.6636061271031698,0.662182961901029,0.6318954078791043,0.00826321542263031,0.6539197464783987
encoder.layers.9.self_attn.q_proj,768,gtsrb,stanford-cars,8,35,coupling,34,0.6309779286384583,0.6499832272529602,0.010416666666666666,0.011228399506459633,0.012894705714037022,0.6205612619717916,0.6197495291319987,0.6370885215389231,0.00826321542263031,0.6114863137093683
encoder.layers.9.self_attn.q_proj,768,gtsrb,sun397,8,35,coupling,34,0.6030542850494385,0.6400508880615234,0.010416666666666666,0.010964948373536268,0.012807418049002687,0.5926376183827718,0.5920893366759022,0.6272434700125208,0.00826321542263031,0.5838261212532719
encoder.layers.9.self_attn.q_proj,768,gtsrb,svhn,8,35,coupling,34,0.6642387509346008,0.6475875377655029,0.010416666666666666,0.010024642183755835,0.010956448347618183,0.6538220842679342,0.654214108750845,0.6366310894178847,0.00826321542263031,0.6459508933282146
encoder.layers.9.self_attn.q_proj,768,mnist,resisc45,8,35,coupling,34,0.557134211063385,0.5589784979820251,0.010416666666666666,0.010734968430673083,0.01152863702736795,0.5467175443967184,0.5463992426327119,0.5474498609546572,0.00826321542263031,0.5381360272100816
encoder.layers.9.self_attn.q_proj,768,mnist,stanford-cars,8,35,coupling,34,0.5530185699462891,0.5529271364212036,0.010416666666666666,0.010915413848124444,0.012106301728636026,0.5426019032796224,0.5421031560981646,0.5408208346925676,0.00826321542263031,0.5338399406755343
encoder.layers.9.self_attn.q_proj,768,mnist,sun397,8,35,coupling,34,0.5258234739303589,0.5270420908927917,0.010416666666666666,0.011241068403857449,0.012450789489472905,0.5154068072636923,0.5145824055265015,0.5145913014033189,0.00826321542263031,0.5063191901038712
encoder.layers.9.self_attn.q_proj,768,mnist,svhn,8,35,coupling,34,0.6421144008636475,0.6425959467887878,0.010416666666666666,0.010178734509584805,0.011408848144734899,0.6316977341969808,0.6319356663540626,0.631187098644053,0.00826321542263031,0.6236724509314323
encoder.layers.9.self_attn.q_proj,768,resisc45,stanford-cars,8,35,coupling,34,0.664656937122345,0.6683290600776672,0.010416666666666666,0.010957198916003108,0.011955279352453848,0.6542402704556783,0.6536997382063419,0.6563737807252134,0.00826321542263031,0.6454365227837116
encoder.layers.9.self_attn.q_proj,768,resisc45,sun397,8,35,coupling,34,0.6215885281562805,0.6233655214309692,0.010416666666666666,0.009469211683608592,0.010559078073129058,0.6111718614896139,0.6121193164726719,0.6128064433578402,0.00826321542263031,0.6038561010500416
encoder.layers.9.self_attn.q_proj,768,resisc45,svhn,8,35,coupling,34,0.5518968105316162,0.5581066608428955,0.010416666666666666,0.010505506846432885,0.011456359022607407,0.5414801438649496,0.5413913036851833,0.5466503018202881,0.00826321542263031,0.533128088262553
encoder.layers.9.self_attn.q_proj,768,stanford-cars,sun397,8,35,coupling,34,0.6333401799201965,0.6250906586647034,0.010416666666666666,0.010838354704901576,0.012314034082616368,0.6229235132535299,0.622501825215295,0.612776624582087,0.00826321542263031,0.6142386097926646
encoder.layers.9.self_attn.q_proj,768,stanford-cars,svhn,8,35,coupling,34,0.5397557020187378,0.5365174412727356,0.010416666666666666,0.010322375184235474,0.011773323640227318,0.5293390353520712,0.5294333268345023,0.5247441176325083,0.00826321542263031,0.521170111411872
encoder.layers.9.self_attn.q_proj,768,sun397,svhn,8,35,coupling,34,0.5214990377426147,0.5240638852119446,0.010416666666666666,0.010609261536349853,0.011696947117646536,0.5110823710759481,0.5108897762062649,0.512366938094298,0.00826321542263031,0.5026265607836345
encoder.layers.9.self_attn.v_proj,768,dtd,eurosat,8,35,coupling,34,0.7125179171562195,0.7098835706710815,0.010416666666666666,0.011752777500078082,0.013155164817969004,0.7021012504895529,0.7007651396561414,0.6967284058531126,-0.00154084712266922,0.7023059867788106
encoder.layers.9.self_attn.v_proj,768,dtd,gtsrb,8,35,coupling,34,0.6908223628997803,0.6910645365715027,0.010416666666666666,0.010400324206178388,0.0115745699343582,0.6804056962331136,0.6804220386936018,0.6794899666371444,-0.00154084712266922,0.6819628858162711
encoder.layers.9.self_attn.v_proj,768,dtd,mnist,8,35,coupling,34,0.7141173481941223,0.7149612903594971,0.010416666666666666,0.010568510818605622,0.011778104895104965,0.7037006815274557,0.7035488373755167,0.7031831854643921,-0.00154084712266922,0.7050896844981859
encoder.layers.9.self_attn.v_proj,768,dtd,resisc45,8,35,coupling,34,0.6304305791854858,0.6355366706848145,0.010416666666666666,0.011145271360874176,0.01237208116799593,0.6200139125188192,0.6192853078246117,0.6231645895168185,-0.00154084712266922,0.6208261549472809
encoder.layers.9.self_attn.v_proj,768,dtd,stanford-cars,8,35,coupling,34,0.6170732975006104,0.6107494831085205,0.010416666666666666,0.011934719746932387,0.013379019917920232,0.6066566308339437,0.605138577753678,0.5973704631906003,-0.00154084712266922,0.6066794248763472
encoder.layers.9.self_attn.v_proj,768,dtd,sun397,8,35,coupling,34,0.6941705346107483,0.694023072719574,0.010416666666666666,0.01127203080492715,0.012691331872095665,0.6837538679440817,0.6828985038058212,0.6813317408474783,-0.00154084712266922,0.6844393509284904
encoder.layers.9.self_attn.v_proj,768,dtd,svhn,8,35,coupling,34,0.709053099155426,0.7056027054786682,0.010416666666666666,0.010938023837904135,0.012717839252824584,0.6986364324887594,0.6981150753175219,0.6928848662258437,-0.00154084712266922,0.6996559224401911
encoder.layers.9.self_attn.v_proj,768,eurosat,gtsrb,8,35,coupling,34,0.6696670651435852,0.6709373593330383,0.010416666666666666,0.010253349862371882,0.01216894124324123,0.6592503984769186,0.6594137152812133,0.6587684180897971,-0.00154084712266922,0.6609545624038825
encoder.layers.9.self_attn.v_proj,768,eurosat,mnist,8,35,coupling,34,0.6938977837562561,0.6930201053619385,0.010416666666666666,0.009322452126070857,0.010920040464649597,0.6834811170895895,0.6845753316301852,0.6821000648972889,-0.00154084712266922,0.6861161787528545
encoder.layers.9.self_attn.v_proj,768,eurosat,resisc45,8,35,coupling,34,0.7760273218154907,0.7764784693717957,0.010416666666666666,0.010763122700154781,0.01188276195898652,0.7656106551488241,0.7652641991153359,0.7645957074128091,-0.00154084712266922,0.7668050462380052
encoder.layers.9.self_attn.v_proj,768,eurosat,stanford-cars,8,35,coupling,34,0.6516175866127014,0.6504551768302917,0.010416666666666666,0.01084566698409617,0.012098462243253985,0.6412009199460348,0.6407719196286052,0.6383567145870378,-0.00154084712266922,0.6423127667512745
encoder.layers.9.self_attn.v_proj,768,eurosat,sun397,8,35,coupling,34,0.6154890060424805,0.6186326742172241,0.010416666666666666,0.01092193271809568,0.012212140718474984,0.6050723393758138,0.6045670733243848,0.6064205334987491,-0.00154084712266922,0.606107920447054
encoder.layers.9.self_attn.v_proj,768,eurosat,svhn,8,35,coupling,34,0.6052249073982239,0.6063133478164673,0.010416666666666666,0.010295563493855298,0.011265478523758551,0.5948082407315572,0.5949293439043686,0.5950478692927087,-0.00154084712266922,0.5964701910270378
encoder.layers.9.self_attn.v_proj,768,gtsrb,mnist,8,35,coupling,34,0.7495443224906921,0.7480989694595337,0.010416666666666666,0.010638782288879156,0.01201977557502687,0.7391276558240255,0.738905540201813,0.7360791938845068,-0.00154084712266922,0.7404463873244822
encoder.layers.9.self_attn.v_proj,768,gtsrb,resisc45,8,35,coupling,34,0.695094645023346,0.6980048418045044,0.010416666666666666,0.010993337413916985,0.012787997567405304,0.6846779783566793,0.684101307609429,0.685216844237099,-0.00154084712266922,0.6856421547320982
encoder.layers.9.self_attn.v_proj,768,gtsrb,stanford-cars,8,35,coupling,34,0.5698865056037903,0.5774632692337036,0.010416666666666666,0.011203696796049675,0.012954500348617634,0.5594698389371237,0.5586828088077406,0.5645087688850859,-0.00154084712266922,0.5602236559304098
encoder.layers.9.self_attn.v_proj,768,gtsrb,sun397,8,35,coupling,34,0.6674474477767944,0.6720471978187561,0.010416666666666666,0.010218591118852297,0.01182633211525778,0.6570307811101278,0.6572288566579422,0.6602208657034984,-0.00154084712266922,0.6587697037806114
encoder.layers.9.self_attn.v_proj,768,gtsrb,svhn,8,35,coupling,34,0.7390385866165161,0.7381285429000854,0.010416666666666666,0.01002602931112051,0.011653975506002704,0.7286219199498495,0.7290125573053956,0.7264745673940828,-0.00154084712266922,0.7305534044280648
encoder.layers.9.self_attn.v_proj,768,mnist,resisc45,8,35,coupling,34,0.6833299994468689,0.6818479895591736,0.010416666666666666,0.010682135509947935,0.012030640617012978,0.6729133327802023,0.672647863936921,0.6698173489421606,-0.00154084712266922,0.6741887110595902
encoder.layers.9.self_attn.v_proj,768,mnist,stanford-cars,8,35,coupling,34,0.584461510181427,0.5827924013137817,0.010416666666666666,0.010940427038197717,0.011828576292221745,0.5740448435147604,0.5735210831432292,0.57096382502156,-0.00154084712266922,0.5750619302658985
encoder.layers.9.self_attn.v_proj,768,mnist,sun397,8,35,coupling,34,0.6762465238571167,0.6777786016464233,0.010416666666666666,0.010362247237935662,0.012044176536922654,0.6658298571904501,0.665884276619181,0.6657344251095006,-0.00154084712266922,0.6674251237418503
encoder.layers.9.self_attn.v_proj,768,mnist,svhn,8,35,coupling,34,0.7958546876907349,0.7973065376281738,0.010416666666666666,0.010472598873699704,0.01160857694533964,0.7854380210240682,0.7853820888170352,0.7856979606828342,-0.00154084712266922,0.7869229359397044
encoder.layers.9.self_attn.v_proj,768,resisc45,stanford-cars,8,35,coupling,34,0.5611633062362671,0.5657898783683777,0.010416666666666666,0.011329717468470335,0.013208500032002727,0.5507466395696005,0.5498335887677968,0.552581378336375,-0.00154084712266922,0.551374435890466
encoder.layers.9.self_attn.v_proj,768,resisc45,sun397,8,35,coupling,34,0.6601988673210144,0.6650858521461487,0.010416666666666666,0.010345304772878686,0.012012662443642816,0.6497822006543478,0.6498535625481358,0.6530731897025058,-0.00154084712266922,0.651394409670805
encoder.layers.9.self_attn.v_proj,768,resisc45,svhn,8,35,coupling,34,0.6168763637542725,0.6203076839447021,0.010416666666666666,0.010454167805922529,0.011753995126734177,0.6064596970876058,0.6064221959483499,0.608553688817968,-0.00154084712266922,0.6079630430710191
encoder.layers.9.self_attn.v_proj,768,stanford-cars,sun397,8,35,coupling,34,0.6522296667098999,0.6541948318481445,0.010416666666666666,0.010338825018455585,0.012203846980507175,0.6418130000432333,0.6418908416914443,0.6419909848676374,-0.00154084712266922,0.6434316888141135
encoder.layers.9.self_attn.v_proj,768,stanford-cars,svhn,8,35,coupling,34,0.6331247091293335,0.6326354742050171,0.010416666666666666,0.0103069928009063,0.011724335063869754,0.6227080424626669,0.6228177163284272,0.6209111391411474,-0.00154084712266922,0.6243585634510964
encoder.layers.9.self_attn.v_proj,768,sun397,svhn,8,35,coupling,34,0.6200758218765259,0.6184394359588623,0.010416666666666666,0.010541448602452874,0.011654397589154541,0.6096591552098592,0.609534373274073,0.6067850383697078,-0.00154084712266922,0.6110752203967422
